text,label,persona_id,talk_id,profile_id,z_0,z_1,z_2,z_3,z_4,z_5,z_6,z_7,z_8,z_9,z_10,z_11,z_12,z_13,z_14,z_15,z_16,z_17,z_18,z_19,z_20,z_21,z_22,z_23,z_24,z_25,z_26,z_27,z_28,z_29,z_30,z_31,z_32,z_33,z_34,z_35,z_36,z_37,z_38,z_39,z_40,z_41,z_42,z_43,z_44,z_45,z_46,z_47,z_48,z_49,z_50,z_51,z_52,z_53,z_54,z_55,z_56,z_57,z_58,z_59,z_60,z_61,z_62,z_63,dopamine,serotonin,norepinephrine,melatonin
일은 왜 해도 해도 끝이 없을까? 화가 난다. [SEP] 많이 힘드시겠어요. 주위에 의논할 상대가 있나요? [SEP] 그냥 내가 해결하는 게 나아. 남들한테 부담 주고 싶지도 않고. [SEP] 혼자 해결하기로 했군요. 혼자서 해결하기 힘들면 주위에 의논할 사람을 찾아보세요.,E18,Pro_05349,Pro_05349_00053,Pro_05349,-0.014949024,-0.24122152,-0.29370484,-0.29226413,0.17159705,0.0747408,-0.2187005,-0.053146895,0.046831436,0.29310665,0.015334879,-0.20262508,-0.15164149,-0.071023025,-0.12707877,0.017199593,-0.12559897,-0.30165392,-0.25678712,0.11806003,-0.030146949,-0.0010505017,-0.1069301,-0.19751501,-0.17521793,-0.11135623,-0.37698698,0.19128016,-0.29520655,0.28409404,-0.29706657,-0.04728768,-0.24227227,-0.05132126,0.08936766,0.4103175,0.10821983,0.06338456,-0.19132876,0.0114774285,-0.27599454,0.30001283,-0.12985219,-0.050625436,-0.114343755,-0.022506313,0.097322725,-0.123955846,0.0550601,-0.11199561,-0.59677494,0.14316168,0.25450325,-0.4187175,-0.19779985,-0.07530181,0.1613164,-0.18578327,0.3056037,0.021911725,-0.026053712,0.22836156,0.15848528,0.14165437,0.2241831,0.2541058,0.55638385,0.40478548
이번 달에 또 급여가 깎였어! 물가는 오르는데 월급만 자꾸 깎이니까 너무 화가 나. [SEP] 급여가 줄어 속상하시겠어요. 월급이 줄어든 것을 어떻게 보완하실 건가요? [SEP] 최대한 지출을 억제해야겠어. 월급이 줄어들었으니 고정지출을 줄일 수밖에 없을 것 같아. [SEP] 월급이 줄어든 만큼 소비를 줄일 계획이군요.,E18,Pro_05349,Pro_05349_00049,Pro_05349,-0.015843663,-0.24445184,-0.2826126,-0.31567097,0.17309387,0.077093005,-0.17363855,-0.032220237,0.049045198,0.27411535,0.04029609,-0.17058843,-0.11476426,-0.098552406,-0.13981687,0.01444725,-0.111912236,-0.26590222,-0.20977446,0.13308331,0.0053207036,0.01599524,-0.08808393,-0.14314449,-0.1578675,-0.1089481,-0.33383882,0.18755738,-0.27295843,0.23640387,-0.30988666,-0.06086166,-0.21179497,0.0005213832,0.070323594,0.3718548,0.07134721,0.09420356,-0.15370078,0.01747332,-0.2439746,0.25669,-0.11122129,-0.06643919,-0.09201023,-0.017712468,0.06542982,-0.103545286,0.080728665,-0.09834585,-0.5450691,0.11850331,0.2546857,-0.40473118,-0.12645684,-0.010862664,0.14249183,-0.18603091,0.27791217,0.021889815,-0.027527874,0.2552866,0.16352619,0.13100521,0.1428024,0.24988022,0.5270958,0.34554374
회사에 신입이 들어왔는데 말투가 거슬려. 그런 애를 매일 봐야 한다고 생각하니까 스트레스 받아. [SEP] 회사 동료 때문에 스트레스를 많이 받는 것 같아요. 문제 해결을 위해 어떤 노력을 하면 좋을까요? [SEP] 잘 안 맞는 사람이랑 억지로 잘 지내는 것보단 조금은 거리를 두고 예의를 갖춰서 대하는 게 덜 스트레스받을 것 같아. [SEP] 스트레스받지 않기 위해선 인간관계에 있어 약간의 거리를 두는 게 좋겠군요.,E18,Pro_05349,Pro_05349_00077,Pro_05349,-0.047761068,-0.23768266,-0.27734354,-0.2642488,0.13817486,0.09615172,-0.17708711,-0.05784515,0.04462038,0.26620477,0.022604443,-0.1956955,-0.11816694,-0.06960449,-0.1007633,0.05180502,-0.09929087,-0.28721136,-0.22284286,0.07862302,-0.041641332,0.022413375,-0.08212939,-0.17513455,-0.13990532,-0.10725544,-0.36001208,0.1879588,-0.27086252,0.25969818,-0.2903797,-0.072873816,-0.23622076,-0.07518088,0.08178863,0.37188816,0.07689293,0.09145679,-0.161672,-0.0021807516,-0.23512858,0.25788084,-0.13832124,-0.07440204,-0.09319648,-0.042859685,0.10332008,-0.10688377,0.056306053,-0.11432051,-0.5438212,0.12500046,0.20703559,-0.3620133,-0.14959887,-0.06061119,0.095597096,-0.17851001,0.29136297,0.035814997,-0.017770354,0.19936424,0.16343662,0.13257685,0.21144928,0.28398,0.49614203,0.3325315
직장에서 막내라는 이유로 나에게만 온갖 심부름을 시켜. 일도 많은 데 정말 분하고 섭섭해. [SEP] 관련 없는 심부름을 모두 하게 되어서 노여우시군요. 어떤 것이 상황을 나아질 수 있게 도움을 줄까요? [SEP] 직장 사람들과 솔직하게 이야기해보고 싶어. 일하는 데에 방해된다고. [SEP] 직장 사람들과 이야기를 해 보겠다고 결심하셨군요.,E18,Pro_05349,Pro_05349_00064,Pro_05349,-0.048838314,-0.2057536,-0.27643257,-0.28320825,0.13921945,0.07792456,-0.14550564,-0.03706155,0.038146537,0.2595126,0.038863134,-0.16671953,-0.10862363,-0.069913544,-0.09554579,0.025558388,-0.075667724,-0.2593427,-0.20748582,0.09566815,-0.03240398,0.035518065,-0.0868842,-0.12152986,-0.10497208,-0.07855435,-0.34276322,0.20319395,-0.23918478,0.22644073,-0.27457315,-0.078050196,-0.2133372,-0.052824147,0.07819668,0.3633483,0.044788048,0.09202619,-0.15507802,0.010260236,-0.22937919,0.23812596,-0.13176906,-0.09367118,-0.09694157,-0.045362245,0.09389229,-0.08929337,0.049750168,-0.10745276,-0.52341634,0.13757245,0.22025806,-0.3480334,-0.10481849,-0.04810057,0.09742626,-0.18540283,0.26655835,0.02218791,-0.0036764015,0.20326817,0.1603096,0.14059244,0.1634716,0.2906953,0.46077317,0.33598408
얼마 전 입사한 신입사원이 나를 무시하는 것 같아서 너무 화가 나. [SEP] 무시하는 것 같은 태도에 화가 나셨군요. 상대방의 어떤 행동이 그런 감정을 유발하는 것일까요? [SEP] 상사인 나에게 먼저 인사하지 않아서 매일 내가 먼저 인사한다고! [SEP] 항상 먼저 인사하게 되어 화가 나셨군요. 어떻게 하면 신입사원에게 화났음을 표현할 수 있을까요?,E18,Pro_05349,Pro_05349_00039,Pro_05349,0.8707407,1.0,1.0,1.0,1.0,0.99999994,-0.99804014,-0.99950045,-0.9364278,-0.9976074,0.99999994,-0.9965087,1.0,-0.9986782,0.99999994,1.0,-1.0,0.7049577,1.0,0.9109187,0.9997255,-0.7936401,-0.9999435,-1.0,0.99992985,-1.0,0.9351241,0.99999994,0.89800763,-1.0,-1.0,1.0,-0.99999994,0.9857714,-1.0,1.0,1.0,1.0,0.98991114,0.99912,-0.84935963,-0.94387704,-0.99213266,0.999526,0.99999976,-0.9999959,0.9925402,-0.973307,1.0,0.45585358,0.94931966,0.99991107,0.99099225,0.9999958,-0.99999994,-0.9999898,0.8003816,1.0,-0.9999995,-1.0,-0.99999994,-1.0,-0.9330459,1.0,0.11991418,0.1705963,0.68747085,0.38500232
직장에 다니고 있지만 시간만 버리는 거 같아. 진지하게 진로에 대한 고민이 생겨. [SEP] 진로에 대해서 고민하고 계시는군요. 어떤 점이 고민인가요? [SEP] 직장 상사한테 자주 지적을 받아. 그럴 때마다 이 업무는 나랑 맞지 않는 거 같이 느껴져. [SEP] 업무가 나와 맞지 않아 시간을 버리는 것 같이 느껴지셨군요.,E18,Pro_05349,Pro_05349_00062,Pro_05349,-0.046006586,-0.21086898,-0.27724093,-0.28138208,0.14112926,0.07898404,-0.15318479,-0.040010188,0.03929597,0.26160964,0.035213657,-0.17161976,-0.11197352,-0.070394665,-0.098490976,0.027212046,-0.08114156,-0.26394624,-0.21170458,0.095841765,-0.032728728,0.031601783,-0.087703474,-0.1315478,-0.1134072,-0.083802216,-0.3455156,0.20006737,-0.24573039,0.23301658,-0.27714178,-0.07485096,-0.21665765,-0.05410597,0.0788535,0.36630788,0.052417617,0.09007975,-0.15742743,0.009389073,-0.23189327,0.24375692,-0.13146177,-0.088108666,-0.09754854,-0.043181334,0.09426413,-0.09307549,0.05086925,-0.1078942,-0.5291708,0.13619259,0.22089073,-0.35386765,-0.115181044,-0.050417166,0.10144701,-0.18414253,0.27085513,0.023530422,-0.006631087,0.20448348,0.16002873,0.13926056,0.17137688,0.28602117,0.46967328,0.33917004
성인인데도 진로를 아직도 못 정했다고 부모님이 노여워하셔. 나도 섭섭해. [SEP] 부모님의 노여움에 섭섭하시군요. 이런 상황을 어떻게 해결하면 좋을까요? [SEP] 부모님께 좀 더 시간을 달라고 해야겠어. 진로 테스트를 받아볼까 생각 중이야. [SEP] 진로 테스트를 받아보겠다고 부모님께 말씀드릴 생각이군요.,E18,Pro_05349,Pro_05349_00033,Pro_05349,-0.038616527,-0.22065303,-0.27838948,-0.2646746,0.14192551,0.0800856,-0.17927012,-0.052628208,0.041154977,0.26515064,0.017097311,-0.19008234,-0.12481548,-0.066762514,-0.102325976,0.033186037,-0.095612764,-0.2784381,-0.22860815,0.09086368,-0.041409694,0.017897483,-0.09231514,-0.16760889,-0.1383035,-0.099015385,-0.35546133,0.1878664,-0.26436657,0.25705993,-0.2770618,-0.061587304,-0.22784683,-0.06845867,0.0824156,0.37484843,0.080456086,0.079479456,-0.16674864,0.0058702487,-0.23666613,0.26328325,-0.13165106,-0.06698556,-0.10208087,-0.03820834,0.099686764,-0.105294354,0.04785407,-0.109814435,-0.5454654,0.13454513,0.21625456,-0.36556947,-0.15475802,-0.067909546,0.110645525,-0.17675,0.28368166,0.028365701,-0.013663742,0.19749309,0.15580416,0.13433632,0.20735595,0.26874563,0.49000132,0.35074306
퇴사한 지 얼마 안 됐지만 천천히 직장을 구해보려고. [SEP] 천천히라도 직장을 구해 보려고 하시는군요. 특별한 이유가 있으신가요? [SEP] 더 좋은 회사가 기다리고 있을지도 모르는데 쉬고 있기가 좀 그래. [SEP] 좋은 일자리를 놓치고 싶지 않아 끊임없이 노력하시는군요. 하는 일이 잘 풀리시길 바라요.,E66,Pro_05397,Pro_05397_00049,Pro_05397,-0.11068065,-0.13396083,-0.2710035,-0.17982644,0.06651128,0.0818555,-0.14072195,-0.073673226,0.016448569,0.24382752,0.0026797366,-0.19794938,-0.13009574,0.010193382,0.0020883314,0.059608318,-0.02328565,-0.28345978,-0.24739781,0.00023657829,-0.14074615,0.05253965,-0.09879553,-0.1481715,-0.030059492,-0.03341165,-0.39700067,0.22494747,-0.20170055,0.25988483,-0.19210364,-0.09365318,-0.24745841,-0.20857358,0.10945647,0.37707072,0.04016639,0.059866715,-0.18908478,-0.013345451,-0.22245246,0.24505232,-0.18635407,-0.11998364,-0.123792194,-0.10130934,0.17754012,-0.08463509,-0.032550395,-0.1371248,-0.5272507,0.1882693,0.13961075,-0.24306352,-0.14331505,-0.17980325,0.020647014,-0.17626292,0.27398774,0.029114649,0.039116256,0.066514336,0.14718182,0.16128986,0.2934761,0.36258024,0.36125332,0.360131
졸업반이라서 취업을 생각해야 하는데 지금 너무 느긋해서 이래도 되나 싶어. [SEP] 취업에 대해 걱정이 되는군요. [SEP] 응. 느긋함을 느끼는 내가 좀 싫었는데 걱정을 많이 하는 것보다는 낫다는 생각도 들어. [SEP] 걱정보다는 느긋한 태도가 낫다고 생각하시는군요.,E37,Pro_05368,Pro_05368_00075,Pro_05368,-0.1014013,-0.17772862,-0.2670836,-0.21793902,0.084910244,0.09943013,-0.12526327,-0.062027015,0.02794076,0.24235387,0.026731424,-0.1847905,-0.10338186,-0.02758705,-0.031321865,0.06969786,-0.0397441,-0.273667,-0.21273868,0.02068352,-0.095987014,0.057093326,-0.077123806,-0.13210103,-0.05115753,-0.05753581,-0.37027767,0.2150881,-0.21397428,0.23719157,-0.2375675,-0.10464931,-0.23594005,-0.15171018,0.09229512,0.3550494,0.027088994,0.093450665,-0.1595738,-0.0132594425,-0.21025304,0.22208628,-0.16993965,-0.12314718,-0.09770887,-0.08697986,0.14479044,-0.08140862,0.011333249,-0.12798738,-0.50396556,0.1526336,0.15290079,-0.26663312,-0.10318868,-0.10994453,0.020634763,-0.17980571,0.27094844,0.036002323,0.020095864,0.12027216,0.16084807,0.14807391,0.23186922,0.35326546,0.38906786,0.31067666
요즘 직장생활이 너무 편하고 좋은 것 같아! [SEP] 직장생활이 편하고 좋으시다니 좋아 보여요. 다니고 계신 회사만의 장점이 있나요? [SEP] 우리 회사는 복지가 정말 좋아! 내가 곧 출산하게 되는데 육아휴직 기간도 긴 데다가 소정의 지원금도 제공해줘! [SEP] 예비 엄마들에게는 정말 꿈의 회사인 것 같네요. 마음이 편하시겠어요.,E66,Pro_05397,Pro_05397_00023,Pro_05397,-0.17975757,-0.20652902,-0.24690768,-0.07736791,-0.0036717919,0.1730164,-0.13905123,-0.13573432,0.02735475,0.21729438,-0.017057277,-0.25864846,-0.095301524,0.023867402,0.05059827,0.19344214,-0.028303161,-0.33516166,-0.2282272,-0.12660196,-0.19494742,0.07022394,-0.040715493,-0.23703381,-0.036641873,-0.08839604,-0.42341873,0.19531612,-0.23292775,0.30017635,-0.22046256,-0.14001077,-0.30233774,-0.3191826,0.111016914,0.33665884,0.052227348,0.11082993,-0.15905122,-0.07407929,-0.17149442,0.21618009,-0.23125494,-0.13247687,-0.07799414,-0.14269084,0.22512333,-0.09673794,-0.020432306,-0.16652958,-0.48531356,0.13360988,0.011872978,-0.15563752,-0.16149712,-0.19737434,-0.11509739,-0.15365422,0.3157587,0.08822021,0.024949048,-0.007733693,0.16996036,0.134381,0.40126163,0.4297949,0.33680195,0.22820194
취업해야 할 나이인데 취업하고 싶지가 않아. [SEP] 취업하고 싶지 않으시군요. 혹시 어떤 이유가 있을까요? [SEP] 아직 조금 더 놀고 싶은 마음이 커. 인생은 긴데 꼭 빨리 취업해야 할까 싶어. [SEP] 아직은 인생을 즐기고 싶은 마음이시군요.,E66,Pro_05397,Pro_05397_00047,Pro_05397,-0.08543961,-0.21574634,-0.27087978,-0.24097095,0.10584883,0.10960686,-0.14316973,-0.062208064,0.037621588,0.25354046,0.03164531,-0.19121425,-0.10345167,-0.048697792,-0.0604362,0.074487686,-0.06692745,-0.28435463,-0.21083246,0.038132615,-0.07098611,0.04699057,-0.07131296,-0.151771,-0.08825571,-0.08340596,-0.36804208,0.2051767,-0.24167578,0.24593076,-0.2711597,-0.10081023,-0.24083702,-0.120973215,0.086826324,0.3595461,0.042557146,0.10272706,-0.1557484,-0.013764789,-0.2199577,0.231465,-0.16099785,-0.110182345,-0.08868097,-0.07162815,0.12854967,-0.09224205,0.037845336,-0.12509574,-0.5188473,0.13390611,0.17110933,-0.3054985,-0.11454198,-0.0805839,0.041722976,-0.18177672,0.28408322,0.04061611,0.0013336419,0.15807442,0.16828497,0.14084876,0.22093405,0.33655545,0.4385115,0.30591676
면접에서 부모님 직업에 대한 질문이 들어왔어. [SEP] 그때 어떤 생각이 들었나요? [SEP] 무척 당혹스러웠어. 부모님 직업이 면접에 영향을 줄 것 같았어. [SEP] 그런 면접 상황에 무척 놀라셨군요. 어떻게 답하셨는지 여쭤봐도 될까요?,E35,Pro_05366,Pro_05366_00021,Pro_05366,-0.09410449,-0.21237965,-0.2656167,-0.2258555,0.09408337,0.11412417,-0.13493727,-0.066196956,0.03629392,0.24455999,0.028455002,-0.1923718,-0.09643317,-0.045639213,-0.051058684,0.08454225,-0.059638023,-0.2813099,-0.20461182,0.024335926,-0.07843336,0.051300768,-0.06598676,-0.15109424,-0.080190085,-0.0831626,-0.36440426,0.2016313,-0.23556066,0.242881,-0.2650297,-0.10460872,-0.2401855,-0.13329343,0.08563329,0.34873423,0.038725283,0.10712108,-0.14913802,-0.018033683,-0.20699072,0.22227916,-0.16346599,-0.11250076,-0.08457126,-0.07738986,0.132369,-0.088761605,0.03473157,-0.12590656,-0.5032361,0.12993161,0.15395166,-0.2865419,-0.10831845,-0.082898736,0.022764431,-0.17715588,0.28068635,0.045123175,0.004013312,0.14391564,0.1673721,0.13729675,0.2258584,0.3410426,0.4198449,0.2877078
큰일이야. 부장님께 결재받아야 하는 서류가 사라졌어. 한 시간 뒤에 제출해야 하는데 어디로 갔지? [SEP] 중요한 서류가 사라져서 당혹스러우시군요. 찾아볼 방법이 있을까요? [SEP] 혹시 과장님이 가져가신 건 아닌지 여쭈어보고 올까? 괜히 그랬다가 서류 잃어버렸다고 혼나면 어쩌지. [SEP] 혼이 날까 봐 과장님께 서류의 행방을 물어보는 것이 고민되시는군요.,E35,Pro_05366,Pro_05366_00054,Pro_05366,-0.04826494,-0.2323573,-0.27741194,-0.27617717,0.14075181,0.0930651,-0.16488074,-0.049645755,0.043809235,0.26528937,0.03212276,-0.1848435,-0.11256311,-0.073091656,-0.101893574,0.044822033,-0.09318939,-0.27845424,-0.21458621,0.085916504,-0.034201466,0.028067682,-0.08125314,-0.155405,-0.12935053,-0.09950001,-0.35344163,0.19391832,-0.26188987,0.24669005,-0.29092807,-0.07748222,-0.22876161,-0.06254997,0.07945123,0.36843595,0.06353399,0.09564745,-0.15733495,0.0015079367,-0.2340272,0.24921168,-0.13593405,-0.08337707,-0.09176274,-0.043080334,0.09791539,-0.10084788,0.05880068,-0.11203003,-0.5368482,0.12623923,0.21365395,-0.3601512,-0.12983033,-0.049530435,0.09601736,-0.18258095,0.28398156,0.03189458,-0.01482602,0.20670272,0.16493896,0.13510779,0.18937995,0.28880054,0.4886573,0.32987085
나 얼마 전에 면접 본 회사에서 면접 합격했다고 연락받았었는데 오늘 다시 입사 취소 통보받아서 당혹스러워. [SEP] 회사에서 합격 통보받았다가 다시 입사 취소되어서 당혹스러우시군요. [SEP] 코로나바이러스 때문에 그렇다고 하는데 이럴 거면 아예 면접을 보지 말 걸 그랬나 봐. [SEP] 차라리 면접을 보지 않았으면 더 좋았겠단 생각이 드시는군요.,E35,Pro_05366,Pro_05366_00010,Pro_05366,-0.07430976,-0.19299522,-0.26529288,-0.20669767,0.09743093,0.09027232,-0.15706985,-0.06917429,0.032251507,0.24083759,0.002571607,-0.19825278,-0.1137109,-0.039671592,-0.056197368,0.06272716,-0.06421974,-0.27579388,-0.22356875,0.037035804,-0.084936805,0.033232123,-0.08358001,-0.16838706,-0.09846996,-0.084739536,-0.36013806,0.18707892,-0.23894225,0.25601384,-0.24184717,-0.07510251,-0.23351404,-0.13439153,0.0874667,0.35384268,0.0677203,0.08163857,-0.16013114,-0.008876146,-0.20582914,0.24299127,-0.15097392,-0.08110495,-0.09983783,-0.06581838,0.12906794,-0.0949166,0.019722598,-0.11884931,-0.51093465,0.13958392,0.15891346,-0.29705378,-0.146632,-0.10552183,0.048840087,-0.16492596,0.2762179,0.039214328,0.0043102833,0.13209766,0.15053515,0.1324956,0.24737671,0.29852673,0.42041895,0.31620473
길을 가다가 우연히 마주친 동네 아주머니께서 취업했냐고 물어보셔서 당황했어. [SEP] 취업에 대한 질문이 당혹스러우셨군요. [SEP] 평소 친한 것도 아닌데 갑자기 취직했냐고 물어보시니 당황했지. 당당하게 취업했다고 말하지 못해서 더 곤란했어. [SEP] 취직에 관해 물어보셔서 당혹스러운 상황이었군요.,E50,Pro_05381,Pro_05381_00005,Pro_05381,-0.1103894,-0.17252375,-0.25676247,-0.19071026,0.067087166,0.10372488,-0.113634184,-0.068177596,0.026115146,0.22456008,0.017659876,-0.18628421,-0.09113568,-0.026116444,-0.020616306,0.08343819,-0.029983127,-0.2648549,-0.20112401,0.0022034163,-0.10436665,0.06083294,-0.06893992,-0.13273706,-0.04430799,-0.060956497,-0.35822022,0.20332512,-0.20521739,0.23147123,-0.22653244,-0.10528467,-0.23100114,-0.16538835,0.08798083,0.3331086,0.025757445,0.09964025,-0.14594907,-0.01844447,-0.18422325,0.20724884,-0.16849746,-0.11950701,-0.09042818,-0.09216333,0.14576049,-0.07610144,0.00818429,-0.12610766,-0.4729542,0.14267805,0.12487967,-0.23756036,-0.09581904,-0.10946326,-0.0068514314,-0.16863994,0.2628218,0.043554954,0.022277994,0.099114075,0.1566524,0.13835362,0.23696747,0.34853193,0.35914913,0.277744
어제 합격 통보를 받은 회사에서 문자를 잘못 발송했다고 연락이 왔어. 너무 당혹스럽고 속상해. [SEP] 잘못 발송된 문자로 당황하셨군요. 사과는 받으셨나요? [SEP] 물론 사과는 받았지. 하지만 대기업에서 이런 사소한 실수를 하다니 정말 실망이야. [SEP] 대기업의 실수 때문에 실망감을 느끼시는군요.,E50,Pro_05381,Pro_05381_00027,Pro_05381,-0.093700245,-0.2020469,-0.26116818,-0.19565643,0.08278018,0.10893751,-0.14490749,-0.07617446,0.033271916,0.23593491,0.008271341,-0.2027043,-0.10232262,-0.036313884,-0.042474538,0.08756295,-0.057771537,-0.28202015,-0.21389352,0.012323501,-0.09437203,0.044114448,-0.07044895,-0.16978446,-0.08557808,-0.086572886,-0.36489537,0.18985933,-0.23615886,0.25443396,-0.24727131,-0.09253307,-0.24181966,-0.15476584,0.0877288,0.34488043,0.055722676,0.096072264,-0.15225233,-0.020037811,-0.19674407,0.22931036,-0.16281573,-0.096390575,-0.08970749,-0.07832695,0.13931935,-0.09193731,0.021856546,-0.12556443,-0.49850062,0.13196054,0.13658023,-0.27421921,-0.13242915,-0.104664,0.01697927,-0.16565293,0.28034654,0.04836952,0.005902669,0.11940289,0.15803143,0.13165468,0.2551346,0.325305,0.40668792,0.28829277
나 오늘 첫 출근 했는데 너무 당황스러웠어! [SEP] 무슨 일 있었나요? [SEP] 버스 타고 카드를 찍으려고 하는데 지갑을 바꿔서 가져오느라고 교통 카드를 안 가져온 거야. [SEP] 카드가 없어서 너무 당황스러웠겠어요.,E50,Pro_05381,Pro_05381_00007,Pro_05381,-0.12964489,-0.20861337,-0.2539231,-0.15982793,0.050362166,0.1380681,-0.1311223,-0.0945945,0.032366894,0.22634366,0.0077232597,-0.21758397,-0.09005751,-0.020043371,-0.009404082,0.13135104,-0.044050775,-0.29725477,-0.20755954,-0.039521467,-0.12483184,0.059888616,-0.052645072,-0.18337192,-0.06169385,-0.08720427,-0.38058412,0.19352643,-0.23096694,0.26139876,-0.24440794,-0.11792101,-0.26090035,-0.20880209,0.09271953,0.33383563,0.04317862,0.111736596,-0.14608301,-0.041041587,-0.18175955,0.21302707,-0.18759896,-0.11794149,-0.07842169,-0.10354713,0.16671719,-0.089311995,0.013699607,-0.13985434,-0.48214188,0.12605594,0.08931171,-0.22639272,-0.12432454,-0.12415806,-0.040575903,-0.16332841,0.29000163,0.06460161,0.012328812,0.0796147,0.16653201,0.13143626,0.29195425,0.37100783,0.37616447,0.24997322
이번에 직장을 이직했는데 글쎄 만나고 싶지 않은 사람을 만나서 아주 당황스럽더라고. [SEP] 이직하신 직장에서 만나고 싶지 않으신 분을 만나서 많이 당황하신 거 같아요. [SEP] 정말 다시는 만나고 싶지 않았던 사람인데. 이제 어떻게 해야 할지 막막함에 너무 힘들어. [SEP] 새 직장에서 만나고 싶지 않은 사람을 만나서 너무 스트레스를 받으실 것 같아요.,E50,Pro_05381,Pro_05381_00039,Pro_05381,-0.09503476,-0.12532637,-0.27123427,-0.2203906,0.08562224,0.0653448,-0.11730054,-0.048188988,0.016629498,0.24159975,0.02324538,-0.16729179,-0.11736212,-0.010383389,-0.018797163,0.029517071,-0.01777913,-0.25443336,-0.22554913,0.038382664,-0.106446035,0.057779226,-0.100017436,-0.0993858,-0.02199335,-0.022370435,-0.36915022,0.23007691,-0.18542658,0.22529995,-0.19899875,-0.092283286,-0.22006811,-0.15236972,0.09848494,0.36613804,0.017222546,0.06761504,-0.1751369,0.0028450561,-0.21852069,0.22791919,-0.16655134,-0.1266674,-0.12028907,-0.08854157,0.14866425,-0.07192719,-0.017412318,-0.12363847,-0.50882965,0.1851514,0.17039944,-0.25833255,-0.09942739,-0.13760014,0.04211828,-0.18301593,0.2516441,0.016542867,0.039355643,0.103949755,0.14706528,0.16163349,0.2231926,0.34704694,0.357653,0.3566779
코로나 때문에 뭘 할 수가 없어. 취직 준비를 해야 하는데 시험이 줄줄이 취소되니 말이야. 마비라는 말이 이럴 때 참 어울리는 것 같아. [SEP] 코로나로 취업이 어렵군요. 시험도 줄줄이 취소되고요. [SEP] 자격증 시험은 못 보지만 공부는 계속해서 할 수 있지. 주어진 상황이 이러니 일단 공부라도 열심히 해봐야겠네. [SEP] 시험은 못 보지만 공부는 계속하실 계획이시군요.,E25,Pro_05356,Pro_05356_00044,Pro_05356,-0.05513711,-0.19528046,-0.27245298,-0.2508468,0.1237296,0.07720265,-0.1538192,-0.04957728,0.03466964,0.25198993,0.020202443,-0.17950974,-0.11454559,-0.056130294,-0.0804905,0.034522716,-0.071186006,-0.26442537,-0.2180226,0.07579014,-0.05471454,0.03150756,-0.08977718,-0.14173423,-0.104326844,-0.07960454,-0.349354,0.19541119,-0.2386652,0.24015293,-0.2563758,-0.07137152,-0.21974295,-0.08531952,0.08262371,0.361596,0.058377504,0.08227232,-0.16006158,0.005031264,-0.22100699,0.24422939,-0.13725504,-0.083698064,-0.101885416,-0.051512327,0.10756778,-0.092308246,0.034077484,-0.11069517,-0.5208826,0.14177538,0.19840457,-0.33013004,-0.12801877,-0.076145016,0.08421335,-0.1757131,0.26907128,0.02688932,0.00036040318,0.17305379,0.15311858,0.13748716,0.20001179,0.28662136,0.4442948,0.33594868
오늘 회사에서 큰 실수를 한 것 같아. [SEP] 무슨 실수를 하셨나요? [SEP] 중요한 발표가 있었는데 많은 사람 앞에서 말을 해야 해서 몸이 굳어버렸어. [SEP] 준비 많이 하셨는데 힘드셨겠어요.,E25,Pro_05356,Pro_05356_00015,Pro_05356,-0.07105023,-0.20375663,-0.26921782,-0.25285676,0.1150372,0.092834584,-0.13567403,-0.049713418,0.03610739,0.24814935,0.0330103,-0.17605956,-0.100051366,-0.05827357,-0.07250842,0.052184448,-0.06395996,-0.26456916,-0.2027766,0.061266337,-0.0546438,0.044323675,-0.07664803,-0.13029802,-0.0891185,-0.07845431,-0.34830293,0.20111226,-0.23250765,0.22980654,-0.26551244,-0.089980654,-0.22211087,-0.09064828,0.080411255,0.3513845,0.039349027,0.09948069,-0.14918803,-0.0022517703,-0.21308637,0.2263983,-0.1450037,-0.10253732,-0.0906306,-0.06108144,0.11076839,-0.086322375,0.04100293,-0.11462019,-0.50598884,0.13360122,0.18575424,-0.31308988,-0.10150936,-0.06350249,0.058491513,-0.17960016,0.26865548,0.032714844,0.0017908233,0.17179544,0.16180724,0.13772117,0.18899737,0.3121732,0.43205172,0.3082095
요즘 취업 관련해서 떠올리기만 해도 온몸이 마비될 것 같아. [SEP] 온몸에 마비될 것 같은 기분이 드신다니 현재 어떤 상황인지 여쭤봐도 될까요? [SEP] 현재 취업 준비생인데 취업 문이 갈수록 좁아진 데 비해 나 같은 취업 준비생들은 점점 늘어나니 내가 정말 취업을 할 수 있을지를 생각하면 온몸이 얼어붙는 기분이야. [SEP] 갈수록 힘들어지는 취업에 대해 생각하실 때마다 온몸이 마비된 기분에 사로잡혀 계시는가 보네요. 이 기분에서 벗어나려면 어떻게 하면 좋을까요?,E25,Pro_05356,Pro_05356_00019,Pro_05356,-0.021783397,-0.2098744,-0.29209763,-0.29478034,0.16467312,0.061104093,-0.19527288,-0.04165378,0.03969386,0.28592166,0.022823147,-0.18448453,-0.14669093,-0.06311293,-0.11334995,0.0010345053,-0.10272436,-0.28306633,-0.249525,0.12087839,-0.034616165,0.010080626,-0.11175136,-0.16114591,-0.14242566,-0.08576338,-0.36919516,0.20394145,-0.2681711,0.2631621,-0.27639866,-0.05197895,-0.22836824,-0.05098458,0.0896874,0.40482625,0.08471142,0.060203683,-0.18958795,0.018408252,-0.27013537,0.28633,-0.13006917,-0.06669182,-0.11987871,-0.029863067,0.098656245,-0.11042426,0.041522242,-0.10959302,-0.5824163,0.15736733,0.25546408,-0.39851606,-0.16952896,-0.079780236,0.15478674,-0.18924855,0.28767127,0.012610786,-0.011236496,0.21697994,0.15426318,0.1491559,0.20217706,0.26497573,0.5190547,0.40918493
어제도 야근 오늘도 야근이야. 너무 힘들어. [SEP] 야근이 많아서 힘드신 것 같아요. 어떤 상황인지 자세히 말씀해 주시겠어요? [SEP] 솔직히 말하자면 굳이 야근할 일이 아니야. 근데 상사가 자꾸 야근을 시키니 미치겠어. [SEP] 안 해도 될 야근을 하는 것 같아 더 스트레스받으시는 것 같군요.,E25,Pro_05356,Pro_05356_00012,Pro_05356,-0.0022770574,-0.16725628,-0.3006736,-0.35463378,0.19199368,0.021439042,-0.16265136,0.0006379671,0.032772735,0.29254285,0.054614834,-0.13474151,-0.1448795,-0.073144615,-0.12806377,-0.063065425,-0.08204654,-0.24270238,-0.23628817,0.17879939,-0.0005404241,0.020508103,-0.12982641,-0.076615594,-0.10736969,-0.042998873,-0.34564686,0.23229492,-0.23143542,0.21526209,-0.26527148,-0.049986254,-0.1907388,0.016504992,0.08471876,0.4108346,0.04338292,0.05259071,-0.19054161,0.04807812,-0.28512958,0.273493,-0.11107508,-0.089170516,-0.13315049,-0.019094642,0.071666434,-0.08977396,0.040226623,-0.09504055,-0.5791172,0.18249337,0.31060827,-0.41579372,-0.11116952,-0.050210997,0.19807394,-0.20833647,0.2538505,-0.018330336,0.0038285702,0.25498632,0.1504685,0.16699414,0.11148783,0.2602328,0.5034247,0.44977808
우리 회사는 정말 사내 분위기가 좋아. [SEP] 사내 분위기가 좋아서 즐거우시군요. [SEP] 즐거운 일이 매일 생길 거 같은 기분이야. 내가 원하는 진로로 취업해서 더 그런 거 같아. [SEP] 원하는 진로에 맞춰서 취업해서 더욱 만족스럽군요.,E64,Pro_05395,Pro_05395_00025,Pro_05395,-0.17111023,-0.14604157,-0.24344613,-0.089742295,-0.0033482169,0.13319525,-0.103830345,-0.1086579,0.015067273,0.20164113,-0.010751317,-0.22116596,-0.08963463,0.027353771,0.05711804,0.14557353,0.005485152,-0.29059166,-0.21528451,-0.09750244,-0.18729071,0.07898269,-0.05698486,-0.17075264,0.005214618,-0.047847643,-0.3948678,0.20652212,-0.18605462,0.25942338,-0.17976296,-0.12976032,-0.26510328,-0.29241636,0.106131606,0.32291391,0.022675266,0.09724417,-0.15363725,-0.051340226,-0.15730846,0.19680378,-0.21430221,-0.14066267,-0.09149204,-0.14027108,0.21010388,-0.07375413,-0.039799437,-0.15202376,-0.45189738,0.15599082,0.029980857,-0.13402635,-0.118255235,-0.19309054,-0.101654,-0.15425736,0.27572095,0.066182435,0.046121337,-0.013097386,0.1543447,0.14139037,0.34523118,0.4127935,0.2799469,0.24464303
오늘 내가 다니는 회사가 참 좋은 직장이라는 생각이 들었어. [SEP] 직장이 좋으시군요. 자세히 알려주실 수 있나요? [SEP] 회사에서 내가 제안한 프로젝트를 항상 긍정적으로 검토해주시고 의견에 귀를 기울여주시거든. 이렇게 서로 존중하면서 소통할 수 있는 우리 회사가 아주 좋아. [SEP] 존중하며 소통하는 직장에 크게 만족감을 느끼는군요.,E64,Pro_05395,Pro_05395_00019,Pro_05395,-0.18114303,-0.17400186,-0.24296874,-0.05499323,-0.015701156,0.1564834,-0.13299373,-0.13505945,0.019621544,0.20605592,-0.029566377,-0.2542877,-0.09909157,0.03712715,0.06552876,0.18103881,-0.01165198,-0.32263327,-0.23296814,-0.13070898,-0.2097809,0.07019914,-0.050265882,-0.22745484,-0.019617422,-0.07272487,-0.41864294,0.19436812,-0.21454616,0.29587966,-0.18921208,-0.13056935,-0.2934533,-0.3329374,0.11328539,0.33159688,0.051908523,0.09671982,-0.16233824,-0.06918945,-0.16081177,0.21489114,-0.22945097,-0.12799571,-0.08817978,-0.14671627,0.23055899,-0.09056324,-0.041377645,-0.16381112,-0.47255605,0.14705867,0.0017501592,-0.13230672,-0.16434596,-0.21891259,-0.11909453,-0.14660281,0.30280387,0.082868464,0.0367656,-0.035061482,0.15810452,0.13547888,0.40991747,0.4205867,0.3023872,0.23739451
회사에서 전공시험을 봤어. 오늘 시험 결과가 나왔어. [SEP] 시험 결과가 어떠셨나요? [SEP] 열심히 준비한 만큼 원하던 점수가 나왔어. [SEP] 준비한 만큼 점수가 잘 나와서 만족스러우시겠어요.,E64,Pro_05395,Pro_05395_00044,Pro_05395,-0.1510586,-0.17513695,-0.24706092,-0.13242169,0.024216728,0.13460034,-0.10628808,-0.095845215,0.023515074,0.21070486,0.005203036,-0.21102157,-0.08269778,-0.0009579879,0.022316933,0.13550033,-0.014576998,-0.28563538,-0.20193982,-0.06421489,-0.14937188,0.073997505,-0.052031193,-0.16208918,-0.021165237,-0.063854195,-0.3796659,0.2018421,-0.2014899,0.24896862,-0.21359472,-0.12737073,-0.25610775,-0.24071643,0.09609311,0.32139146,0.022693202,0.10998961,-0.1431546,-0.044021506,-0.16431579,0.19533142,-0.19781618,-0.13488913,-0.08156811,-0.12169332,0.18267424,-0.07629503,-0.009204426,-0.1433147,-0.45568413,0.13852258,0.061792172,-0.17672339,-0.10396289,-0.14687985,-0.07410564,-0.16023609,0.27606487,0.06387957,0.030496657,0.039149918,0.16149014,0.13600118,0.29970968,0.39334488,0.3202355,0.23830909
면접관에게 완전히 속았어. 면접일에 알려준 연봉과 실수령액이 꽤 차이가 나네. [SEP] 연봉과 실수령액이 차이가 나시는군요. [SEP] 회사 내규가 바뀌어서 신입 연봉은 체계가 다르다네. [SEP] 신입 연봉체계가 다르시군요.,E42,Pro_05373,Pro_05373_00018,Pro_05373,-0.07884556,-0.18770644,-0.26315066,-0.23818196,0.10219399,0.08956504,-0.12081461,-0.04912139,0.032079957,0.23583269,0.030178113,-0.17044088,-0.0923595,-0.053305276,-0.060441524,0.053342637,-0.04948203,-0.2529923,-0.19475935,0.05165457,-0.06233782,0.050407957,-0.074692026,-0.11726479,-0.07217873,-0.069895975,-0.3395712,0.19980201,-0.21694526,0.2193552,-0.25034726,-0.09178422,-0.21455535,-0.09994543,0.07874112,0.33803257,0.030106213,0.1006262,-0.14206073,-0.0024911151,-0.19714555,0.21373741,-0.14486243,-0.10649774,-0.08957766,-0.067142054,0.11287955,-0.07843231,0.032837085,-0.11301167,-0.48384407,0.13467255,0.17068806,-0.2887525,-0.08786681,-0.06716891,0.04106136,-0.17476825,0.25749305,0.033121772,0.009142074,0.15444309,0.15755007,0.13569847,0.18546408,0.3140769,0.40094423,0.2935353
지인이 취업시켜준다면서 사기를 쳤어. 배신감이 들어. [SEP] 지인에게 당한 사기라 더 배신감이 크시군요. 무슨 일이 있었는지 알려주시겠어요? [SEP] 취업시켜준다면서 십만 원을 달라고 하더니 받고는 잠적했어. 그래도 나름 믿었던 사람이었다고! [SEP] 믿었던 사람이라 배신감이 더 크시군요.,E42,Pro_05373,Pro_05373_00036,Pro_05373,-0.10466265,-0.1794049,-0.28784555,-0.27183717,0.10811141,0.100185014,-0.12883207,-0.0487648,0.02871698,0.2774009,0.05815012,-0.17686085,-0.12109071,-0.019946612,-0.032535326,0.05257971,-0.04289381,-0.2930013,-0.23000243,0.039881505,-0.09149041,0.06552472,-0.08778777,-0.11263935,-0.033471864,-0.034408532,-0.403282,0.25532365,-0.21620955,0.23980975,-0.25566623,-0.12395666,-0.25076365,-0.1442186,0.10510877,0.39803416,0.0048816823,0.08918908,-0.18662448,-0.00864159,-0.26269114,0.23811404,-0.18811905,-0.15767898,-0.110187866,-0.093009904,0.1571637,-0.08414141,0.010365601,-0.13959385,-0.55771005,0.18022695,0.19787353,-0.29905784,-0.09305103,-0.11863116,0.05100185,-0.21027888,0.28603047,0.021249149,0.026255574,0.14835624,0.17620839,0.17689574,0.22040527,0.40185082,0.42625514,0.3696712
우리 부모님은 나를 버린 거나 다름없어. 내가 진로에 대해 걱정을 할 때 나를 걱정 해주거나 돌봐 주지를 않았어. [SEP] 부모님으로부터 서운한 감정이 드시는 거군요. 진로에 대한 걱정을 부모님께 솔직히 털어놓아 보셨나요? [SEP] 솔직히 말해보고 부모님의 의견도 들어보고 싶었는데 나 보고 알아서 하래. 나도 잘 모르겠는데 말이지. [SEP] 부모님의 조언을 듣고 싶었는데 진중한 조언은 듣지 못했던 거군요. 당신의 상황과 감정을 여러 차례 부모님께 표현을 해보신 건가요?,E49,Pro_05380,Pro_05380_00021,Pro_05380,-0.08967332,-0.20461108,-0.26757815,-0.22796527,0.09719414,0.1065598,-0.13816504,-0.06389389,0.034714825,0.24659441,0.026397932,-0.1906337,-0.10188697,-0.043132573,-0.051751066,0.07505645,-0.058904804,-0.27953506,-0.21000762,0.030761369,-0.07914149,0.048755333,-0.07201943,-0.14893408,-0.07975942,-0.07856466,-0.365433,0.20350821,-0.23374635,0.2436987,-0.25935516,-0.09958356,-0.23812236,-0.13132831,0.08719299,0.3538179,0.04103012,0.10016006,-0.15425438,-0.014209316,-0.21160764,0.22749802,-0.16175085,-0.1098358,-0.09015308,-0.0754414,0.13222763,-0.089058265,0.029996883,-0.124788634,-0.5090633,0.13649283,0.16079499,-0.2909486,-0.11327315,-0.088864274,0.03246334,-0.17776467,0.27894786,0.040939365,0.0060749464,0.14372948,0.16435473,0.13980763,0.226355,0.335977,0.42042238,0.3013829
계속 취업이 안 되니까 버려진 기분이야. [SEP] 계속 취업이 안 돼서 버려진 기분이군요. [SEP] 내가 능력이 없어서 취업이 안 되나 봐. 진짜 살기 싫어. [SEP] 취업 실패로 인해 자신감이 많이 떨어진 것 같네요. 힘내시길 바랄게요!,E49,Pro_05380,Pro_05380_00002,Pro_05380,-0.11967985,-0.16309723,-0.25617242,-0.17179668,0.0554659,0.10519598,-0.1163951,-0.075868815,0.023037536,0.22284485,0.009883373,-0.1939623,-0.09622347,-0.012796694,-0.0053580524,0.09033365,-0.023720114,-0.27125612,-0.20981221,-0.014221604,-0.12283129,0.061968915,-0.07114201,-0.14209807,-0.03558785,-0.055945415,-0.36880153,0.20553198,-0.20205522,0.24028602,-0.21392725,-0.106634244,-0.23846853,-0.19219537,0.09357094,0.33681738,0.028499898,0.0935306,-0.15273836,-0.023019377,-0.18414102,0.21099187,-0.17768861,-0.12148172,-0.09509887,-0.100695245,0.1601231,-0.07711194,-0.0051000235,-0.13141738,-0.47644046,0.15047042,0.11099584,-0.22188327,-0.107151955,-0.13273083,-0.018362112,-0.16649127,0.26623937,0.04551731,0.02807103,0.07621461,0.15442833,0.1411909,0.2628222,0.35879487,0.34650546,0.28291506
이번에 중소기업에 취업하게 되었어. 친구들에게 말하기가 조금 부끄러워. [SEP] 중소기업에 취업해 부끄러운 마음이 들었군요. [SEP] 요즘같이 어려울 때 취업할 수 있어서 다행이긴 해. 오래 준비하고 공부했거든. [SEP] 오래 준비하고 공부해서 취업하셨군요.,E56,Pro_05387,Pro_05387_00036,Pro_05387,-0.20407103,-0.13742647,-0.23431982,-0.020011423,-0.045890886,0.15310277,-0.10694033,-0.13800438,0.009975862,0.18704139,-0.034924343,-0.24881339,-0.090728134,0.05802063,0.1003004,0.1872165,0.020166636,-0.3101632,-0.22689606,-0.1591296,-0.23686713,0.08464089,-0.04909117,-0.20766415,0.02284327,-0.049123764,-0.41679713,0.20079195,-0.1829177,0.283827,-0.15366687,-0.13951273,-0.28843468,-0.36692506,0.11659139,0.31604886,0.032021165,0.09461692,-0.15823887,-0.07313984,-0.13893226,0.19562873,-0.23986968,-0.14388193,-0.09110718,-0.16610341,0.2475935,-0.076831155,-0.066617735,-0.16728863,-0.44101095,0.15907928,-0.031764504,-0.07457187,-0.14491072,-0.24367318,-0.15693757,-0.14119536,0.28775337,0.08329199,0.05600948,-0.081733756,0.15166667,0.13874325,0.42149383,0.4422402,0.24003023,0.22183551
저번 주에 친구와 같은 회사에서 같이 면접을 봤는데 나만 떨어져서 너무 창피해. [SEP] 친구분과 같이 면접을 봤는데 혼자만 떨어지셔서 부끄러운 마음이 드시는 것 같아요. [SEP] 친구가 위로해주는데 그게 나를 더 부끄럽게 만드는 것 같아서 마음이 좋지 않네. [SEP] 친구의 위로에도 마음이 다스려지지 않는군요.,E56,Pro_05387,Pro_05387_00037,Pro_05387,-0.1599095,-0.1659122,-0.25646806,-0.16170266,0.03060875,0.13425891,-0.094648436,-0.08540461,0.021475362,0.22537279,0.027082874,-0.19998933,-0.08659305,0.0062532206,0.02994016,0.12601352,-0.005401298,-0.2892897,-0.20479974,-0.0582252,-0.14991382,0.085835874,-0.05602445,-0.136304,0.0049471264,-0.0418238,-0.39439473,0.22911203,-0.19047284,0.24044049,-0.21686983,-0.1439485,-0.25983113,-0.23999666,0.10264798,0.33986735,-0.0023190859,0.11074459,-0.15422666,-0.041341387,-0.18782747,0.19397137,-0.2098434,-0.16352369,-0.08743454,-0.13051511,0.19128086,-0.07121567,-0.013744173,-0.1498263,-0.47582692,0.15647827,0.08166302,-0.17986381,-0.08186814,-0.15125756,-0.06844906,-0.17832926,0.27738,0.05454274,0.0398661,0.047642704,0.17005152,0.1540083,0.28461146,0.4299308,0.3217634,0.2635042
요즘 청년 실업률이 너무 심각한 거 같아. 취업해야 하는데 기업들이 채용을 많이 하지를 않아. [SEP] 청년 실업률의 심각성에 대해서 고민이시군요. [SEP] 기업들이 채용을 늘려야 청년들이 직장을 다니고 경제도 활성화가 될 텐데 채용의 기회조차 줄어드니 화가 나는 거지. 복지도 좋지만 기업 채용을 늘려주는 정책들이 생겼으면 좋겠어. [SEP] 기업 채용을 늘려주는 정책이 생겼으면 좋겠다고 생각하시는군요.,E10,Pro_05341,Pro_05341_00037,Pro_05341,-0.019219292,-0.23819168,-0.28174117,-0.2881731,0.16236648,0.07649511,-0.18951978,-0.04569799,0.046563577,0.2723864,0.021371039,-0.18669678,-0.12610717,-0.08440252,-0.128024,0.021944692,-0.11277531,-0.27683213,-0.22640747,0.11645364,-0.016666584,0.008929697,-0.09349155,-0.16994354,-0.16317694,-0.11197541,-0.34645233,0.18122864,-0.27839822,0.25623342,-0.29573214,-0.05259404,-0.22241013,-0.03186066,0.07677053,0.37773946,0.089830324,0.08149586,-0.16410898,0.012440452,-0.24383856,0.2699792,-0.11799384,-0.05453063,-0.09937878,-0.022128202,0.080558695,-0.110304564,0.0656799,-0.10297783,-0.55366564,0.12496833,0.2392234,-0.396578,-0.15830919,-0.04237243,0.13742082,-0.17841889,0.2855914,0.025790734,-0.025417103,0.22995533,0.1573327,0.12989123,0.18508704,0.24571887,0.5228317,0.35598856
직장에서 부당한 일을 겪어서 너무 화가 나. [SEP] 부당한 일을 당해서 속상하시군요. 주변 사람에게 말해보면 감정이 조금은 나아질까요? [SEP] 이미 주변 사람에게 말해봤는데 반응은 다 나보고 그냥 참고 넘어가라는 말밖에 없어. 내 이야기에 공감해 주는 사람이 없어서 더 화가 나는 것 같아. [SEP] 사람들이 공감해주지 않아서 더 화가 나는군요.,E10,Pro_05341,Pro_05341_00051,Pro_05341,0.04814875,-0.28995895,-0.30113444,-0.40598541,0.24640079,0.057729956,-0.20550427,-0.0012729496,0.06447362,0.30848533,0.06462879,-0.15187024,-0.12729853,-0.15003707,-0.22031927,-0.03757261,-0.16348137,-0.2618872,-0.21018578,0.22568892,0.08626205,-0.010014832,-0.10035329,-0.13556118,-0.2256188,-0.13555008,-0.3140584,0.18306075,-0.31231102,0.2306654,-0.3667063,-0.03535254,-0.19444335,0.1238848,0.05708791,0.39722806,0.09155633,0.09414769,-0.15688583,0.04440781,-0.28567722,0.28417048,-0.07112915,-0.0385689,-0.092040636,0.032770608,0.0066853436,-0.11822898,0.13243434,-0.078455694,-0.5881182,0.10342253,0.34490553,-0.5062785,-0.13225164,0.06514815,0.24248278,-0.2024723,0.28420138,0.0039802915,-0.059546035,0.36195508,0.17064849,0.12911125,0.06198445,0.18917006,0.63936293,0.39181837
오늘 엄마랑 진로 문제로 크게 싸웠어. 그래서 너무 화가 나. [SEP] 어머니랑 진로 문제로 싸우셨군요. 자세하게 알려주실 수 있나요? [SEP] 나는 미술 쪽으로 가고 싶은데 엄마는 안정적인 공무원으로 진로를 잡기를 원하셔. 자식이 고생하지 않기를 바라는 엄마의 마음은 한편으로는 이해가 되지만 그래도 속상해. [SEP] 엄마는 안정적인 공무원을 원하시는군요. 이해는 되지만 속상한 기분이 드시는군요.,E10,Pro_05341,Pro_05341_00035,Pro_05341,-0.01496314,-0.29454273,-0.29968995,-0.38212842,0.2061345,0.10350961,-0.17791852,-0.021136187,0.061921854,0.3092964,0.08329893,-0.16700885,-0.11401298,-0.11919589,-0.16617799,0.022305882,-0.13741806,-0.29180214,-0.20535664,0.15478526,0.038792033,0.023741623,-0.07718518,-0.1371555,-0.17064181,-0.118575,-0.3554425,0.2137031,-0.29839215,0.23679087,-0.3675417,-0.08947154,-0.23001757,0.039114505,0.07147857,0.3997077,0.05226224,0.11823957,-0.1593326,0.014170957,-0.2869599,0.26155987,-0.12196813,-0.09731359,-0.08048138,-0.013700195,0.058416493,-0.111491896,0.1168713,-0.107310005,-0.5858797,0.11084319,0.29690742,-0.45155853,-0.10389394,0.029878762,0.16526347,-0.2157686,0.3028061,0.020737512,-0.04249161,0.31586814,0.19202836,0.14556125,0.10786876,0.29260737,0.59960645,0.3589177
오늘 면접은 너무 망했어! [SEP] 면접 때 무슨 일이 있으셨나요? [SEP] 낙하산이 있었던 것 같아. 모두 그 사람한테만 말을 걸고 웃고! [SEP] 좋지 않은 일이 있어서 기분이 안 좋으셨군요.,E10,Pro_05341,Pro_05341_00034,Pro_05341,-0.044325963,-0.26611805,-0.27941608,-0.25825742,0.14230815,0.110576354,-0.20097262,-0.07107679,0.050891392,0.27405664,0.014341868,-0.21554038,-0.12480841,-0.073372565,-0.109843306,0.06981354,-0.120165735,-0.30818322,-0.23284946,0.071215704,-0.04253088,0.012347201,-0.07792736,-0.21285124,-0.1690456,-0.13033788,-0.37207156,0.17754224,-0.2967548,0.28290394,-0.30812874,-0.06985323,-0.2527787,-0.08351096,0.083500884,0.37977907,0.09980403,0.09317636,-0.16603598,-0.010488748,-0.24264699,0.27283415,-0.14171684,-0.06080019,-0.08912911,-0.03857105,0.106809884,-0.12058251,0.06604647,-0.11880321,-0.56136477,0.113775425,0.20326136,-0.3792158,-0.18009225,-0.06299428,0.099131115,-0.17560436,0.3106619,0.045302402,-0.030559584,0.20520803,0.16777335,0.12693554,0.24024586,0.27864105,0.5305286,0.3309033
부모님이 자꾸 취업하라고 잔소리해. 나도 아는데 자꾸 잔소리하니까 화가 나. [SEP] 취업하라는 잔소리 때문에 화가 나는군요. 어떻게 하면 괜찮아질까요? [SEP] 나도 취업하려고 면접까지 봤는데 떨어졌어. 이런 속상함을 부모님께 이야기해볼까? [SEP] 자신의 심정을 부모님께 이야기할까 고려 중이군요.,E10,Pro_05341,Pro_05341_00026,Pro_05341,0.04358267,-0.32613164,-0.31326318,-0.44648963,0.26561832,0.08102411,-0.20873958,0.0034295372,0.07356724,0.3336619,0.09510412,-0.15273649,-0.12703528,-0.1611629,-0.23384821,-0.025790611,-0.18044937,-0.28489947,-0.20857441,0.23359175,0.10443536,-0.0027521518,-0.0910181,-0.135279,-0.23181343,-0.14222248,-0.33494097,0.20354666,-0.3306075,0.23418741,-0.4062346,-0.059559967,-0.21221033,0.1413689,0.05975652,0.41803274,0.07723497,0.11232509,-0.16232446,0.03885023,-0.31651625,0.28765264,-0.08380835,-0.0640923,-0.083346486,0.031715844,0.0072858646,-0.12456439,0.15601353,-0.087878466,-0.61698157,0.098688334,0.3686176,-0.5323526,-0.11785544,0.08860692,0.25201163,-0.22414799,0.3050843,0.00517601,-0.06924785,0.39731345,0.19253384,0.14068289,0.04538636,0.22776729,0.6895628,0.39987653
이제 주변 친구들은 하나둘씩 다 취업에 성공하는데 아직 나만 못해서 불안해. 이러다 나만 못하는 것은 아닐까 걱정돼. [SEP] 친구는 이미 모두 취업했군요. 불안한 마음을 어떻게 해소하시고 계시나요? [SEP] 최대한 주변 소식을 듣지 않게 휴대전화를 잘 안 보고 있어. 취업 성공에만 집중하려고 노력하고 있기도 해. [SEP] 열심히 노력하고 계시네요. 얼른 좋은 결과가 있기를 응원할게요.,E30,Pro_05361,Pro_05361_00042,Pro_05361,-0.08848463,-0.25260887,-0.2789122,-0.23680066,0.11062203,0.13269123,-0.1782597,-0.08184223,0.045139417,0.27306342,0.02536421,-0.22136724,-0.11928751,-0.04450278,-0.06419567,0.10108955,-0.09336026,-0.32300064,-0.23333767,0.021865914,-0.08175118,0.03696106,-0.06821035,-0.20472938,-0.11894602,-0.10711277,-0.3999857,0.20358627,-0.2772884,0.283801,-0.29545233,-0.10452989,-0.2728266,-0.14688286,0.095811486,0.38380146,0.068889044,0.10220558,-0.17226337,-0.027700553,-0.24436438,0.2577266,-0.17692488,-0.10360121,-0.08790254,-0.07313149,0.14557609,-0.11252896,0.044510417,-0.13812421,-0.5593996,0.12936296,0.16889967,-0.3294474,-0.15940133,-0.09864478,0.045914464,-0.18525383,0.31756434,0.05177864,-0.01169338,0.16108935,0.1782725,0.14251065,0.27262047,0.35087985,0.48919696,0.3200627
나는 내 꿈이 무엇인지 몰라서 불안해. [SEP] 꿈이 무엇인지 모르셔서 불안하시군요. [SEP] 꿈은 모르겠지만 컴퓨터로 무언가를 작업할 때가 가장 재미있는 것 같아. [SEP] 진로는 불안하지만 흥미와 적성은 잘 알고 계시네요.,E30,Pro_05361,Pro_05361_00009,Pro_05361,-0.03330698,-0.24912454,-0.2746075,-0.2887835,0.15288085,0.092627056,-0.16594113,-0.044263147,0.04887328,0.2622184,0.034086607,-0.17985256,-0.10421122,-0.0930938,-0.12417727,0.04110761,-0.10520379,-0.26978776,-0.2020947,0.10365841,-0.00995323,0.022239389,-0.07614746,-0.15429482,-0.15064736,-0.11510418,-0.3343233,0.18044098,-0.27072814,0.23917237,-0.30646,-0.07009524,-0.2185017,-0.027858919,0.06972469,0.35685873,0.069572724,0.1040673,-0.14412467,0.005698764,-0.22543363,0.24484813,-0.119770795,-0.07007281,-0.08284705,-0.028867306,0.076078214,-0.10179419,0.078265876,-0.10304755,-0.5258651,0.10843478,0.2230162,-0.37752464,-0.123767,-0.017007621,0.10757434,-0.17857973,0.27996725,0.03357403,-0.026322091,0.23212825,0.16513889,0.124381855,0.16255373,0.262685,0.50531805,0.3123904
코로나 때문에 출근하는 것이 불안해. [SEP] 출근으로 인한 코로나 감염이 불안하신가 봐요. 불안한 상황을 극복할 방법이 있을까요? [SEP] 사장님께 재택근무를 요청해야겠어. [SEP] 감염의 불안을 줄이기 위해 재택근무 요청을 고려하시는군요.,E30,Pro_05361,Pro_05361_00054,Pro_05361,-0.010939412,-0.28549477,-0.28214312,-0.30904102,0.17792289,0.09830585,-0.1986024,-0.047808763,0.058434345,0.27949455,0.03168553,-0.1933261,-0.11581335,-0.10986683,-0.15515175,0.040827826,-0.1387941,-0.28804672,-0.21366408,0.12446403,0.010896948,0.0045230826,-0.07762298,-0.18795115,-0.19680747,-0.14281563,-0.34076843,0.16948652,-0.30537197,0.26030046,-0.33648315,-0.058169503,-0.22883044,-0.0015466987,0.068210065,0.37284416,0.098038614,0.10311579,-0.15078446,0.006479705,-0.24521665,0.26844028,-0.111332215,-0.048108485,-0.08092861,-0.010266962,0.06333699,-0.11893046,0.099836335,-0.101392135,-0.55652666,0.09575102,0.24689022,-0.42389497,-0.1566048,-0.0007999612,0.14193504,-0.1801692,0.29937607,0.036365088,-0.046497717,0.2672327,0.16988795,0.11908539,0.16840261,0.2386435,0.5683529,0.3278555
내년이 졸업인데 취업 문제 때문에 걱정이야. [SEP] 취업 때문에 걱정이 많으시군요. 어떤 부분이 가장 걱정되시나요? [SEP] 학점은 그다지 나쁘지는 않은데 워낙 실업률이 높아서 어찌 될지 모르겠어. [SEP] 높은 실업률에 취업 문도 좁아질까 더 불안하군요.,E30,Pro_05361,Pro_05361_00015,Pro_05361,-0.026376761,-0.24030843,-0.28756124,-0.3111262,0.16798337,0.081618614,-0.17958407,-0.03820568,0.047170416,0.28242996,0.040420968,-0.17872413,-0.124510616,-0.084184036,-0.1261767,0.020277446,-0.109135695,-0.28025317,-0.22339056,0.120298095,-0.012048362,0.01863578,-0.09173404,-0.15199196,-0.14816532,-0.10120454,-0.35503194,0.19934495,-0.27381042,0.24846081,-0.30557197,-0.06790089,-0.22559924,-0.026222417,0.07933275,0.38714874,0.07040961,0.08824117,-0.1674927,0.012618534,-0.2581338,0.26553383,-0.12617588,-0.0767221,-0.09870213,-0.027714374,0.08380329,-0.106829934,0.06918646,-0.10751165,-0.5633876,0.13153417,0.25188112,-0.40024447,-0.13775124,-0.03606323,0.13827007,-0.19173555,0.28787297,0.02160358,-0.021905951,0.24169819,0.1664436,0.14064026,0.16868505,0.27336758,0.5284784,0.3643368
직장 생활 육 개월 차인데 아직도 적응하기가 힘들어. 사회생활이 이렇게 괴롭고 슬픈 일이 많을 줄 몰랐어. [SEP] 회사에서 어떤 일이 있으셨나 보군요. 저에게 말씀해주실 수 있나요? [SEP] 입사하고 나서 정시에 퇴근한 적이 거의 없고 항상 야근만 했어. 근데 회사에서는 야근 수당도 주지 않아. [SEP] 일한 만큼의 보수를 주지 않아 몸도 피곤할 텐데 마음도 아주 속상하시겠어요.,E22,Pro_05353,Pro_05353_00023,Pro_05353,-0.00762069,-0.1475386,-0.30553028,-0.35268134,0.18883625,0.013661,-0.16426547,0.0010181625,0.027852451,0.29828972,0.053865757,-0.13472156,-0.15613511,-0.057557896,-0.11457154,-0.07196095,-0.07310328,-0.2467736,-0.24979325,0.1756441,-0.015979793,0.022667075,-0.1396482,-0.07212213,-0.091077685,-0.026097538,-0.3601932,0.2454246,-0.2230056,0.21991168,-0.250221,-0.051104568,-0.1954118,-0.002283299,0.09305434,0.42476556,0.03934544,0.04011308,-0.20511833,0.049871385,-0.29766914,0.28148073,-0.12055359,-0.0977604,-0.14500736,-0.026633685,0.08581391,-0.08903966,0.022963718,-0.1001259,-0.5929216,0.20188822,0.31421492,-0.41051733,-0.11771195,-0.07668774,0.20197093,-0.21353257,0.25480562,-0.024866052,0.013972807,0.24075831,0.14822963,0.17816603,0.12660229,0.27503455,0.49457374,0.47798207
이번 면접에 또 떨어져서 비통한 마음이야. [SEP] 면접에 떨어지셔서 비통하시군요. 면접 얘기를 좀 더 자세히 해 주시겠어요? [SEP] 아니 지나간 건 잊어버릴래. 아직 두 번의 면접이 남아 있거든. [SEP] 아직 두 번의 면접이 남아 있으시군요.,E22,Pro_05353,Pro_05353_00013,Pro_05353,-0.03782864,-0.2203608,-0.278794,-0.29859447,0.15215504,0.07843931,-0.15251753,-0.033594437,0.04228525,0.26505318,0.042640384,-0.16583617,-0.10893144,-0.081527025,-0.111961015,0.02140871,-0.08780758,-0.26053932,-0.2057767,0.11021789,-0.016669314,0.030336237,-0.08617824,-0.124954626,-0.121738575,-0.08834439,-0.3385592,0.19936201,-0.24999025,0.22702086,-0.28922018,-0.074229665,-0.21182232,-0.03066675,0.074765764,0.36566934,0.050556913,0.09504889,-0.15319404,0.0130833825,-0.23476295,0.2423174,-0.12446986,-0.08704247,-0.09399291,-0.0358118,0.08256845,-0.09315656,0.06258313,-0.10408415,-0.52992576,0.13020673,0.23408645,-0.36857134,-0.1070611,-0.030979589,0.11286569,-0.18711284,0.26972675,0.021690087,-0.012019275,0.22475533,0.16276696,0.13780797,0.15056896,0.2789172,0.48409513,0.33750772
나 너무 우울해. 회사에서 큰 실수를 했어. [SEP] 회사에서 실수해서 우울하시군요. 어떤 실수를 하셨는지 여쭤봐도 될까요? [SEP] 해야 하는 일이 있었는데 잊고 있다가 상사에게 크게 혼이 났어. 이렇게 혼난 건 처음이라 상처받았어. [SEP] 크게 혼난 게 처음이라 상처를 받으셨군요.,E40,Pro_05371,Pro_05371_00006,Pro_05371,-0.0800893,-0.19498639,-0.2656932,-0.23744036,0.10322937,0.094458066,-0.12945244,-0.05368812,0.033449974,0.24137788,0.028878532,-0.17767623,-0.09730509,-0.05085514,-0.060130477,0.05882167,-0.055049606,-0.26301864,-0.20155196,0.047622714,-0.066246614,0.048283733,-0.074908294,-0.12958631,-0.07794525,-0.07390401,-0.34905186,0.20094785,-0.22489472,0.2290318,-0.2550773,-0.092951395,-0.22289188,-0.10778345,0.081738956,0.3456532,0.03585868,0.09938389,-0.1475668,-0.0056358166,-0.2046629,0.22094978,-0.14969194,-0.10598767,-0.09054797,-0.06822802,0.11832799,-0.083255276,0.032897532,-0.11669043,-0.49610925,0.13556288,0.17085928,-0.29431042,-0.09918279,-0.073911734,0.04264596,-0.17632516,0.26590484,0.035099577,0.0069792964,0.15407701,0.15988703,0.137338,0.19906569,0.31924048,0.41257262,0.2998786
요즘 직장에서 너무 성가신 일이 많아서 스트레스를 많이 받고 있어. 새로 들어온 신입 직원이 일 처리를 제대로 못 해서 계속 내가 그 일을 다시 마무리해야 하는 게 너무 귀찮아. [SEP] 직장에서의 일로 스트레스를 받고 계시는군요. 신입 직원 때문에 많이 힘드시겠어요. 이 일을 어떻게 해결할 수 있을까요? [SEP] 내일 신입 직원과 함께 진중한 대화를 나눠볼 생각이야. [SEP] 진중한 대화를 통해 상황을 해결하려 하시는군요.,E19,Pro_05350,Pro_05350_00023,Pro_05350,-0.051836688,-0.23639058,-0.28576797,-0.27228907,0.14198032,0.0975208,-0.1868106,-0.059704278,0.043901168,0.28043792,0.02664494,-0.20125093,-0.13128838,-0.05890213,-0.09471037,0.049947657,-0.101328455,-0.3020033,-0.238616,0.07684583,-0.05147111,0.022755796,-0.08877433,-0.18157339,-0.13520929,-0.09953579,-0.3814999,0.20244041,-0.27516946,0.27146345,-0.29147685,-0.0779243,-0.24894963,-0.08970657,0.09075684,0.3932972,0.076785035,0.08384613,-0.17852503,-0.0035544967,-0.25754833,0.27128324,-0.15049645,-0.08397203,-0.10180438,-0.048302487,0.11712737,-0.11176001,0.048491087,-0.12223932,-0.57056856,0.13978001,0.21703961,-0.37034503,-0.1616652,-0.080594555,0.10455503,-0.18789877,0.30250314,0.032117955,-0.01425886,0.19755316,0.16745685,0.14446731,0.2293828,0.30424818,0.5103715,0.36214235
내 업무가 아닌 일을 자꾸 사수가 시키네. 정말 성가셔. [SEP] 내 업무가 아닌 일을 시키는군요. [SEP] 꾹 참고하는 데 이젠 한계에 온 것 같아. [SEP] 참으셨지만 한계가 왔군요.,E19,Pro_05350,Pro_05350_00003,Pro_05350,-0.033073846,-0.20197256,-0.2766582,-0.30754396,0.1544072,0.06448505,-0.13603127,-0.021006284,0.038853336,0.25829148,0.048238926,-0.14834587,-0.10272768,-0.0852579,-0.11368747,0.003104185,-0.076284066,-0.2402144,-0.19543831,0.124402046,-0.0073874556,0.034561,-0.089604065,-0.095121294,-0.10779621,-0.075359784,-0.32206216,0.2022318,-0.23279315,0.20669504,-0.27920488,-0.07148935,-0.19436432,-0.010917151,0.07030621,0.35673517,0.03684568,0.09423064,-0.14662501,0.022242462,-0.22694707,0.23115633,-0.114983834,-0.09067069,-0.095714636,-0.032903347,0.0716248,-0.08331641,0.060697846,-0.09679176,-0.5135037,0.13412689,0.24219957,-0.36329204,-0.08373958,-0.019378979,0.11777557,-0.18756971,0.25256938,0.01382069,-0.0060206186,0.22932929,0.15819249,0.13858801,0.11955663,0.27053928,0.46428102,0.3366958
회사 동료가 자꾸 나한테 뭔가를 물어봐. [SEP] 동료분이 자꾸 물어보시는군요. 좀 더 자세히 이야기해 주세요. [SEP] 물어보는 동안은 내 업무에 집중을 못 하게 되니까 성가셔. [SEP] 동료가 물어보는 동안 업무에 집중하지 못해 성가심을 느끼시는군요.,E19,Pro_05350,Pro_05350_00045,Pro_05350,-0.012349961,-0.21134903,-0.28370088,-0.3378952,0.17847608,0.05479922,-0.14640287,-0.009914345,0.0425093,0.27046573,0.05581974,-0.14103734,-0.10933307,-0.09904075,-0.13793434,-0.017831104,-0.09077935,-0.23814003,-0.19831622,0.1559005,0.01642696,0.0263342,-0.0964935,-0.08990414,-0.12652555,-0.07961768,-0.31747207,0.20350955,-0.24315067,0.20466414,-0.29404014,-0.06241094,-0.1882061,0.027142797,0.06750374,0.36791286,0.04238954,0.090801544,-0.1507099,0.03238601,-0.24309994,0.24185461,-0.102907345,-0.082886696,-0.09884742,-0.017451605,0.054571982,-0.08745051,0.073548086,-0.09065831,-0.53099996,0.13403678,0.27415183,-0.39806354,-0.08638958,9.948388e-05,0.15318331,-0.19384539,0.25351274,0.0057881013,-0.013911807,0.26272032,0.15929165,0.14036025,0.09458772,0.2521162,0.4978295,0.3587163
일이 참 귀찮게 됐어. [SEP] 무슨 일이 있으신가요? [SEP] 낙하산으로 들어온 신입사원이 우리 팀으로 배정받았어. 얘는 능력도 없는데 어떻게 가르치지? [SEP] 능력이 없는 부하 직원을 지도하느라 성가시겠어요.,E19,Pro_05350,Pro_05350_00026,Pro_05350,-0.035911653,-0.24099115,-0.28000662,-0.30233744,0.15696889,0.08899006,-0.16208516,-0.038399667,0.04706026,0.2700723,0.04341164,-0.17396367,-0.108855695,-0.088008836,-0.12036753,0.032255936,-0.10032167,-0.27103832,-0.2063633,0.108940415,-0.011210879,0.026813315,-0.08097322,-0.14123884,-0.13786298,-0.102281846,-0.34267437,0.19474386,-0.2647239,0.23580298,-0.305017,-0.07589687,-0.21968554,-0.02754134,0.073854364,0.36811957,0.05875881,0.100950815,-0.15215583,0.008610788,-0.23873751,0.24681912,-0.1252826,-0.08294316,-0.08846577,-0.032570206,0.080828585,-0.099568844,0.07343638,-0.10591164,-0.53763264,0.12055011,0.23484299,-0.38037944,-0.11595246,-0.022834247,0.11442644,-0.18750753,0.27997547,0.027168721,-0.020653265,0.23520583,0.16780697,0.13441174,0.15647438,0.27837223,0.5060183,0.3312139
왜 일은 나만 많을까? [SEP] 일이 많아서 힘드시군요. 좀 더 자세히 이야기해주시겠어요? [SEP] 회사에서 다른 사람이 못한 일을 자꾸 나에게 넘겨. [SEP] 다른 사람의 일까지 하게 되어 성가심을 느끼시는군요. 이 문제를 해결할 좋은 방법이 있을까요?,E19,Pro_05350,Pro_05350_00022,Pro_05350,0.24949795,0.064063594,-0.9281653,0.65320057,0.7887901,0.8906055,-0.39684975,-0.31982246,0.5121212,0.90545917,0.5108711,-0.07181658,0.95416903,-0.9130782,0.85766524,-0.1185255,-0.8676754,0.8029168,0.5581694,-0.6706947,0.5919,-0.31876332,-0.56239945,-0.9598811,-0.30199966,-0.79527783,-0.29053262,0.43380648,-0.9525696,-0.18851319,-0.82545155,0.88419455,-0.8989857,0.50843096,0.22441833,0.9518371,0.8636299,0.5266929,0.72498494,-0.30506635,-0.19130054,-0.5298467,-0.77500117,-0.117431216,0.57808405,-0.5707484,0.66592336,-0.88633865,0.67633957,-0.9569698,-0.103425264,0.4551429,0.8677167,-0.00042326,-0.609317,0.27734372,0.48282447,0.23027912,-0.06568228,-0.7815723,-0.69616413,-0.6232416,0.05578453,-0.6478965,0.23461054,0.26250252,0.6034796,0.36201206
우리 신입은 오늘도 그냥 넘어가는 법이 없어. [SEP] 회사에서 신입에 무슨 일이 있었나 보군요. [SEP] 일을 말끔하게 끝내질 못해서 항상 실수하니까 내가 손 봐줘야 하는 게 성가셔. [SEP] 신입의 실수를 손 봐줘야 하는 일이 잦아 많이 성가시겠군요.,E19,Pro_05350,Pro_05350_00024,Pro_05350,-0.007043126,-0.20793821,-0.28550935,-0.34876102,0.18495658,0.0488669,-0.1439285,-0.0034586836,0.042269792,0.27266008,0.06043508,-0.1341579,-0.109780245,-0.10240796,-0.14322849,-0.028102,-0.09047899,-0.23284107,-0.19683187,0.16702598,0.02396855,0.026322167,-0.09940076,-0.07931919,-0.12535346,-0.075559944,-0.31353742,0.20661065,-0.24035671,0.19855447,-0.29491124,-0.06076034,-0.18270078,0.04064141,0.06632803,0.36973906,0.038482506,0.089620896,-0.15102538,0.037253596,-0.246655,0.2415994,-0.09871244,-0.08409963,-0.10062043,-0.013868475,0.048704725,-0.085585356,0.0754391,-0.08793337,-0.53246266,0.13657351,0.28478283,-0.4047931,-0.07977099,0.006751677,0.16302118,-0.19671482,0.24950756,0.0011947186,-0.013422752,0.27178726,0.15893263,0.14238575,0.080261365,0.24845926,0.50058997,0.36584133
실습생 하나 담당하게 되었는데 기간이 꽤 길어서 신경 쓰이고 성가시네. [SEP] 실습생을 담당하게 되어 신경 쓰이시겠어요. [SEP] 아무래도 실습생이 보고 있으니 더 잘해야 하고 방법도 설명해 주어야 하고 그렇지. [SEP] 어떻게 하면 부담가지지 않고 실습생을 대할 수 있을까요?,E19,Pro_05350,Pro_05350_00019,Pro_05350,-0.06381712,-0.2072397,-0.2718254,-0.24756847,0.11904685,0.09000469,-0.15317626,-0.055106185,0.036860775,0.25304082,0.023127208,-0.1855493,-0.11076669,-0.055781864,-0.07663603,0.050148584,-0.07327258,-0.2730046,-0.21564357,0.06345514,-0.05836543,0.035053644,-0.082481444,-0.14979723,-0.10430982,-0.08514979,-0.35547188,0.19616558,-0.24364106,0.24432544,-0.26488525,-0.08036567,-0.22805217,-0.095663056,0.08338215,0.36066356,0.056372743,0.09021421,-0.15786642,-0.002064564,-0.22057162,0.24125543,-0.1443471,-0.08983463,-0.09607124,-0.05664732,0.11327305,-0.09401245,0.038199663,-0.11534782,-0.521195,0.1361039,0.18922831,-0.32527974,-0.12667857,-0.07516935,0.07097768,-0.17694545,0.27616864,0.032943226,-0.0018541531,0.17071247,0.15877575,0.13690816,0.20842686,0.30059493,0.44769156,0.32371676
난 정말이지 언제쯤 든든한 직장을 가질 수가 있을까. [SEP] 취업 문제로 인해 스트레스가 많은가 보네요. [SEP] 응. 너무 힘들어. 스트레스를 받아서 그만하고 싶어. 가족들 볼 면목도 없고. [SEP] 취업이 되지 않음으로 인해 가족들에게 미안한 감정까지 들었던 거군요.,E32,Pro_05363,Pro_05363_00007,Pro_05363,-0.052584313,-0.16080679,-0.2897225,-0.29655045,0.14250678,0.053788565,-0.14531206,-0.026776835,0.027719181,0.27569148,0.044919133,-0.15677394,-0.13303208,-0.042360004,-0.07509317,-0.0076977722,-0.05683965,-0.26088604,-0.23391977,0.105437964,-0.0533681,0.0403123,-0.11158454,-0.09678595,-0.069022655,-0.03738582,-0.36829683,0.23611462,-0.21789557,0.22744459,-0.24552427,-0.07878357,-0.21568498,-0.07217806,0.094087325,0.3968515,0.030115426,0.064795956,-0.18657613,0.020908987,-0.26243237,0.25483623,-0.14593902,-0.11425735,-0.124304906,-0.05607792,0.11508464,-0.0851848,0.016931552,-0.11446017,-0.55759054,0.18229258,0.24466959,-0.34727857,-0.1084771,-0.09336961,0.120448396,-0.20120268,0.26337403,0.0018497498,0.018096143,0.18733722,0.15575899,0.1674705,0.17393342,0.3177284,0.44749168,0.4056683
취업해야 하는데 요즘 구직 자리가 많이 없어서 너무 슬퍼. [SEP] 구직 자리가 많이 없어서 취업이 어려워 슬프시군요. [SEP] 앞으로 무슨 일을 하면서 살아야 하는지 모르겠어. 정말 걱정이야. [SEP] 앞으로의 진로 때문에 걱정과 고민이 많으시군요.,E20,Pro_05351,Pro_05351_00040,Pro_05351,-0.022238752,-0.19537196,-0.28003722,-0.33187887,0.16814026,0.052570235,-0.12882783,-0.006671743,0.038535584,0.26225516,0.059225917,-0.1326725,-0.10198373,-0.09354357,-0.1253541,-0.01814085,-0.07517148,-0.22783759,-0.1902029,0.14829767,0.009942923,0.035402745,-0.094684616,-0.07069213,-0.10455734,-0.066870436,-0.31218112,0.2087216,-0.22610292,0.19186868,-0.28199953,-0.06896312,-0.18179047,0.019466646,0.06706251,0.3589971,0.02690499,0.09334961,-0.14564414,0.03251761,-0.23322234,0.22864805,-0.105651766,-0.094188266,-0.09830374,-0.025333196,0.058125705,-0.0785812,0.065968044,-0.09066003,-0.5144037,0.13825595,0.2647515,-0.3772044,-0.06658606,-0.0025421514,0.13750407,-0.19375902,0.24320525,0.0043281084,-0.005139846,0.24990736,0.15790184,0.14244223,0.08613506,0.26325285,0.46911183,0.34886578
요즘 취업 시장이 좋지 않아서 좋은 직장이 많이 없는 것 같아. [SEP] 요즘 취업 시장이 아주 좋지 않다고 들었어요. [SEP] 지원한 곳도 다 떨어지고 막막해. [SEP] 많이 힘드시겠어요. 차근차근히 할 수 있는 것이 무엇이 있을까요?,E20,Pro_05351,Pro_05351_00020,Pro_05351,-0.06888839,-0.21524483,-0.26833317,-0.200905,0.102520995,0.099403605,-0.18186331,-0.08074026,0.037051324,0.2493502,-0.007040466,-0.21639097,-0.12348351,-0.041019812,-0.06441024,0.07441921,-0.08326676,-0.29495814,-0.23664717,0.032910608,-0.08724646,0.022213904,-0.083335735,-0.20342065,-0.12564684,-0.1036978,-0.3725937,0.1783405,-0.26259807,0.27893773,-0.25490075,-0.06918704,-0.2482853,-0.14250356,0.090283036,0.3644827,0.091022365,0.07871168,-0.16760112,-0.0146786645,-0.21559721,0.26047632,-0.15356454,-0.06661184,-0.09958112,-0.06104554,0.13300696,-0.108113036,0.025353253,-0.12264807,-0.5317166,0.13331617,0.1584825,-0.3157964,-0.17906536,-0.11260537,0.057300847,-0.16229373,0.29371038,0.04580942,-0.006232267,0.13626677,0.15262814,0.12873043,0.2763531,0.29078642,0.45239425,0.3229909
회사에서 해고당했어. [SEP] 저런 아주 속상하시겠어요. [SEP] 너무 슬퍼. 다시는 취업을 못 할 것 같아. [SEP] 지금 무엇을 하는 게 좋을까요?,E20,Pro_05351,Pro_05351_00045,Pro_05351,-0.024381867,-0.2520858,-0.28430423,-0.3208624,0.17160878,0.0870613,-0.16989149,-0.033461824,0.050474998,0.2783288,0.048506502,-0.17200305,-0.11215524,-0.0975089,-0.13595274,0.024064297,-0.11161536,-0.2729438,-0.20773509,0.12591504,0.0036218045,0.021735076,-0.083015636,-0.142347,-0.15205914,-0.10830114,-0.34150147,0.1946575,-0.27427298,0.23678686,-0.31791517,-0.07206116,-0.21865262,-0.005572061,0.0720557,0.37494928,0.06332413,0.10122181,-0.15397093,0.012821371,-0.248912,0.25350812,-0.11918352,-0.078338385,-0.08839366,-0.023417082,0.07104667,-0.10346285,0.08382086,-0.10321835,-0.5490909,0.117740266,0.25290766,-0.40248471,-0.11892361,-0.009347468,0.13402788,-0.19146402,0.2834148,0.024300423,-0.027354674,0.25685573,0.17021163,0.13467233,0.14373326,0.2691425,0.53066194,0.34123883
직장에서 가깝게 지내던 분이 퇴사했어. [SEP] 가깝게 지내던 분이 퇴사해서 슬프시겠어요. [SEP] 입사할 때부터 일을 가르쳐 주셨던 분인데 이제 혼자 일을 해 나가야 한다고 생각하니 막막해. [SEP] 입사할 때부터 함께 하신 분이라 더 슬프신 것 같네요.,E20,Pro_05351,Pro_05351_00035,Pro_05351,-0.06747724,-0.19693093,-0.2822039,-0.3120055,0.13916859,0.084309205,-0.11702202,-0.023825595,0.03601663,0.2681571,0.06957637,-0.14879416,-0.10052651,-0.06510024,-0.08260634,0.02358106,-0.05817005,-0.2570713,-0.19680259,0.09468886,-0.031027183,0.05697229,-0.082638524,-0.080300115,-0.06522576,-0.05282286,-0.3519206,0.23371185,-0.21920483,0.20527285,-0.28012305,-0.10596536,-0.21364163,-0.051270843,0.081767,0.3706234,0.0039468016,0.1041409,-0.1562311,0.010272235,-0.24303965,0.22116433,-0.14633751,-0.13511316,-0.09537282,-0.060002856,0.10186082,-0.0773833,0.049031056,-0.11441839,-0.5258722,0.15038848,0.23117048,-0.3365959,-0.058856573,-0.04116359,0.08575505,-0.20495582,0.26244104,0.015141267,0.008285038,0.21029317,0.17287178,0.15804239,0.13347241,0.34086278,0.4469205,0.34034672
진로 문제 때문에 너무 고민이 많아. 정말 울적해. [SEP] 진로 때문에 고민이 많이 되나 보군요. [SEP] 내 전공인 디자인인데 요즘 취업이 쉽지 않아서 원하지 않는 과에 전과라도 해야 할 것 같아. 너무 슬프고 속상해. [SEP] 취업 때문에 원하지 않는 과로 옮겨야 하는지에 대한 고민으로 마음이 아주 힘들겠군요.,E20,Pro_05351,Pro_05351_00036,Pro_05351,-0.009051609,-0.19497927,-0.29408652,-0.34614095,0.1856988,0.0424222,-0.16008183,-0.007953219,0.038674,0.28563663,0.055020235,-0.14309922,-0.13034286,-0.08418842,-0.13227543,-0.035788376,-0.09010803,-0.24806811,-0.22191674,0.16388449,0.004901873,0.02250781,-0.11291845,-0.09176357,-0.12022047,-0.06393195,-0.3390134,0.21943058,-0.2427745,0.21675542,-0.28352332,-0.058054235,-0.19596452,0.015555897,0.078400806,0.39493784,0.046093877,0.07143347,-0.17455505,0.037621208,-0.2697109,0.262339,-0.11117457,-0.08681439,-0.11643347,-0.019638278,0.067569554,-0.09191095,0.05707557,-0.095890075,-0.5635504,0.15901378,0.29234093,-0.41010123,-0.10594847,-0.029838212,0.17592165,-0.2026538,0.26000786,-0.004694148,-0.0064331116,0.2585474,0.15708128,0.15521297,0.11269823,0.26161593,0.5087979,0.40831634
고객들이 나에게 폭언을 할 때마다 자존감도 떨어지고 너무 슬퍼. [SEP] 고객들의 폭언으로 자존감도 떨어지고 아주 슬프시군요. [SEP] 사람들은 내가 감정이 없는 사람인 줄 아나 봐. 이젠 더 참을 수 없는 상황에 이르렀어. [SEP] 어떻게 하면 이 상황을 해결할 수 있을까요?,E20,Pro_05351,Pro_05351_00001,Pro_05351,-0.022914208,-0.22533727,-0.282625,-0.27475724,0.15564644,0.07180977,-0.19470955,-0.050402414,0.042987376,0.2723988,0.012947357,-0.19191532,-0.13439575,-0.07210075,-0.11688689,0.020339318,-0.107723534,-0.2806385,-0.23750906,0.10836024,-0.032099657,0.0074209957,-0.09985291,-0.17663857,-0.15699963,-0.105173476,-0.35556242,0.18373162,-0.2751131,0.26426098,-0.28177533,-0.049233735,-0.22683355,-0.05238191,0.08232815,0.38418108,0.0946505,0.07107707,-0.17329817,0.011673621,-0.24691983,0.27708888,-0.123793684,-0.05314794,-0.10731251,-0.02716377,0.091889344,-0.11161095,0.051622774,-0.10623211,-0.5601979,0.13584761,0.23341312,-0.3887908,-0.17189075,-0.0657722,0.1358897,-0.17674147,0.28709292,0.024362143,-0.0195405,0.21222746,0.15301144,0.13365813,0.20672844,0.24894929,0.513585,0.37032765
올해 진급 예정이었는데 진급이 안 됐어. 슬퍼. [SEP] 예정된 진급이 되지 않아 슬프시군요. 이런 상황을 어떻게 극복할 수 있을까요? [SEP] 기대를 많이 해서인지 실망도 크네. 하지만 더 열심히 하다 보면 곧 진급하겠지. [SEP] 더 열심히 하겠다는 긍정적인 마음을 가지셨군요.,E20,Pro_05351,Pro_05351_00019,Pro_05351,-0.059893474,-0.20640714,-0.27445212,-0.24578871,0.12180001,0.08682251,-0.16352195,-0.057545178,0.036626697,0.25735608,0.017976798,-0.19048285,-0.11888593,-0.052359436,-0.0776615,0.046690457,-0.07755813,-0.27834293,-0.22515967,0.065463945,-0.061992604,0.029987743,-0.087642126,-0.15956068,-0.110711396,-0.0861844,-0.3617848,0.19585246,-0.24884836,0.25301543,-0.26277936,-0.07496333,-0.23193653,-0.09998068,0.08634263,0.36880204,0.06524764,0.08290241,-0.16536167,-0.0012594492,-0.22771937,0.25125518,-0.14514887,-0.08405605,-0.10121086,-0.054848623,0.11636019,-0.09832904,0.03433681,-0.11640204,-0.5328836,0.14083326,0.1932712,-0.3326284,-0.14167698,-0.08521846,0.08007637,-0.1767287,0.28059345,0.031629115,-0.0025031106,0.16919164,0.15685582,0.13850825,0.22064547,0.29612514,0.4564168,0.33804086
이번에 취업 면접을 봤는데 망친 것 같아서 슬퍼. [SEP] 면접을 망친 것 같아 슬프시군요. 이럴 때 기분이 좋아질 방법이 있을까요? [SEP] 모르겠어. 면접에서 떨어지면 어떡하지? [SEP] 면접에서 탈락할까 봐 걱정이 많으신 것 같네요.,E20,Pro_05351,Pro_05351_00028,Pro_05351,-0.0031851274,-0.263853,-0.28737795,-0.33187464,0.18870777,0.07936996,-0.18861623,-0.031348746,0.054298356,0.28442404,0.042600553,-0.17470734,-0.12000507,-0.10915055,-0.15797529,0.011663031,-0.12935929,-0.27402171,-0.21412812,0.14768447,0.019796738,0.007782108,-0.088883966,-0.15588413,-0.18076885,-0.12198567,-0.33611166,0.18403785,-0.29015768,0.24447104,-0.3277035,-0.05585939,-0.21564855,0.019897243,0.06896669,0.38074782,0.083017655,0.09489357,-0.15669668,0.019211046,-0.25599167,0.26778752,-0.10595861,-0.057399083,-0.090718076,-0.007196856,0.05660024,-0.11153098,0.09390773,-0.0968893,-0.56126434,0.11221334,0.27118507,-0.43100557,-0.13884257,0.001834953,0.16287056,-0.18886866,0.287053,0.021925636,-0.038063772,0.27811757,0.16704643,0.12937616,0.13885137,0.23856765,0.5617173,0.35482514
코로나바이러스 때문에 회사에서 해고됐어. 너무 슬퍼. [SEP] 코로나바이러스 때문에 해고되셨다니 너무 슬프시겠어요. 슬픔을 극복하는 방법이 있으신가요? [SEP] 이럴 때일수록 잘 먹고 잘 자려고. 못했던 운동도 하고. [SEP] 운동도 하고 잘 쉬려고 하시는군요.,E20,Pro_05351,Pro_05351_00042,Pro_05351,-0.032319732,-0.21084234,-0.28133792,-0.3151521,0.16006169,0.06866288,-0.14489004,-0.022761246,0.04083707,0.26748142,0.051073655,-0.15338758,-0.10874546,-0.08463016,-0.11666132,0.005026637,-0.08349746,-0.25081924,-0.20258084,0.12583995,-0.007203613,0.032657817,-0.09079646,-0.10402246,-0.11392635,-0.07813398,-0.33278024,0.20665345,-0.24159674,0.21515837,-0.28759125,-0.07368202,-0.2025806,-0.0124819875,0.07347831,0.36789596,0.040457442,0.09326963,-0.1536661,0.020678837,-0.23953131,0.2395675,-0.11951612,-0.092543975,-0.097292386,-0.03260129,0.07531867,-0.08832725,0.063032776,-0.10040231,-0.5301187,0.13638599,0.24945799,-0.3746545,-0.092565626,-0.02270824,0.12514271,-0.19231,0.2617134,0.013817018,-0.00874329,0.23583691,0.16214399,0.14241455,0.12722388,0.27751896,0.48215312,0.34841436
오늘 입사 면접을 봤어. [SEP] 조금 더 자세히 이야기해 주시겠어요? [SEP] 면접을 잘 본 것 같아! 그 회사에 취업할 수 있겠어. [SEP] 입사를 자신하시는 것에서 스스로에 대한 신뢰가 느껴지는 것 같아요.,E62,Pro_05393,Pro_05393_00016,Pro_05393,-0.1610254,-0.18561728,-0.24714072,-0.096254505,0.009929389,0.14813551,-0.13125938,-0.11861984,0.024181468,0.21350472,-0.014949944,-0.23903899,-0.0954809,0.015134512,0.036754988,0.16040666,-0.023197765,-0.31154492,-0.22283809,-0.09467197,-0.17697875,0.06645453,-0.051718246,-0.20851468,-0.03467195,-0.07709054,-0.4032553,0.194411,-0.21952744,0.2814264,-0.20950851,-0.12534866,-0.27982178,-0.28516343,0.1052108,0.33212277,0.04766445,0.10208158,-0.15595074,-0.05760319,-0.1685852,0.21364857,-0.2128389,-0.12434899,-0.08485231,-0.1299824,0.20561258,-0.08940514,-0.02068021,-0.15412967,-0.4753801,0.13967083,0.036329277,-0.16852584,-0.14767136,-0.18254545,-0.08833934,-0.15312636,0.2966766,0.07511445,0.027955243,0.009234841,0.16089398,0.13415697,0.36260572,0.4008852,0.32928932,0.24288404
회사에서 나를 참 신뢰하는 것 같아. 그건 기분이 좋아. [SEP] 회사에서 신뢰받는 것 같아 기분이 좋으시겠어요. 어떤 비결이 있으신가요? [SEP] 당연히 내가 업무를 잘 처리해서지. 그런데 내가 잘해선지 일이 자꾸 늘어나네? [SEP] 회사에서 신뢰받는 직원이라 일이 늘어나시는군요.,E62,Pro_05393,Pro_05393_00033,Pro_05393,-0.19484158,-0.16324043,-0.23805031,-0.052441027,-0.027559534,0.16010092,-0.10817727,-0.13073096,0.016848646,0.19642074,-0.020003607,-0.24391891,-0.085271135,0.039310846,0.07838194,0.18631595,0.0053920965,-0.31198287,-0.21767794,-0.14098464,-0.21266212,0.08373142,-0.042906784,-0.20364863,0.0064407107,-0.060832206,-0.41161704,0.20112672,-0.19583236,0.2785448,-0.18274173,-0.1437178,-0.28709054,-0.3371435,0.11096876,0.3177201,0.02901625,0.10699345,-0.15187325,-0.07111154,-0.14747995,0.19406073,-0.23327975,-0.14566979,-0.08236965,-0.15637508,0.23254417,-0.07940453,-0.043739438,-0.16435249,-0.44794238,0.14648269,-0.010965602,-0.1041501,-0.13320014,-0.21264012,-0.14248057,-0.14830185,0.2922477,0.08343711,0.044805277,-0.044964112,0.16047019,0.13697927,0.3928914,0.43940115,0.27171963,0.21581572
먼저 취업한 선배가 면접 비결을 알려줬어. 곧 면접 보러 가는데 든든해. [SEP] 선배가 면접 비결을 알려줘서 든든하시군요. 어떤 내용인지 알 수 있을까요? [SEP] 면접 볼 때 태도 같은 일반적인 거야. 하지만 그렇게 나를 챙겨주는 사람이 있다는 게 든든해. [SEP] 본인을 생각해주는 사람이 있어서 든든하시군요.,E62,Pro_05393,Pro_05393_00009,Pro_05393,-0.1506308,-0.17798045,-0.25062543,-0.13668717,0.027554331,0.13564068,-0.11284371,-0.09704918,0.024080915,0.21722154,0.006069489,-0.214375,-0.088373624,0.0014601339,0.021872723,0.13509965,-0.018279543,-0.29251024,-0.20863627,-0.063370526,-0.15125826,0.07248536,-0.05446302,-0.16774288,-0.023780016,-0.063755624,-0.38767803,0.20570059,-0.2062975,0.25520286,-0.21658403,-0.12797284,-0.26151934,-0.24382669,0.099117085,0.3305411,0.025453236,0.10717909,-0.14966564,-0.04455963,-0.17396188,0.20235778,-0.2013227,-0.13606377,-0.084412865,-0.12203403,0.1864755,-0.07959328,-0.010195124,-0.14595717,-0.46918705,0.14250234,0.06717906,-0.18434688,-0.1115356,-0.1526835,-0.06820921,-0.16346993,0.28178194,0.06298247,0.0299477,0.041296065,0.16321164,0.13955909,0.30709404,0.39817423,0.33052024,0.2497998
직장 상사로부터 칭찬을 받았는데 너무 신이 나! [SEP] 칭찬을 받아 기쁘군요. 어떤 칭찬을 받으셨나요? [SEP] 다른 사람이 실수한 일을 내가 깔끔하게 처리해서 칭찬을 받았어. [SEP] 깔끔한 일 처리로 칭찬을 받았군요.,E68,Pro_05399,Pro_05399_00039,Pro_05399,-0.17113173,-0.18882133,-0.24127197,-0.081021875,-0.0022480506,0.15740913,-0.122631185,-0.123881646,0.02429034,0.20445783,-0.016506543,-0.24166666,-0.085908614,0.01591513,0.044983525,0.17557956,-0.018009055,-0.31069085,-0.21412937,-0.11085366,-0.1826948,0.07158439,-0.04291897,-0.21036634,-0.0288445,-0.080648616,-0.39982668,0.18977489,-0.21620007,0.27891412,-0.20857087,-0.13187432,-0.28104785,-0.2963642,0.103161305,0.31932506,0.043441936,0.110626295,-0.14689983,-0.06404249,-0.15423833,0.20253785,-0.216103,-0.12774393,-0.077411205,-0.13602364,0.20893574,-0.08658453,-0.01983971,-0.15566725,-0.45754713,0.13148801,0.016396178,-0.14854106,-0.13984852,-0.18052953,-0.11084205,-0.14862287,0.29545763,0.08203809,0.028491298,-0.0028382118,0.16227223,0.12922733,0.36719158,0.4079647,0.31383908,0.21792245
취업해서 너무 신이 나! [SEP] 취업해서 기쁘시군요. 취업하면 무엇을 가장 하고 싶으셨나요? [SEP] 나는 월급을 받아서 부모님께 용돈을 드리고 싶어! [SEP] 월급을 받으시면 부모님께 용돈을 드리고 싶으셨군요.,E68,Pro_05399,Pro_05399_00041,Pro_05399,-0.19219445,-0.20311192,-0.23974206,-0.038406063,-0.024860281,0.18078177,-0.14116831,-0.15042673,0.0252009,0.20557608,-0.0332204,-0.27191433,-0.093574695,0.03536856,0.06825671,0.21302637,-0.022521785,-0.34047887,-0.23107293,-0.15493281,-0.21642663,0.07033925,-0.036090292,-0.2565807,-0.0337386,-0.093452476,-0.4273512,0.18546508,-0.23223317,0.31073275,-0.20674609,-0.13993888,-0.30978128,-0.35124892,0.11335998,0.3269724,0.061286427,0.10973719,-0.15697359,-0.083807565,-0.15530702,0.21416521,-0.23862642,-0.12680116,-0.07611388,-0.15194623,0.23865227,-0.09817463,-0.031525817,-0.17087556,-0.47239947,0.13027602,-0.021211404,-0.1265836,-0.17610069,-0.21773723,-0.14197065,-0.14273262,0.31868434,0.09778403,0.027645467,-0.041000802,0.16598374,0.12820934,0.43620628,0.43259302,0.31532127,0.20993227
오늘 사장님께 칭찬받아서 매우 기뻐. [SEP] 사장님께 칭찬받으셔서 기분이 좋으시군요. [SEP] 전 직원 앞에서 내 이름을 부르셨거든. 앞으로도 일을 열심히 해야겠어. [SEP] 칭찬 덕분에 일에 대한 열정이 더 생기셨군요.,E68,Pro_05399,Pro_05399_00024,Pro_05399,-0.21071328,-0.12562995,-0.22813833,-0.009043616,-0.056647092,0.151713,-0.09088115,-0.13627775,0.0071319365,0.17494923,-0.03506256,-0.24226941,-0.08084851,0.05947513,0.10899351,0.18920253,0.032784294,-0.2985656,-0.21606429,-0.16638954,-0.24000485,0.09112418,-0.0451842,-0.19363618,0.037763674,-0.04275406,-0.40677,0.19906984,-0.16860934,0.27188644,-0.14276886,-0.1425951,-0.2805129,-0.37016672,0.11353498,0.30100605,0.021470511,0.098891884,-0.14880797,-0.073392764,-0.122381896,0.1810429,-0.23853596,-0.1484818,-0.08771988,-0.1707127,0.24682489,-0.068846904,-0.07048777,-0.16508348,-0.41587988,0.15705144,-0.045283828,-0.05115813,-0.12783536,-0.24090582,-0.17338212,-0.13711649,0.27692524,0.08422283,0.061463986,-0.0937444,0.14900403,0.13586058,0.4122717,0.4439655,0.21263586,0.20342004
지난주에 정말 가고 싶던 회사에 원서 접수했는데 합격했어. 매우 기뻐. [SEP] 정말 축하해요. 이제 더 준비할 것이 남아있나요? [SEP] 응. 이제 면접만 합격하면 돼. 열심히 준비해서 꼭 합격할 거야. [SEP] 네. 면접 준비에 가장 중요한 것이 무엇일까요?,E68,Pro_05399,Pro_05399_00038,Pro_05399,-0.17889674,-0.1830442,-0.24086088,-0.036893513,-0.019299123,0.16054896,-0.1474281,-0.14521177,0.021258034,0.20404184,-0.042891745,-0.26698223,-0.103160135,0.038190115,0.064343296,0.19057816,-0.020313337,-0.33059135,-0.23969565,-0.13907951,-0.2158158,0.062310807,-0.04950229,-0.25177383,-0.03642213,-0.08595045,-0.42155215,0.18247393,-0.22662112,0.30992278,-0.18954687,-0.12317476,-0.30000058,-0.3433647,0.11387863,0.3308397,0.07013105,0.09350228,-0.16362736,-0.0736986,-0.15684211,0.22340415,-0.22917841,-0.113398984,-0.08753039,-0.14449367,0.23340721,-0.097714745,-0.04163766,-0.16470419,-0.47564375,0.14098044,-0.009259547,-0.13433768,-0.18745834,-0.22687678,-0.1210783,-0.13886797,0.31012413,0.089104496,0.03126833,-0.04311047,0.1554121,0.12886305,0.43399554,0.4085,0.31061286,0.23323637
얼마 전에 봤던 면접에서 떨어져서 너무 실망스러운 마음이 들어. [SEP] 면접에서 떨어져서 실망감을 느끼시는군요. 어떻게 하면 이런 마음을 극복할 수 있을까요? [SEP] 이번 면접에서의 탈락을 경험이라고 여기고 다시 열심히 준비해서 다른 면접에 도전한다면 극복할 수 있을 것 같아. [SEP] 새로운 도전을 통해 극복하려 하시는군요.,E21,Pro_05352,Pro_05352_00018,Pro_05352,-0.047452923,-0.22239147,-0.27718058,-0.25085306,0.13289057,0.08744037,-0.18170266,-0.06059938,0.040749215,0.26391265,0.012532376,-0.19843526,-0.12569414,-0.059687883,-0.092645004,0.045671158,-0.094144024,-0.28630537,-0.23229048,0.07517472,-0.05365284,0.01927457,-0.08965968,-0.1791316,-0.13575374,-0.10081028,-0.36361206,0.18744339,-0.26624632,0.26496938,-0.27442098,-0.06555091,-0.23614176,-0.08917067,0.08552398,0.37538263,0.08311582,0.07988325,-0.16882797,-0.0004896186,-0.23502986,0.26427752,-0.13957392,-0.068892196,-0.10140826,-0.044858392,0.110115126,-0.1072869,0.0428978,-0.114720546,-0.5465264,0.1347617,0.20291571,-0.35532808,-0.16242313,-0.08037998,0.097539045,-0.17488647,0.28928712,0.033218864,-0.012355738,0.1834343,0.15681599,0.13433896,0.22753555,0.27876282,0.48511136,0.34599346
이번 면접도 실패야. 언제쯤 취직할 수 있을까. [SEP] 취직으로 걱정이시군요. [SEP] 남들은 다 취직해서 이제 결혼도 한다는데 난 이런 걱정이나 하고 있다니. 나 자신에게 너무 실망스러워. [SEP] 취업하신 분들을 보며 스스로 실망하셨군요.,E21,Pro_05352,Pro_05352_00024,Pro_05352,-0.020754237,-0.2088749,-0.2803991,-0.3113869,0.16453597,0.059914526,-0.15389284,-0.022752756,0.040837772,0.26527232,0.04166794,-0.15470195,-0.11294785,-0.08796959,-0.12477549,-0.0036791656,-0.08888998,-0.24669822,-0.20638828,0.13502066,-0.003090383,0.024094885,-0.09579604,-0.11114924,-0.12719795,-0.08358196,-0.32598862,0.19719864,-0.24582408,0.21854073,-0.2836684,-0.060498223,-0.19751905,-0.0036690212,0.07149077,0.36658916,0.053486027,0.08613119,-0.15412734,0.025024911,-0.2366774,0.24628156,-0.11038966,-0.076772295,-0.100400105,-0.024295993,0.06814051,-0.091149546,0.06296771,-0.09535407,-0.5300131,0.13478927,0.25343794,-0.38319957,-0.10595348,-0.022360757,0.13772847,-0.18649618,0.25926763,0.012344507,-0.0120547945,0.23844142,0.15595004,0.1374637,0.12860078,0.2542577,0.4874262,0.35393804
새로 취업한 회사가 처음에는 좋았는데 갈수록 별로야. [SEP] 새로 취직하신 회사가 만족스럽지 않으신가 봐요. [SEP] 회사 일이나 사람이나 전체적으로 정말 실망스러워. [SEP] 회사의 전체적인 부분에서 크게 실망하신 것 같아요.,E21,Pro_05352,Pro_05352_00011,Pro_05352,-0.014351761,-0.20513172,-0.2836375,-0.33113748,0.17476982,0.052747242,-0.14807439,-0.012147802,0.040797323,0.2696553,0.05175349,-0.14327897,-0.11245695,-0.093539536,-0.13253744,-0.018143268,-0.08796922,-0.23927926,-0.20272969,0.15169553,0.0092666065,0.025877522,-0.09901506,-0.0926562,-0.1232841,-0.07656273,-0.32093355,0.20415571,-0.24109635,0.20787294,-0.28725713,-0.060926624,-0.18981339,0.017571004,0.06975827,0.36980563,0.0443353,0.08642462,-0.15418047,0.03191552,-0.24330704,0.24432871,-0.10535258,-0.08217339,-0.102095254,-0.019902645,0.059584893,-0.08770041,0.067127384,-0.09196155,-0.5326082,0.13850312,0.27055752,-0.393411,-0.091989756,-0.010232799,0.15139131,-0.19263892,0.2536634,0.005390536,-0.011125199,0.25414494,0.15714318,0.14163618,0.10413206,0.25329444,0.49220175,0.36369392
날 면접에서 떨어뜨린 회사에서 만드는 물건은 사지도 않을 거야. 정말 화가 나. [SEP] 면접에서 탈락한 회사에 대해 불편한 마음이 있으시군요. 특별한 일이 있으신 건가요? [SEP] 인재를 못 알아본 그 회사가 나쁜 거야. 분명 그 회사 물건도 좋지 못할 것 같아. [SEP] 인재를 못 알아보는 회사에 부정적인 감정이 생겼군요.,E15,Pro_05346,Pro_05346_00009,Pro_05346,-0.0140904775,-0.25915873,-0.28381565,-0.31632066,0.17630494,0.08449345,-0.18325643,-0.037078552,0.052407812,0.2783137,0.03885059,-0.17844963,-0.11661368,-0.10194147,-0.145389,0.022588735,-0.121867724,-0.27521542,-0.21268341,0.13126914,0.0073843263,0.012167773,-0.08528515,-0.1584565,-0.17103656,-0.11967591,-0.33867744,0.18360312,-0.28491437,0.24551265,-0.32029575,-0.060782604,-0.21893997,2.9588118e-05,0.07049464,0.37519425,0.07996706,0.096728295,-0.1546807,0.013898692,-0.24789351,0.2623199,-0.11240227,-0.06173292,-0.08910056,-0.015337468,0.065595314,-0.10938944,0.087252825,-0.10017457,-0.55284774,0.11237112,0.25472647,-0.41366976,-0.13735154,-0.008341905,0.14454484,-0.18576692,0.28667247,0.02607062,-0.03392165,0.26104915,0.16659692,0.12860316,0.15181859,0.24855101,0.54439044,0.34354025
현 직장에서 여성 직원이라는 이유만으로 연봉을 올려주지 않겠대. [SEP] 연봉 미인상의 이유가 불합리해서 회사의 의도가 악의적이라고 느끼겠어요. [SEP] 응. 미혼일 경우에도 그렇지만 기혼자에게는 또 더 심한 것 같아. [SEP] 여성이라는 이유만으로 악의적인 차별을 받아야 한다니. 일을 계속해야 할지 고민스러우시겠어요.,E15,Pro_05346,Pro_05346_00044,Pro_05346,-0.02256846,-0.20304462,-0.28146803,-0.32255253,0.16668436,0.057405587,-0.14316477,-0.015509238,0.039795004,0.26606995,0.05109876,-0.14520136,-0.1093121,-0.08919316,-0.12406584,-0.010013995,-0.08275796,-0.24039064,-0.2007061,0.14058268,0.001719827,0.029863471,-0.09574701,-0.09298041,-0.115604825,-0.07472837,-0.32298464,0.20501569,-0.2373126,0.20764664,-0.2837367,-0.06596748,-0.19234876,0.004974744,0.0706901,0.36610517,0.04040226,0.08908961,-0.1523566,0.028032556,-0.23839349,0.23955786,-0.11032433,-0.08707581,-0.10024156,-0.025870582,0.06560453,-0.08589694,0.0636748,-0.09453439,-0.52672917,0.1382385,0.25998223,-0.38139832,-0.0885083,-0.015439092,0.13822322,-0.19155462,0.2536644,0.00827458,-0.0083825225,0.24385518,0.1579171,0.14161325,0.11096114,0.2625203,0.48107406,0.35508582
나는 어릴 때부터 명확하게 한 가지 분야의 진로만을 설정해왔고 지금도 이 분야의 직장에 취업하기 위해 노력하고 있어. [SEP] 어릴 때부터 지금까지 명확한 목표가 있고 준비 중이라니 멋진 것 같아요. [SEP] 하지만 취업준비 기간이 길어질수록 최근 들어 이 분야에 대해 부정적인 감정이 들기 시작해서 걱정이야. [SEP] 오랜 취업 준비로 많이 지치신 것 같아요.,E15,Pro_05346,Pro_05346_00006,Pro_05346,-0.041442044,-0.22054732,-0.28207776,-0.30630285,0.15395133,0.08060362,-0.15115197,-0.03201742,0.042234503,0.27068484,0.049058035,-0.16475606,-0.11090318,-0.0789218,-0.109488524,0.021174286,-0.0867165,-0.26473388,-0.2079806,0.1101033,-0.017924152,0.033603564,-0.08675989,-0.120927356,-0.11564789,-0.083393574,-0.3457869,0.20773542,-0.24919212,0.22712152,-0.292091,-0.08019434,-0.21561246,-0.032996,0.0774417,0.37263483,0.044430472,0.09569682,-0.15752673,0.012547545,-0.24324544,0.24337561,-0.12979506,-0.09594856,-0.09541251,-0.039061956,0.08685433,-0.092976816,0.06174073,-0.10725972,-0.53813237,0.13516577,0.23902604,-0.37040675,-0.10311802,-0.033639714,0.11388783,-0.19288689,0.27272195,0.01991632,-0.010032611,0.22704965,0.16634898,0.14342691,0.14992017,0.2920081,0.48778132,0.34536815
회사에서 따돌림당하는 것 같아. 뭔가 업무 분담이 악의적으로 느껴져. [SEP] 회사에서 따돌림당해 고통받으시는군요. 이런 상황을 극복할 방법이 있지 않을까요? [SEP] 일단 변호사를 만나보려고 해. 상담하고 나면 뚜렷한 돌파구가 생길 것 같은 기분이야. [SEP] 변호사와 상담을 통해 돌파구를 찾으실 생각이시군요.,E15,Pro_05346,Pro_05346_00048,Pro_05346,-0.041466884,-0.21406852,-0.27785006,-0.29838136,0.14905125,0.077289194,-0.14511974,-0.031402666,0.040770173,0.26261786,0.045289896,-0.16165534,-0.10610641,-0.07970162,-0.107515156,0.020257033,-0.08163633,-0.25635463,-0.20242818,0.10850022,-0.018248463,0.034269758,-0.085681215,-0.11583165,-0.11249168,-0.0825703,-0.33666047,0.20253487,-0.2430313,0.22126281,-0.28516665,-0.07731991,-0.20906319,-0.032109097,0.07462592,0.36292207,0.043342646,0.09622349,-0.15147753,0.013590847,-0.23203136,0.23705722,-0.12554044,-0.092551745,-0.09393081,-0.03877027,0.0835611,-0.089435995,0.06000882,-0.10406342,-0.5242844,0.1323968,0.23205206,-0.36126465,-0.09793301,-0.031106379,0.10778767,-0.18799756,0.26558554,0.020500414,-0.008443031,0.22118776,0.16264465,0.13932611,0.14525422,0.28419653,0.473653,0.33484513
취업하고 싶은 회사가 있는데 사원모집 공고가 빨리 안 나네. 마음이 너무 조급해. [SEP] 사원모집 공고를 기다리고 계시는데 빨리 발표가 나지 않아 마음이 불안하시군요. [SEP] 빨리 공고가 올라와야 원서 접수를 하고 면접도 보고 취업을 할 수 있을 것 같은데 공고가 왜 이렇게 늦게 발표가 나는지 모르겠어. 좀 서둘러줬으면 좋겠어. [SEP] 공고가 늦어서 조급한 마음이 드시는군요.,E16,Pro_05347,Pro_05347_00048,Pro_05347,-0.014512641,-0.2741947,-0.28737846,-0.30603647,0.17633694,0.09379978,-0.20610027,-0.05035714,0.055239026,0.28691155,0.028793458,-0.19786547,-0.1284498,-0.09624511,-0.14507543,0.035838872,-0.13555129,-0.29651192,-0.2292211,0.12049679,-0.0035825963,0.003811084,-0.0864438,-0.19272174,-0.18906495,-0.13252118,-0.35722134,0.1796212,-0.30386382,0.2701235,-0.32682276,-0.05789481,-0.23679014,-0.020576753,0.07648095,0.38855767,0.100078024,0.09134298,-0.16600941,0.006588576,-0.25931838,0.27993387,-0.12065957,-0.052492313,-0.0916273,-0.015945911,0.07717585,-0.12156063,0.085870385,-0.107004285,-0.5743917,0.11213011,0.250219,-0.42346558,-0.1703776,-0.026483638,0.14752026,-0.1843828,0.30463964,0.03214636,-0.040006198,0.25559708,0.1685346,0.1284493,0.18921992,0.25039402,0.56850564,0.35496464
빨리 취업하고 싶다. [SEP] 취업하고 싶으시군요. 왜 빨리 취직하고 싶나요? [SEP] 빨리 취업해서 돈 벌고 싶어. 월급 받으면 자동차도 사고 여행도 가고 저축도 하고 싶어. [SEP] 월급을 모아 자동차도 사고 여행도 가고 저축도 하고 싶군요.,E16,Pro_05347,Pro_05347_00021,Pro_05347,-0.062246945,-0.2318189,-0.27629402,-0.2724726,0.1315648,0.1022587,-0.15441503,-0.051786195,0.04300585,0.26382893,0.038359437,-0.18481949,-0.10692866,-0.067790546,-0.090012625,0.056506015,-0.085262224,-0.28140247,-0.20992991,0.07144907,-0.042251073,0.03713037,-0.075279765,-0.14986907,-0.114102,-0.09414527,-0.3588753,0.20107548,-0.2557141,0.24350858,-0.29086843,-0.09031176,-0.2335035,-0.07724031,0.081285976,0.36608523,0.051141813,0.10273575,-0.15524553,-0.0041770656,-0.23188402,0.24050117,-0.14553535,-0.09802812,-0.08810161,-0.0531501,0.106864266,-0.09722978,0.0563965,-0.11716315,-0.5318161,0.12702666,0.20283478,-0.344642,-0.11714984,-0.05298633,0.07722099,-0.18575819,0.2851087,0.03492226,-0.010393189,0.19725704,0.16969702,0.1384172,0.1923973,0.31147406,0.47608143,0.31915823
면접 결과를 기다리고 있는데 연락이 없어서 초조해. [SEP] 합격 결과 연락을 기다리고 계시는군요. [SEP] 응. 좋은 소식이 있었으면 좋겠어. [SEP] 조만간 좋은 소식 들으셨으면 좋겠어요. 행운을 빌어요!,E16,Pro_05347,Pro_05347_00017,Pro_05347,-0.07944985,-0.20213558,-0.26304114,-0.1810625,0.087463684,0.09972051,-0.17188315,-0.08436867,0.03332711,0.23900892,-0.012209851,-0.21630572,-0.11861808,-0.032636855,-0.04928586,0.080877006,-0.070656046,-0.2898982,-0.23314247,0.017245028,-0.100361615,0.027522743,-0.08118178,-0.1992244,-0.11055478,-0.0971211,-0.3703695,0.17731811,-0.25100687,0.2752391,-0.24019292,-0.07209756,-0.24656421,-0.1610344,0.09091263,0.35488644,0.08544112,0.07880169,-0.1638166,-0.017854845,-0.2025011,0.25176707,-0.15760303,-0.07048925,-0.09920205,-0.06936572,0.14048243,-0.1029247,0.015239148,-0.12392273,-0.51598793,0.13530098,0.13957416,-0.29082188,-0.17329672,-0.123377234,0.03726675,-0.15740308,0.28770456,0.04821983,0.00075816724,0.11399724,0.14928108,0.12747371,0.2848897,0.29716462,0.42458788,0.31054354
나 드디어 원하는 회사에 취업했어! [SEP] 취업에 성공하셨군요. 축하해요. 기분이 어떠시나요? [SEP] 그동안 취업을 못 해서 부모님께 죄송한 마음도 들고 걱정도 컸는데 이젠 한시름 놓았어. [SEP] 그동안의 걱정과 죄책감이 덜어지셨군요.,E67,Pro_05398,Pro_05398_00004,Pro_05398,-0.22629346,-0.16872877,-0.23006585,0.025033366,-0.069370955,0.18689029,-0.12645243,-0.16847433,0.014573514,0.18605569,-0.051135525,-0.28340217,-0.09183617,0.070364036,0.11862001,0.23695533,0.009080585,-0.34353846,-0.23723817,-0.20779277,-0.26529914,0.08319129,-0.033871304,-0.26277304,0.008062266,-0.07427856,-0.44109303,0.18945436,-0.20746875,0.31734362,-0.1641016,-0.1507373,-0.31994003,-0.41685298,0.12343649,0.31653225,0.05295227,0.103117004,-0.16068114,-0.09777684,-0.13359968,0.20320112,-0.26141915,-0.14044593,-0.08124883,-0.1806496,0.27363104,-0.09064961,-0.06801314,-0.18261759,-0.4496092,0.14521718,-0.07671159,-0.053413387,-0.18033864,-0.268692,-0.19573683,-0.13276762,0.3153074,0.10575052,0.048564337,-0.114206344,0.15914622,0.13155557,0.49054232,0.4658299,0.2491057,0.19453165
나는 상사가 하라고 해서 했는데 인제 와서 나보고 한 게 뭐냐고 그러는 거야. 그게 말이 되나? [SEP] 상사의 말에 아주 속상하고 억울하시군요. [SEP] 억울하다 못해 화병이 날 것 같아. 매일 다른 업무는 미뤄두고 야근까지 하면서 만들었는데 내가 싫으니까 괜히 그러는 것 같아. [SEP] 야근으로 인해 많이 피로가 쌓이셨군요. 상사와 이 문제에 관해 대화를 시도한 적이 있나요?,E47,Pro_05378,Pro_05378_00006,Pro_05378,-0.04431331,-0.25672,-0.2822452,-0.28694442,0.15072979,0.10413286,-0.18031472,-0.05427626,0.049568705,0.27688056,0.03501268,-0.19488984,-0.11738619,-0.079241656,-0.11315162,0.05379602,-0.11020074,-0.29450473,-0.22048518,0.08829688,-0.027665736,0.022844555,-0.07827324,-0.17539395,-0.14919077,-0.11386549,-0.36390206,0.1929067,-0.28143516,0.26005825,-0.31123593,-0.07943615,-0.24066919,-0.058167763,0.08068922,0.3791472,0.073940195,0.09955219,-0.16176887,-0.0026255525,-0.24740049,0.2599546,-0.13875738,-0.08015761,-0.08846933,-0.038776714,0.097693786,-0.110284895,0.070641294,-0.115598455,-0.5559395,0.119519986,0.22190014,-0.3810785,-0.14428331,-0.04362957,0.105477735,-0.1865519,0.29908574,0.03600142,-0.024817947,0.22278738,0.17194836,0.13489617,0.19831982,0.2913297,0.5226905,0.334535
내 친구가 이번에 나보다 먼저 회사에 취직했어. 학교 다닐 때 내가 공부도 더 잘했는데 열등감이 느껴져. [SEP] 친구가 먼저 취업을 하셔서 속상하시군요. 속상할 때는 어떻게 기분을 푸나요? [SEP] 맛있는 것을 먹고 잊어버리려고 노력해. 얼른 잊고 다시 취업 준비를 해서 더 좋은 곳에 취직하고 싶어. [SEP] 더 좋은 곳에 취업하기 위해 노력하시는군요.,E54,Pro_05385,Pro_05385_00018,Pro_05385,-0.12850472,-0.17266743,-0.25327507,-0.14735338,0.043515805,0.11730768,-0.12590365,-0.09014905,0.024105646,0.22004464,-0.0011603752,-0.21003032,-0.09764778,-0.006013321,0.003817335,0.11111851,-0.027406236,-0.2843976,-0.21557643,-0.03659901,-0.1379167,0.05981889,-0.066104814,-0.16824858,-0.04248686,-0.066579476,-0.37834126,0.1981392,-0.211437,0.25601846,-0.21356623,-0.10819908,-0.25118986,-0.21877226,0.09652234,0.3355138,0.040438876,0.094477236,-0.15397647,-0.03309267,-0.17909123,0.21511869,-0.18593471,-0.11631067,-0.092255406,-0.10662724,0.17199911,-0.083031006,-0.00851426,-0.13719612,-0.47768843,0.14524263,0.08925216,-0.2106394,-0.12623176,-0.14748919,-0.035611622,-0.16035774,0.27672702,0.055127576,0.025606472,0.057700124,0.15506744,0.13684417,0.29595166,0.36396754,0.34640664,0.27166873
취업 준비 중인데 잘 안 되어 우울해. [SEP] 취업이 잘 안 되어 기분이 우울하시군요. 좀 더 이야기해 주시겠어요? [SEP] 내 친구들은 진작에 취업했는데 나만 못나서 취업을 못 한 것 같아. [SEP] 친구들보다 취업이 늦어져 자신감이 많이 떨어지셨나 봐요.,E54,Pro_05385,Pro_05385_00061,Pro_05385,-0.061727006,-0.20058078,-0.2733098,-0.2639924,0.12480553,0.084269404,-0.14210367,-0.044962093,0.035949513,0.25419715,0.03367167,-0.1731553,-0.107109144,-0.059740942,-0.07991474,0.03870901,-0.06796385,-0.2636628,-0.2089131,0.07539343,-0.04890757,0.039806522,-0.08374479,-0.12795062,-0.09434712,-0.07590675,-0.3491986,0.20362617,-0.23465459,0.23085755,-0.2656385,-0.08358961,-0.21962723,-0.07907057,0.08136177,0.3599675,0.04308859,0.09254571,-0.15542583,0.003537074,-0.2227926,0.23459087,-0.14088674,-0.09850853,-0.09639297,-0.055319823,0.10657652,-0.08820399,0.04065427,-0.112458736,-0.5175338,0.13945399,0.2011415,-0.32776645,-0.1073098,-0.06379987,0.07708618,-0.18237591,0.26841554,0.026988998,0.001176569,0.18156166,0.1599946,0.14080624,0.18355855,0.30385885,0.4434294,0.32705244
대학 졸업 후 공무원 시험 준비만 오 년이야. [SEP] 긴 시간 수험 생활로 지치셨겠어요. [SEP] 아직도 붙지도 못하고 난 정말 부족해. [SEP] 시험에 붙지 못해서 기운이 없으신 것 같아요.,E26,Pro_05357,Pro_05357_00009,Pro_05357,-0.053280964,-0.1566402,-0.28270417,-0.28051168,0.13387683,0.05266363,-0.13975252,-0.029348344,0.026654148,0.2633458,0.03681387,-0.15649614,-0.12571916,-0.0441104,-0.072614074,-0.003391603,-0.05237781,-0.25193256,-0.22632127,0.09912177,-0.055073082,0.039889753,-0.10797865,-0.097136416,-0.069352634,-0.041333918,-0.35618535,0.22519982,-0.21307315,0.22289215,-0.23766544,-0.07433378,-0.2089869,-0.074405424,0.08978332,0.38180605,0.032776628,0.06693416,-0.17691056,0.01999109,-0.24450664,0.24669142,-0.14039749,-0.10640813,-0.12028499,-0.05557213,0.11119957,-0.08207947,0.016090352,-0.11055135,-0.53778857,0.17474717,0.2302472,-0.33362576,-0.105943754,-0.08996063,0.108556524,-0.19220126,0.25593382,0.0056524454,0.018105403,0.17725399,0.15083528,0.15921602,0.1734747,0.305061,0.43001974,0.3855421
이력서를 여러 곳에 넣었지만 연락 오는 곳이 없어. 나는 운도 없고 복도 없나 봐. [SEP] 취업이 제대로 되지 않아 상심이 크군요. 이런 상황을 어떻게 하면 극복할 수 있을까요? [SEP] 면접 볼 기회라도 있었으면 좋겠어. 이 나이 먹도록 집에 있으니 눈치 보여. [SEP] 이런저런 상황으로 인해 많이 힘들고 답답하겠어요.,E26,Pro_05357,Pro_05357_00030,Pro_05357,-0.020827403,-0.21631731,-0.2920996,-0.2667664,0.15792203,0.06495868,-0.22142702,-0.059324276,0.04019293,0.28742635,0.00046781448,-0.20760112,-0.16052465,-0.05275197,-0.108448446,0.013577618,-0.1136835,-0.3009958,-0.26917216,0.10489962,-0.053664844,-0.0023801543,-0.115866065,-0.20261618,-0.16252665,-0.09957101,-0.38400373,0.19199009,-0.28515357,0.29124227,-0.2705555,-0.040524986,-0.24391946,-0.08142071,0.095783584,0.4131213,0.11370336,0.047999214,-0.2008217,0.011290059,-0.27282092,0.3057537,-0.13567014,-0.046923194,-0.12538506,-0.030180916,0.11209078,-0.12296646,0.03224735,-0.11461595,-0.59688014,0.15805408,0.24113443,-0.40040943,-0.21325952,-0.108635135,0.15461014,-0.18009087,0.30237633,0.01981282,-0.015566213,0.19721219,0.14933397,0.14480127,0.25256637,0.2541523,0.5313976,0.4192378
요새 회사 끝나고 오면 피곤해서 친구도 보기 귀찮고 휴대전화만 하게 되는 거 같아. [SEP] 회사 일이 무척 피곤한가 봅니다. [SEP] 신제품 출시가 얼마 안 남아서 계속 야근했어. 답답한 마음 말할 데도 없고 어쩐지 외롭네. [SEP] 고생이 많네요. 저에게 편하게 말씀하세요.,E53,Pro_05384,Pro_05384_00012,Pro_05384,-0.06275338,-0.15812041,-0.28012374,-0.25875053,0.12152061,0.060595404,-0.14498457,-0.040760256,0.025959676,0.25987947,0.027236333,-0.16862327,-0.12737307,-0.03514644,-0.060804244,0.012231228,-0.051227078,-0.26120624,-0.23177539,0.07895743,-0.07135232,0.039588388,-0.105257384,-0.11540097,-0.069125235,-0.045564823,-0.3647784,0.2212264,-0.21636413,0.23458831,-0.23202041,-0.076067016,-0.21877366,-0.10138603,0.093242906,0.38083097,0.0400968,0.065806575,-0.17906624,0.012135498,-0.23982403,0.2490669,-0.14863913,-0.10431379,-0.1198134,-0.06271866,0.12361184,-0.0853002,0.008963728,-0.11576889,-0.5374033,0.17401092,0.2113457,-0.3198545,-0.120011136,-0.10703878,0.09233921,-0.18727544,0.26256034,0.012400712,0.01913578,0.15706518,0.15017463,0.15721673,0.20207669,0.3119566,0.4228099,0.37851995
가뜩이나 취업하기 어려운데 코로나 때문에 더 힘들어졌어. [SEP] 코로나 때문에 취업 시장이 더 어려워졌네요. [SEP] 계속 어학 점수 관리하고 있고 자격증도 준비하고 있지만 날이 갈수록 초조해. [SEP] 외부 상황이 나아지지 않아 불안하시군요.,E16,Pro_03787,Pro_03787_00001,Pro_03787,-0.0256855,-0.18790533,-0.2888215,-0.3142591,0.16442095,0.050693374,-0.15942933,-0.021754986,0.03555083,0.27679986,0.04262294,-0.1555155,-0.12977459,-0.06919137,-0.11059764,-0.016191062,-0.08100324,-0.25510988,-0.2261841,0.13414334,-0.020527009,0.025721079,-0.109274946,-0.10753167,-0.10985124,-0.063267544,-0.34785035,0.21596754,-0.23878767,0.22678776,-0.2689093,-0.062145505,-0.20558846,-0.02469287,0.0829095,0.38955334,0.049610544,0.06989941,-0.17548789,0.027660586,-0.25859743,0.26001683,-0.123000115,-0.08805822,-0.11630828,-0.032569967,0.08590109,-0.09209393,0.043002702,-0.10252639,-0.55557173,0.16061258,0.2633914,-0.38287616,-0.1168818,-0.055336196,0.14809118,-0.19543478,0.26350555,0.0032944896,-0.000649441,0.22537078,0.15464424,0.15333337,0.1478062,0.27424148,0.48482096,0.39545965
가장 친한 친구가 사업한다고 해서 투자했는데 파업하고 연락도 없이 떠나버렸어. [SEP] 믿었던 친구에게 물질적 정신적으로 배신을 당하셨군요. 해결책은 없을까요? [SEP] 우선 법률적 자문하고 있어. 안타깝지만 소송이라도 해야지. [SEP] 안타까운 마음에 법률적 자문을 통해 소송을 준비하시는군요.,E42,Pro_03573,Pro_03573_00001,Pro_03573,-0.09294973,-0.21241367,-0.2766793,-0.2522452,0.10723604,0.11216423,-0.14060953,-0.059967965,0.036568303,0.26305348,0.04165013,-0.18963496,-0.10811393,-0.0414082,-0.05317405,0.07344036,-0.06299483,-0.29158717,-0.21635072,0.036161724,-0.076394565,0.05301293,-0.0735678,-0.14454876,-0.07477234,-0.07240244,-0.38175473,0.2207664,-0.23844118,0.24672674,-0.27275068,-0.11096512,-0.24771892,-0.12908354,0.09255629,0.37261525,0.031618163,0.10195164,-0.16486709,-0.014706382,-0.23506436,0.23392114,-0.17143995,-0.1262534,-0.09276573,-0.07870453,0.13827293,-0.091566145,0.033158425,-0.13121402,-0.53380316,0.14509927,0.17857276,-0.30605024,-0.1088797,-0.08979522,0.04251912,-0.1917061,0.28884715,0.036987163,0.0065605855,0.1580803,0.17363295,0.1516555,0.22309053,0.3608382,0.44143945,0.32216388
가족들 아니면 다 남이라는 말이 맞나 봐. [SEP] 무슨 일이 있었나 보군요. [SEP] 결국에는 다 자기 생각만 하더군. 나는 상처만 받고. [SEP] 누군가에게 상처를 받아서 아주 속상한가 보군요.,E40,Pro_03571,Pro_03571_00001,Pro_03571,-0.06707957,-0.18812987,-0.268709,-0.26505846,0.11879598,0.08092188,-0.12109955,-0.03761164,0.033279523,0.24455403,0.04043626,-0.16002226,-0.095439404,-0.061477616,-0.07446085,0.035135515,-0.054164723,-0.24799863,-0.19441006,0.07533312,-0.045675892,0.048728194,-0.08009183,-0.10252574,-0.075734906,-0.065699555,-0.33597153,0.20636086,-0.21752809,0.21184036,-0.25837538,-0.089128524,-0.20775586,-0.07222958,0.077174544,0.34618133,0.025515892,0.09892966,-0.14489882,0.0060882824,-0.20963481,0.2172769,-0.13782822,-0.108243085,-0.09265697,-0.058829516,0.10169897,-0.07778539,0.039805714,-0.108943075,-0.49464512,0.13851649,0.19621167,-0.31062323,-0.07970239,-0.05306838,0.06481649,-0.18217379,0.25458807,0.024888476,0.0072804,0.17840804,0.15904298,0.1402585,0.16018975,0.3081713,0.41745332,0.3108699
간절한 마음으로 열심히 취업에 준비 중인데 갑자기 힘이 빠지네. [SEP] 갑자기 힘 빠지는 일이 있으셨군요. 어떤 일인지 좀 더 설명해 주실 수 있으세요? [SEP] 하반기 취업 문이 더 좁아진다는 기사를 보니 더 우울해지네. [SEP] 전반적인 취업 상황이 어려워졌다는 기사에 우울해지셨군요.,E24,Pro_03795,Pro_03795_00001,Pro_03795,-0.047436964,-0.21468161,-0.2781436,-0.2861392,0.14252426,0.08197021,-0.15180452,-0.039243355,0.04019199,0.26367632,0.03920663,-0.17101012,-0.11075798,-0.071751215,-0.099352434,0.029125873,-0.08201954,-0.2656572,-0.21019754,0.09599372,-0.030702967,0.03330728,-0.08595906,-0.1299545,-0.112622105,-0.08405564,-0.34698138,0.20249169,-0.24671179,0.2321016,-0.28165895,-0.078408584,-0.21807052,-0.052243475,0.07882963,0.36742908,0.049347233,0.093034975,-0.15700214,0.008576339,-0.23421222,0.24255627,-0.13295868,-0.091959976,-0.09595349,-0.04387207,0.09424894,-0.09301584,0.05363755,-0.10887888,-0.53085065,0.1352449,0.22270736,-0.35557416,-0.1113211,-0.04693137,0.10073931,-0.1865315,0.2724233,0.023858957,-0.007324941,0.20834003,0.16264446,0.1403966,0.16818732,0.29129773,0.47314376,0.33794436
같이 일하는 동기가 일 처리를 이상하게 해서 내가 욕을 먹어. 그래서 너무 화가 나. [SEP] 동기가 미숙해 피해를 보시는군요. 이런 상황을 어떻게 해결하고 싶으신가요? [SEP] 지금은 참고 있지만 이런 일이 계속되면 못 참지. 상사한테 팀을 바꿔 달라고 요청할 거야. [SEP] 팀을 바꿔 달라는 요청까지 고려하고 계시는군요.,E15,Pro_03546,Pro_03546_00001,Pro_03546,-0.018358525,-0.27970883,-0.28609264,-0.30018058,0.17261411,0.09986677,-0.20731838,-0.05470786,0.05620982,0.28579974,0.027140865,-0.20251141,-0.12679498,-0.095694155,-0.14284989,0.044672042,-0.13698168,-0.30062392,-0.22863777,0.11284228,-0.0068364143,0.0042511416,-0.08286621,-0.19994473,-0.19106527,-0.13695319,-0.35941347,0.17723657,-0.30698368,0.27372858,-0.32927215,-0.06037172,-0.24089237,-0.027874522,0.07663943,0.38664907,0.10207927,0.09436575,-0.16446927,0.0026289946,-0.25679022,0.27911523,-0.12346192,-0.052388538,-0.08874419,-0.018100956,0.08016906,-0.1230044,0.0871036,-0.10893489,-0.57306266,0.10826854,0.243001,-0.42002708,-0.17312396,-0.027639247,0.14000726,-0.18287253,0.30805537,0.036100373,-0.041541502,0.2518758,0.17004558,0.12652469,0.19701935,0.2538497,0.568943,0.34719217
같이 일하던 사람이 나 때문에 혼났는데 사과를 못 해서 어색한 사이가 됐어. [SEP] 사과할 타이밍을 놓쳐서 관계가 어색해지셨군요. [SEP] 어떻게 해야 내 사과를 받아줄까? [SEP] 솔직한 감정으로 사과할 방법은 어떤 방법이 있을까요?,E51,Pro_03822,Pro_03822_00002,Pro_03822,-0.09632798,-0.20926249,-0.26502818,-0.22034296,0.09072248,0.11400294,-0.1350385,-0.068016276,0.035349727,0.24326678,0.026048683,-0.1939297,-0.09726066,-0.04239723,-0.047095258,0.08600654,-0.057541884,-0.28195226,-0.20625278,0.020192226,-0.08308501,0.051590674,-0.06651271,-0.15286493,-0.07773212,-0.08179415,-0.3660475,0.20160174,-0.2341056,0.24445812,-0.2611111,-0.10451956,-0.24129039,-0.1399019,0.08673158,0.34863383,0.03936858,0.10554607,-0.15023473,-0.018993622,-0.20578066,0.22260427,-0.16524571,-0.11253063,-0.085655876,-0.079431064,0.13557886,-0.088642284,0.031181663,-0.12684913,-0.5025794,0.13165408,0.14984797,-0.28179368,-0.110685185,-0.08853085,0.019402424,-0.17607382,0.2807271,0.045616474,0.0056411806,0.13763866,0.16635668,0.13756923,0.23179543,0.34259275,0.4151918,0.28804412
걱정이야. 이러다가는 평생 연애만 하고 결혼은 못 할 거 같아. [SEP] 결혼을 못 할 것 같아 두려우시군요. 어떤 이유가 있으신가요? [SEP] 결혼하는 데 드는 비용을 보니 너무 천문학적이야. 난 그런 능력이 전혀 없어. [SEP] 결혼에 비용이 너무 많이 든다는 생각에 좌절하신 것 같네요.,E12,Pro_03663,Pro_03663_00001,Pro_03663,-0.016716585,-0.21794128,-0.2842389,-0.33151284,0.17520961,0.061704952,-0.15255214,-0.016370626,0.043519907,0.27265024,0.05294437,-0.14932178,-0.11179153,-0.095571615,-0.13440244,-0.008112116,-0.09411117,-0.24752365,-0.20300725,0.14669308,0.0096432,0.025494523,-0.09463577,-0.10310925,-0.13006864,-0.0841809,-0.32587358,0.20288873,-0.24936791,0.21385907,-0.29670107,-0.06478559,-0.19672766,0.014303283,0.07006065,0.3714231,0.04742729,0.09118884,-0.15377179,0.027455453,-0.24567899,0.24593765,-0.108707644,-0.08270098,-0.09818275,-0.020549987,0.061556328,-0.09130725,0.07264428,-0.09470757,-0.53715587,0.13309775,0.26797646,-0.39696229,-0.09627698,-0.0076429434,0.14784655,-0.19345812,0.2610708,0.009724443,-0.015404083,0.25732565,0.16128723,0.14041549,0.110837236,0.25853363,0.50317925,0.35807928
결혼 못 한 친구 중에 부끄러워하는 친구들이 있어. 갑자기 나도 조금 부끄럽네. [SEP] 결혼을 못 해 부끄러움을 느끼시는군요. 결혼에 대해 어떻게 생각하시나요? [SEP] 그동안 결혼에 대해 너무 아무 생각 없이 살았는데 생각 좀 해봐야겠어. [SEP] 부끄럽다는 생각이 결혼에 대해 생각할 계기가 된 것 같아요.,E56,Pro_03707,Pro_03707_00001,Pro_03707,-0.14201252,-0.17120448,-0.24902967,-0.13916482,0.031625003,0.12601247,-0.1111616,-0.091920964,0.023163829,0.21308501,0.0035125022,-0.20814368,-0.087420575,-0.0032478904,0.0153217055,0.123711854,-0.017526604,-0.28218085,-0.2056006,-0.051910397,-0.14395301,0.069320135,-0.05787123,-0.16006227,-0.026916115,-0.06284042,-0.3768443,0.2008676,-0.20250195,0.24868324,-0.211777,-0.11975001,-0.25173676,-0.23002374,0.09563881,0.32530534,0.02733431,0.103953086,-0.14628328,-0.038584888,-0.16857645,0.2010859,-0.19204524,-0.12844752,-0.08590547,-0.115711875,0.17722517,-0.077328786,-0.009430338,-0.13997091,-0.46127906,0.141728,0.07317192,-0.1883462,-0.108966604,-0.14569795,-0.059102383,-0.16027872,0.2737343,0.059436467,0.029654363,0.046486713,0.15832126,0.13644035,0.29394075,0.38110054,0.32680064,0.25072426
졸업도 얼마 안 남았는데 취업을 못 해서 앞이 캄캄해. [SEP] 취업을 못 한 상황에 걱정이 많겠어요. 어떻게 하면 상황이 나아질까요? [SEP] 전공을 살릴 수 있는 일을 하면 좋겠다는 생각이 있어. 교수님께도 알아봐 달라고 해야지. [SEP] 전공을 살릴 수 있는 일을 위해 교수님께 도움을 요청할 생각이군요.,E24,Pro_05355,Pro_05355_00034,Pro_05355,-0.055425234,-0.19374184,-0.27847156,-0.2626369,0.12950279,0.075919904,-0.15760091,-0.04716424,0.034348678,0.2619127,0.026103891,-0.17906207,-0.121898994,-0.051957395,-0.079736724,0.02890087,-0.072265156,-0.2708986,-0.22588474,0.08036167,-0.056123495,0.03234301,-0.094514936,-0.13954471,-0.10045097,-0.07299065,-0.360411,0.20612362,-0.23986512,0.24360298,-0.25867692,-0.074639946,-0.2248127,-0.08657266,0.08721351,0.37525707,0.05522395,0.07820637,-0.16978346,0.0064234333,-0.23643923,0.25137842,-0.1427235,-0.091153964,-0.107251,-0.053195156,0.112700276,-0.0940657,0.0312282,-0.1142261,-0.53803873,0.15132375,0.21013755,-0.33884194,-0.13034438,-0.0833779,0.09395863,-0.18331301,0.27397165,0.022539195,0.0025497882,0.1777095,0.15604545,0.14574072,0.20215537,0.29827183,0.45454496,0.35611814
보육교사라는 직업이 점점 힘들어지는 것 같아. 점점 우울하네. [SEP] 보육교사라서 힘든 일이 있으셨나요? [SEP] 보수도 적고 아이들도 힘들고 언제까지 이 직업을 해야 하나 싶어. [SEP] 일이 점점 힘들어져서 속상하시군요.,E24,Pro_05355,Pro_05355_00015,Pro_05355,-0.012770488,-0.117559604,-0.3052844,-0.33815718,0.17873476,0.0006448514,-0.16068244,0.00085820607,0.020610208,0.2941175,0.045850962,-0.13249934,-0.1634199,-0.040973764,-0.097301096,-0.082311794,-0.05781092,-0.24130194,-0.25900042,0.16939512,-0.034457877,0.024460647,-0.1494843,-0.06418295,-0.07143497,-0.007989475,-0.36490628,0.25152785,-0.20715824,0.21968348,-0.22361432,-0.046924476,-0.19277726,-0.023462668,0.09878747,0.428267,0.03650284,0.025886534,-0.21399692,0.052867834,-0.29706407,0.28390756,-0.12519304,-0.100253746,-0.15652767,-0.03402638,0.09750938,-0.08471652,0.0011580079,-0.1015681,-0.5924139,0.21924601,0.30849913,-0.39367467,-0.12223595,-0.10429206,0.19905663,-0.21179356,0.24741185,-0.03072101,0.026576953,0.21604934,0.14016849,0.18435803,0.14091243,0.27876842,0.46761113,0.4958976
결혼 삼 년 차인데 아내가 매일같이 잔소리만 해. 내가 아내랑 사는 것인지 엄마랑 사는 것인지 모르겠어. 내 물건 작은 것 하나만 사도 난리도 아니야. [SEP] 배우자의 잦은 잔소리로 인해 결혼생활에 후회감을 가지게 되었군요. [SEP] 우리가 내 집 마련을 위해 대출받은 것이 있거든. 그래서 절약해야 하는 점이 있긴 해. 아내도 절약하니까 미래를 위해 나도 좀 노력을 해야겠다. [SEP] 지금은 힘드시겠지만 앞으로는 좋은 일이 있을 테니까요. 서로 힘을 합쳐 이겨내시길 바랄게요.,E23,Pro_03674,Pro_03674_00002,Pro_03674,-0.036076948,-0.2212157,-0.28293878,-0.29906788,0.15521616,0.07755658,-0.1636761,-0.036618717,0.042312592,0.27224308,0.039668176,-0.1720032,-0.118387766,-0.07653862,-0.11153856,0.019728025,-0.09253409,-0.269566,-0.21717279,0.11055818,-0.021909654,0.02636385,-0.0911946,-0.13582827,-0.12660985,-0.08841534,-0.3495636,0.2023594,-0.25630635,0.23768406,-0.28916323,-0.07172313,-0.21899946,-0.038173128,0.07930392,0.37742987,0.058011677,0.08814357,-0.16309898,0.012720919,-0.24603243,0.2536622,-0.12853399,-0.08482503,-0.09954302,-0.03581311,0.08866191,-0.09825451,0.05843318,-0.10722346,-0.54620695,0.13669282,0.23910815,-0.3765979,-0.12253271,-0.04344078,0.121530384,-0.18926911,0.27699506,0.02041757,-0.012297237,0.22352223,0.16279803,0.14171933,0.16556826,0.28099594,0.4958954,0.3550357
결혼 준비하면서 참 행복했는데 날짜가 다가올수록 초조해지고 불안해져. [SEP] 결혼식이 다가오면서 불안하시군요. 좀 더 자세히 얘기해주시겠어요? [SEP] 막연한 두려움이 생겨. 서로가 함께하는 한평생에 대한 불안과 걱정. [SEP] 결혼 후 생활에 대해서 확실하지 않아서 불안하시군요.,E30,Pro_03681,Pro_03681_00001,Pro_03681,-0.030501528,-0.29113913,-0.28677806,-0.31732404,0.17259276,0.11426571,-0.19021809,-0.04981318,0.058879144,0.28873616,0.0473955,-0.19522639,-0.11427194,-0.10135946,-0.14122462,0.05601381,-0.13318247,-0.30178872,-0.21405873,0.108397335,0.0009460558,0.017334,-0.07139118,-0.18293338,-0.17746316,-0.13401596,-0.36026853,0.18872523,-0.30302414,0.26147208,-0.34485573,-0.0807693,-0.2429559,-0.021422686,0.074645504,0.3831588,0.079594895,0.11216792,-0.15630424,-0.0018325539,-0.2582894,0.26396897,-0.13049935,-0.075393446,-0.07842283,-0.024977785,0.07992938,-0.11755131,0.09840457,-0.11266809,-0.5676691,0.1022152,0.24358752,-0.4152833,-0.14270146,-0.008349184,0.12525125,-0.19247472,0.30905768,0.03844845,-0.041383956,0.26328874,0.18165138,0.13057189,0.17523344,0.28238323,0.56856304,0.32898292
결혼이 코앞인데 아직 확신이 들지 않아. 자꾸 도망치려는 내가 싫어져. [SEP] 결혼을 앞두고 고민이 많으시군요. 그런 감정을 누구에게 말해보셨나요? [SEP] 여자친구와 이야기해 보려고 해. 그러면 마음의 위안을 얻을 수 있을 것 같아. [SEP] 여자친구와의 이야기를 통해 확신을 얻으려고 하시는군요.,E57,Pro_03708,Pro_03708_00005,Pro_03708,-0.08259068,-0.20022108,-0.26775667,-0.23859616,0.103678696,0.09900431,-0.13359985,-0.056346323,0.03440895,0.24578679,0.030066961,-0.1819143,-0.09995808,-0.048893362,-0.058928035,0.06342402,-0.057959657,-0.27026328,-0.20538765,0.044062886,-0.0690231,0.048348024,-0.074333645,-0.13602601,-0.07950948,-0.07545624,-0.356437,0.20364952,-0.22945133,0.23461966,-0.25923648,-0.09601199,-0.22912292,-0.113636374,0.08404848,0.3512488,0.03719313,0.099781685,-0.15126151,-0.008228786,-0.21063614,0.22466247,-0.15430872,-0.108543925,-0.09074109,-0.070160605,0.12286767,-0.085949115,0.03319323,-0.11991787,-0.50459766,0.1365793,0.17111902,-0.29713798,-0.10404482,-0.07799375,0.04222233,-0.17867899,0.2718526,0.036403853,0.006064415,0.15418209,0.1626207,0.13948753,0.20704325,0.3266944,0.4199784,0.30372694
결혼하고 아이가 생기면 좋을 줄 알았는데 그런 건 아무것도 없었어. [SEP] 상상하던 일들과는 달라서 실망하셨군요. [SEP] 집에 들어가면 애들은 자꾸 놀아 달라고 하는 데 너무 지쳐. 내가 너무 한심해. [SEP] 무기력해지는 자신에게 실망감을 느끼시는군요.,E58,Pro_03709,Pro_03709_00002,Pro_03709,-0.06318893,-0.13275224,-0.2783826,-0.25554916,0.11698746,0.046731617,-0.13310772,-0.033912223,0.020419993,0.25326538,0.026410248,-0.1576226,-0.12679553,-0.029114176,-0.05273294,-0.0024647664,-0.036664058,-0.2467245,-0.22988842,0.0830268,-0.07542542,0.04323278,-0.11154423,-0.09438461,-0.050944336,-0.029372886,-0.35752764,0.22558224,-0.19822589,0.22261538,-0.21278992,-0.07284061,-0.20750327,-0.101153344,0.09334889,0.37672395,0.03051049,0.058913488,-0.17912577,0.018494016,-0.23407893,0.24314938,-0.14565557,-0.107818924,-0.12602678,-0.065047964,0.123255216,-0.0772924,-0.0027920383,-0.112359226,-0.52668315,0.18434559,0.21187621,-0.30656546,-0.10830325,-0.113775834,0.092251465,-0.18636787,0.24888936,0.0054250383,0.0288253,0.14650154,0.1436356,0.16039631,0.19146895,0.30935788,0.39708412,0.385212
결혼하려고 하는데 친구랑 비교가 되네. [SEP] 어떤 부분이 비교되시나요? [SEP] 비슷한 시기에 결혼하거든. 근데 준비 과정에서부터 나랑 달라도 너무 다른 결혼이네. [SEP] 비슷한 시기에 결혼하는 친구와 비교가 많이 되나 보네요.,E54,Pro_03705,Pro_03705_00003,Pro_03705,-0.10600114,-0.2028598,-0.2603921,-0.20436004,0.07813532,0.11746834,-0.1268794,-0.07206636,0.033239715,0.23495007,0.022648692,-0.19514811,-0.09183818,-0.03684998,-0.035373587,0.09495376,-0.04871375,-0.27948508,-0.2020142,0.005524214,-0.09307161,0.056321155,-0.06258418,-0.15155838,-0.06697264,-0.078986205,-0.3645674,0.20001417,-0.22656016,0.24208432,-0.2524946,-0.108576775,-0.24136154,-0.15531369,0.0868025,0.3397833,0.034856673,0.10813903,-0.14575492,-0.023105282,-0.19446564,0.21445638,-0.16922268,-0.1162052,-0.083291866,-0.08647938,0.14165097,-0.08498481,0.025336614,-0.1284698,-0.4887352,0.13062169,0.13274792,-0.26119357,-0.10537144,-0.09498063,0.0005895644,-0.17214079,0.27742144,0.04924163,0.009932977,0.12074444,0.16508505,0.13566524,0.23923218,0.3494742,0.39475757,0.27374387
나 오늘 네이버 인턴 면접 봤는데 내가 봐도 잘 본 것 같아. [SEP] 면접 보고 오셨군요. 자신감이 넘쳐 보여요. [SEP] 준비한 질문이 나와서 준비한 대로 내가 가진 장점을 어필할 수 있었어. 면접관들도 내 답변에 만족스러운 눈치였고. [SEP] 자신하시는 만큼 좋은 결과 있으면 좋겠어요.,E69,Pro_05400,Pro_05400_00001,Pro_05400,-0.19117366,-0.14412285,-0.23621409,-0.030935882,-0.034049686,0.14761533,-0.115904324,-0.13468893,0.0122653395,0.19066271,-0.03636393,-0.24782571,-0.094113685,0.04945895,0.08566787,0.17804655,0.010184286,-0.30854204,-0.22861786,-0.14356002,-0.22518066,0.0772,-0.052454848,-0.21128045,0.0065408945,-0.056219596,-0.4117354,0.19527091,-0.19124162,0.2852909,-0.16072331,-0.13043974,-0.2846601,-0.34983417,0.11391137,0.3186658,0.041313477,0.091823176,-0.15859605,-0.06820713,-0.14300632,0.2025673,-0.23107667,-0.13279453,-0.092028946,-0.15600455,0.2374099,-0.080450505,-0.05933196,-0.16266523,-0.44757655,0.15558209,-0.017750548,-0.09577421,-0.15245551,-0.23397665,-0.13864768,-0.14039469,0.28813198,0.08093467,0.049812857,-0.06523584,0.15000375,0.1357865,0.41265067,0.4236891,0.25785854,0.22924802
