config,ok_rows,error_rows,objective,mean_branch_len,len1_ratio,mean_activation_density,tracked_lift_mean,tracked_separation_mean,valence_lift,social_orientation_lift,action_tendency_class_lift,appraisal_family_lift,control_state_lift,valence_separation,social_orientation_separation,action_tendency_class_separation,appraisal_family_separation,control_state_separation,params_json
thr0.64_topk3_clip1.2_inh0.18_midfat,24,0,0.70249,41.375,0.0,0.922997,-0.025,0.21328,-0.041667,0.083333,-0.041667,0.0,-0.125,0.484983,0.253398,0.192059,0.146469,-0.010507,"{""activity_churn_eps"": 0.02, ""fatigue_gain"": 0.18, ""fatigue_k_leak"": 0.05, ""fatigue_threshold_gain"": 0.1, ""inhibitory_suppression_gain"": 0.18, ""input_signal_clip"": 1.2, ""input_topk"": 3, ""intrinsic_alignment_gain"": 0.24, ""k_decay"": 0.99, ""k_remem_base"": 0.8200000000000001, ""k_threshold_base"": 0.64, ""ne_remem_reduce_gain"": 0.25, ""ne_thresh_reduce_gain"": 0.25, ""refractory_ticks"": 1}"
thr0.64_topk2_clip1.2_inh0.12_midfat,24,0,0.702467,29.166667,0.125,0.810108,0.016667,0.292032,-0.125,0.166667,0.083333,0.041667,-0.083333,0.479243,0.110654,0.385907,0.230627,0.253731,"{""activity_churn_eps"": 0.02, ""fatigue_gain"": 0.18, ""fatigue_k_leak"": 0.05, ""fatigue_threshold_gain"": 0.1, ""inhibitory_suppression_gain"": 0.12, ""input_signal_clip"": 1.2, ""input_topk"": 2, ""intrinsic_alignment_gain"": 0.24, ""k_decay"": 0.99, ""k_remem_base"": 0.8200000000000001, ""k_threshold_base"": 0.64, ""ne_remem_reduce_gain"": 0.25, ""ne_thresh_reduce_gain"": 0.25, ""refractory_ticks"": 1}"
thr0.67_topk3_clip1.5_inh0.18_midfat,24,0,0.696988,34.208333,0.0,0.91957,-0.091667,0.227819,-0.125,0.083333,0.0,-0.125,-0.291667,0.386758,0.200865,0.257619,0.240623,0.053228,"{""activity_churn_eps"": 0.02, ""fatigue_gain"": 0.18, ""fatigue_k_leak"": 0.05, ""fatigue_threshold_gain"": 0.1, ""inhibitory_suppression_gain"": 0.18, ""input_signal_clip"": 1.5, ""input_topk"": 3, ""intrinsic_alignment_gain"": 0.24, ""k_decay"": 0.99, ""k_remem_base"": 0.8500000000000001, ""k_threshold_base"": 0.67, ""ne_remem_reduce_gain"": 0.25, ""ne_thresh_reduce_gain"": 0.25, ""refractory_ticks"": 1}"
thr0.67_topk2_clip1.5_inh0.18_midfat,24,0,0.62567,39.583333,0.125,0.81864,0.033333,0.263788,-0.125,0.166667,0.083333,0.041667,0.0,0.485193,0.1291,0.309671,0.222569,0.172405,"{""activity_churn_eps"": 0.02, ""fatigue_gain"": 0.18, ""fatigue_k_leak"": 0.05, ""fatigue_threshold_gain"": 0.1, ""inhibitory_suppression_gain"": 0.18, ""input_signal_clip"": 1.5, ""input_topk"": 2, ""intrinsic_alignment_gain"": 0.24, ""k_decay"": 0.99, ""k_remem_base"": 0.8500000000000001, ""k_threshold_base"": 0.67, ""ne_remem_reduce_gain"": 0.25, ""ne_thresh_reduce_gain"": 0.25, ""refractory_ticks"": 1}"
thr0.67_topk2_clip1.2_inh0.18_midfat,24,0,0.612741,34.0,0.125,0.792964,0.008333,0.251259,-0.166667,0.125,0.0,0.166667,-0.083333,0.540277,0.119981,0.260805,0.251651,0.083582,"{""activity_churn_eps"": 0.02, ""fatigue_gain"": 0.18, ""fatigue_k_leak"": 0.05, ""fatigue_threshold_gain"": 0.1, ""inhibitory_suppression_gain"": 0.18, ""input_signal_clip"": 1.2, ""input_topk"": 2, ""intrinsic_alignment_gain"": 0.24, ""k_decay"": 0.99, ""k_remem_base"": 0.8500000000000001, ""k_threshold_base"": 0.67, ""ne_remem_reduce_gain"": 0.25, ""ne_thresh_reduce_gain"": 0.25, ""refractory_ticks"": 1}"
thr0.67_topk3_clip1.2_inh0.18_midfat,24,0,0.538057,33.5,0.083333,0.845795,-0.075,0.233459,-0.083333,-0.125,0.0,-0.041667,-0.125,0.57038,0.093858,0.270755,0.133987,0.098316,"{""activity_churn_eps"": 0.02, ""fatigue_gain"": 0.18, ""fatigue_k_leak"": 0.05, ""fatigue_threshold_gain"": 0.1, ""inhibitory_suppression_gain"": 0.18, ""input_signal_clip"": 1.2, ""input_topk"": 3, ""intrinsic_alignment_gain"": 0.24, ""k_decay"": 0.99, ""k_remem_base"": 0.8500000000000001, ""k_threshold_base"": 0.67, ""ne_remem_reduce_gain"": 0.25, ""ne_thresh_reduce_gain"": 0.25, ""refractory_ticks"": 1}"
thr0.64_topk3_clip1.5_inh0.18_midfat,24,0,0.524619,35.833333,0.083333,0.851854,-0.05,0.22767,-0.041667,0.041667,0.0,-0.083333,-0.166667,0.544189,0.130706,0.312293,0.11524,0.035924,"{""activity_churn_eps"": 0.02, ""fatigue_gain"": 0.18, ""fatigue_k_leak"": 0.05, ""fatigue_threshold_gain"": 0.1, ""inhibitory_suppression_gain"": 0.18, ""input_signal_clip"": 1.5, ""input_topk"": 3, ""intrinsic_alignment_gain"": 0.24, ""k_decay"": 0.99, ""k_remem_base"": 0.8200000000000001, ""k_threshold_base"": 0.64, ""ne_remem_reduce_gain"": 0.25, ""ne_thresh_reduce_gain"": 0.25, ""refractory_ticks"": 1}"
thr0.64_topk2_clip1.5_inh0.12_midfat,24,0,0.465133,36.333333,0.083333,0.862751,-0.058333,0.222396,-0.166667,0.041667,0.041667,0.0,-0.208333,0.489658,0.202131,0.23778,0.175416,0.006993,"{""activity_churn_eps"": 0.02, ""fatigue_gain"": 0.18, ""fatigue_k_leak"": 0.05, ""fatigue_threshold_gain"": 0.1, ""inhibitory_suppression_gain"": 0.12, ""input_signal_clip"": 1.5, ""input_topk"": 2, ""intrinsic_alignment_gain"": 0.24, ""k_decay"": 0.99, ""k_remem_base"": 0.8200000000000001, ""k_threshold_base"": 0.64, ""ne_remem_reduce_gain"": 0.25, ""ne_thresh_reduce_gain"": 0.25, ""refractory_ticks"": 1}"
thr0.64_topk2_clip1.8_inh0.12_midfat,24,0,0.397444,41.125,0.041667,0.902585,-0.15,0.203867,-0.041667,-0.208333,-0.166667,-0.25,-0.083333,0.619479,0.123828,0.233493,0.059701,-0.017167,"{""activity_churn_eps"": 0.02, ""fatigue_gain"": 0.18, ""fatigue_k_leak"": 0.05, ""fatigue_threshold_gain"": 0.1, ""inhibitory_suppression_gain"": 0.12, ""input_signal_clip"": 1.8, ""input_topk"": 2, ""intrinsic_alignment_gain"": 0.24, ""k_decay"": 0.99, ""k_remem_base"": 0.8200000000000001, ""k_threshold_base"": 0.64, ""ne_remem_reduce_gain"": 0.25, ""ne_thresh_reduce_gain"": 0.25, ""refractory_ticks"": 1}"
thr0.64_topk2_clip1.5_inh0.18_midfat,24,0,0.388381,39.625,0.041667,0.8946,-0.108333,0.182528,-0.083333,-0.125,-0.083333,-0.166667,-0.083333,0.394859,0.143913,0.171799,0.121432,0.080639,"{""activity_churn_eps"": 0.02, ""fatigue_gain"": 0.18, ""fatigue_k_leak"": 0.05, ""fatigue_threshold_gain"": 0.1, ""inhibitory_suppression_gain"": 0.18, ""input_signal_clip"": 1.5, ""input_topk"": 2, ""intrinsic_alignment_gain"": 0.24, ""k_decay"": 0.99, ""k_remem_base"": 0.8200000000000001, ""k_threshold_base"": 0.64, ""ne_remem_reduce_gain"": 0.25, ""ne_thresh_reduce_gain"": 0.25, ""refractory_ticks"": 1}"
thr0.64_topk3_clip1.8_inh0.12_midfat,24,0,0.38769,44.041667,0.0,0.946843,-0.075,0.158063,-0.166667,-0.041667,0.0,-0.083333,-0.083333,0.4257,0.199772,0.173525,0.042641,-0.051325,"{""activity_churn_eps"": 0.02, ""fatigue_gain"": 0.18, ""fatigue_k_leak"": 0.05, ""fatigue_threshold_gain"": 0.1, ""inhibitory_suppression_gain"": 0.12, ""input_signal_clip"": 1.8, ""input_topk"": 3, ""intrinsic_alignment_gain"": 0.24, ""k_decay"": 0.99, ""k_remem_base"": 0.8200000000000001, ""k_threshold_base"": 0.64, ""ne_remem_reduce_gain"": 0.25, ""ne_thresh_reduce_gain"": 0.25, ""refractory_ticks"": 1}"
thr0.70_topk3_clip1.2_inh0.18_midfat,24,0,0.382652,34.416667,0.125,0.79785,-0.083333,0.21171,-0.125,0.0,-0.166667,-0.083333,-0.041667,0.394485,0.132816,0.229606,0.16855,0.133093,"{""activity_churn_eps"": 0.02, ""fatigue_gain"": 0.18, ""fatigue_k_leak"": 0.05, ""fatigue_threshold_gain"": 0.1, ""inhibitory_suppression_gain"": 0.18, ""input_signal_clip"": 1.2, ""input_topk"": 3, ""intrinsic_alignment_gain"": 0.24, ""k_decay"": 0.99, ""k_remem_base"": 0.8799999999999999, ""k_threshold_base"": 0.7, ""ne_remem_reduce_gain"": 0.25, ""ne_thresh_reduce_gain"": 0.25, ""refractory_ticks"": 1}"
thr0.64_topk2_clip1.2_inh0.18_midfat,24,0,0.380197,37.583333,0.041667,0.88726,-0.041667,0.154851,-0.041667,-0.041667,0.0,-0.083333,-0.041667,0.37229,0.132844,0.135866,0.151013,-0.017758,"{""activity_churn_eps"": 0.02, ""fatigue_gain"": 0.18, ""fatigue_k_leak"": 0.05, ""fatigue_threshold_gain"": 0.1, ""inhibitory_suppression_gain"": 0.18, ""input_signal_clip"": 1.2, ""input_topk"": 2, ""intrinsic_alignment_gain"": 0.24, ""k_decay"": 0.99, ""k_remem_base"": 0.8200000000000001, ""k_threshold_base"": 0.64, ""ne_remem_reduce_gain"": 0.25, ""ne_thresh_reduce_gain"": 0.25, ""refractory_ticks"": 1}"
thr0.67_topk3_clip1.2_inh0.12_midfat,24,0,0.355522,30.375,0.166667,0.770174,-0.016667,0.249513,-0.041667,0.0,0.166667,-0.083333,-0.125,0.591303,0.042359,0.444919,0.105501,0.063485,"{""activity_churn_eps"": 0.02, ""fatigue_gain"": 0.18, ""fatigue_k_leak"": 0.05, ""fatigue_threshold_gain"": 0.1, ""inhibitory_suppression_gain"": 0.12, ""input_signal_clip"": 1.2, ""input_topk"": 3, ""intrinsic_alignment_gain"": 0.24, ""k_decay"": 0.99, ""k_remem_base"": 0.8500000000000001, ""k_threshold_base"": 0.67, ""ne_remem_reduce_gain"": 0.25, ""ne_thresh_reduce_gain"": 0.25, ""refractory_ticks"": 1}"
thr0.67_topk2_clip1.8_inh0.12_midfat,24,0,0.324298,34.875,0.083333,0.869295,-0.133333,0.209195,-0.083333,-0.166667,-0.041667,-0.166667,-0.208333,0.501263,0.138603,0.239494,0.119256,0.047358,"{""activity_churn_eps"": 0.02, ""fatigue_gain"": 0.18, ""fatigue_k_leak"": 0.05, ""fatigue_threshold_gain"": 0.1, ""inhibitory_suppression_gain"": 0.12, ""input_signal_clip"": 1.8, ""input_topk"": 2, ""intrinsic_alignment_gain"": 0.24, ""k_decay"": 0.99, ""k_remem_base"": 0.8500000000000001, ""k_threshold_base"": 0.67, ""ne_remem_reduce_gain"": 0.25, ""ne_thresh_reduce_gain"": 0.25, ""refractory_ticks"": 1}"
thr0.70_topk2_clip1.5_inh0.12_midfat,24,0,0.266433,33.166667,0.125,0.819421,-0.15,0.214199,-0.041667,-0.166667,-0.041667,-0.291667,-0.208333,0.6183,0.06305,0.272788,0.052977,0.06388,"{""activity_churn_eps"": 0.02, ""fatigue_gain"": 0.18, ""fatigue_k_leak"": 0.05, ""fatigue_threshold_gain"": 0.1, ""inhibitory_suppression_gain"": 0.12, ""input_signal_clip"": 1.5, ""input_topk"": 2, ""intrinsic_alignment_gain"": 0.24, ""k_decay"": 0.99, ""k_remem_base"": 0.8799999999999999, ""k_threshold_base"": 0.7, ""ne_remem_reduce_gain"": 0.25, ""ne_thresh_reduce_gain"": 0.25, ""refractory_ticks"": 1}"
thr0.70_topk3_clip1.2_inh0.12_midfat,24,0,0.25567,32.375,0.166667,0.783942,-0.05,0.22543,-0.083333,0.083333,0.083333,-0.125,-0.208333,0.465275,0.092572,0.371936,0.108341,0.089026,"{""activity_churn_eps"": 0.02, ""fatigue_gain"": 0.18, ""fatigue_k_leak"": 0.05, ""fatigue_threshold_gain"": 0.1, ""inhibitory_suppression_gain"": 0.12, ""input_signal_clip"": 1.2, ""input_topk"": 3, ""intrinsic_alignment_gain"": 0.24, ""k_decay"": 0.99, ""k_remem_base"": 0.8799999999999999, ""k_threshold_base"": 0.7, ""ne_remem_reduce_gain"": 0.25, ""ne_thresh_reduce_gain"": 0.25, ""refractory_ticks"": 1}"
thr0.67_topk2_clip1.5_inh0.12_midfat,24,0,0.227695,32.791667,0.166667,0.781488,-0.05,0.217437,-0.208333,0.0,0.208333,-0.083333,-0.166667,0.486858,0.013186,0.39363,0.087178,0.106334,"{""activity_churn_eps"": 0.02, ""fatigue_gain"": 0.18, ""fatigue_k_leak"": 0.05, ""fatigue_threshold_gain"": 0.1, ""inhibitory_suppression_gain"": 0.12, ""input_signal_clip"": 1.5, ""input_topk"": 2, ""intrinsic_alignment_gain"": 0.24, ""k_decay"": 0.99, ""k_remem_base"": 0.8500000000000001, ""k_threshold_base"": 0.67, ""ne_remem_reduce_gain"": 0.25, ""ne_thresh_reduce_gain"": 0.25, ""refractory_ticks"": 1}"
thr0.67_topk3_clip1.5_inh0.12_midfat,24,0,0.224021,34.25,0.125,0.818273,-0.15,0.201097,-0.083333,-0.083333,-0.125,-0.208333,-0.25,0.543758,0.063584,0.281542,0.069698,0.046904,"{""activity_churn_eps"": 0.02, ""fatigue_gain"": 0.18, ""fatigue_k_leak"": 0.05, ""fatigue_threshold_gain"": 0.1, ""inhibitory_suppression_gain"": 0.12, ""input_signal_clip"": 1.5, ""input_topk"": 3, ""intrinsic_alignment_gain"": 0.24, ""k_decay"": 0.99, ""k_remem_base"": 0.8500000000000001, ""k_threshold_base"": 0.67, ""ne_remem_reduce_gain"": 0.25, ""ne_thresh_reduce_gain"": 0.25, ""refractory_ticks"": 1}"
thr0.67_topk2_clip1.2_inh0.12_midfat,24,0,0.215267,37.958333,0.125,0.819398,-0.058333,0.17337,-0.083333,0.083333,0.083333,-0.083333,-0.291667,0.491837,-0.009464,0.289776,-0.002473,0.097173,"{""activity_churn_eps"": 0.02, ""fatigue_gain"": 0.18, ""fatigue_k_leak"": 0.05, ""fatigue_threshold_gain"": 0.1, ""inhibitory_suppression_gain"": 0.12, ""input_signal_clip"": 1.2, ""input_topk"": 2, ""intrinsic_alignment_gain"": 0.24, ""k_decay"": 0.99, ""k_remem_base"": 0.8500000000000001, ""k_threshold_base"": 0.67, ""ne_remem_reduce_gain"": 0.25, ""ne_thresh_reduce_gain"": 0.25, ""refractory_ticks"": 1}"
thr0.70_topk3_clip1.5_inh0.18_midfat,24,0,0.178615,37.375,0.166667,0.784737,-0.091667,0.215319,0.0,-0.125,0.125,-0.208333,-0.25,0.467413,0.11996,0.271015,0.132862,0.085345,"{""activity_churn_eps"": 0.02, ""fatigue_gain"": 0.18, ""fatigue_k_leak"": 0.05, ""fatigue_threshold_gain"": 0.1, ""inhibitory_suppression_gain"": 0.18, ""input_signal_clip"": 1.5, ""input_topk"": 3, ""intrinsic_alignment_gain"": 0.24, ""k_decay"": 0.99, ""k_remem_base"": 0.8799999999999999, ""k_threshold_base"": 0.7, ""ne_remem_reduce_gain"": 0.25, ""ne_thresh_reduce_gain"": 0.25, ""refractory_ticks"": 1}"
thr0.70_topk2_clip1.8_inh0.12_midfat,24,0,0.172622,35.833333,0.166667,0.785236,-0.083333,0.211226,-0.083333,0.0,0.041667,-0.166667,-0.208333,0.552157,0.075411,0.281911,0.085353,0.061297,"{""activity_churn_eps"": 0.02, ""fatigue_gain"": 0.18, ""fatigue_k_leak"": 0.05, ""fatigue_threshold_gain"": 0.1, ""inhibitory_suppression_gain"": 0.12, ""input_signal_clip"": 1.8, ""input_topk"": 2, ""intrinsic_alignment_gain"": 0.24, ""k_decay"": 0.99, ""k_remem_base"": 0.8799999999999999, ""k_threshold_base"": 0.7, ""ne_remem_reduce_gain"": 0.25, ""ne_thresh_reduce_gain"": 0.25, ""refractory_ticks"": 1}"
thr0.67_topk3_clip1.8_inh0.18_midfat,24,0,0.161099,37.041667,0.083333,0.850162,-0.1,0.136643,-0.083333,-0.083333,-0.125,-0.083333,-0.125,0.267005,0.127237,0.144534,0.105646,0.038792,"{""activity_churn_eps"": 0.02, ""fatigue_gain"": 0.18, ""fatigue_k_leak"": 0.05, ""fatigue_threshold_gain"": 0.1, ""inhibitory_suppression_gain"": 0.18, ""input_signal_clip"": 1.8, ""input_topk"": 3, ""intrinsic_alignment_gain"": 0.24, ""k_decay"": 0.99, ""k_remem_base"": 0.8500000000000001, ""k_threshold_base"": 0.67, ""ne_remem_reduce_gain"": 0.25, ""ne_thresh_reduce_gain"": 0.25, ""refractory_ticks"": 1}"
thr0.70_topk2_clip1.5_inh0.18_midfat,24,0,0.10451,33.666667,0.166667,0.764922,-0.058333,0.184622,0.041667,0.083333,-0.083333,-0.041667,-0.291667,0.309484,0.137491,0.234397,0.183356,0.058384,"{""activity_churn_eps"": 0.02, ""fatigue_gain"": 0.18, ""fatigue_k_leak"": 0.05, ""fatigue_threshold_gain"": 0.1, ""inhibitory_suppression_gain"": 0.18, ""input_signal_clip"": 1.5, ""input_topk"": 2, ""intrinsic_alignment_gain"": 0.24, ""k_decay"": 0.99, ""k_remem_base"": 0.8799999999999999, ""k_threshold_base"": 0.7, ""ne_remem_reduce_gain"": 0.25, ""ne_thresh_reduce_gain"": 0.25, ""refractory_ticks"": 1}"
thr0.64_topk3_clip1.8_inh0.18_midfat,24,0,0.093424,36.875,0.125,0.822788,-0.175,0.174797,-0.041667,-0.25,-0.166667,-0.333333,-0.083333,0.602443,0.067783,0.228809,0.011987,-0.037039,"{""activity_churn_eps"": 0.02, ""fatigue_gain"": 0.18, ""fatigue_k_leak"": 0.05, ""fatigue_threshold_gain"": 0.1, ""inhibitory_suppression_gain"": 0.18, ""input_signal_clip"": 1.8, ""input_topk"": 3, ""intrinsic_alignment_gain"": 0.24, ""k_decay"": 0.99, ""k_remem_base"": 0.8200000000000001, ""k_threshold_base"": 0.64, ""ne_remem_reduce_gain"": 0.25, ""ne_thresh_reduce_gain"": 0.25, ""refractory_ticks"": 1}"
thr0.70_topk2_clip1.2_inh0.12_midfat,24,0,0.074498,33.5,0.166667,0.78201,-0.075,0.180809,-0.083333,0.0,0.0,-0.125,-0.166667,0.436609,0.078307,0.226441,0.091543,0.071147,"{""activity_churn_eps"": 0.02, ""fatigue_gain"": 0.18, ""fatigue_k_leak"": 0.05, ""fatigue_threshold_gain"": 0.1, ""inhibitory_suppression_gain"": 0.12, ""input_signal_clip"": 1.2, ""input_topk"": 2, ""intrinsic_alignment_gain"": 0.24, ""k_decay"": 0.99, ""k_remem_base"": 0.8799999999999999, ""k_threshold_base"": 0.7, ""ne_remem_reduce_gain"": 0.25, ""ne_thresh_reduce_gain"": 0.25, ""refractory_ticks"": 1}"
thr0.64_topk2_clip1.8_inh0.18_midfat,24,0,0.033328,38.333333,0.083333,0.853505,-0.083333,0.09824,-0.125,-0.125,-0.041667,-0.083333,-0.041667,0.250459,0.064279,0.116483,0.027059,0.032922,"{""activity_churn_eps"": 0.02, ""fatigue_gain"": 0.18, ""fatigue_k_leak"": 0.05, ""fatigue_threshold_gain"": 0.1, ""inhibitory_suppression_gain"": 0.18, ""input_signal_clip"": 1.8, ""input_topk"": 2, ""intrinsic_alignment_gain"": 0.24, ""k_decay"": 0.99, ""k_remem_base"": 0.8200000000000001, ""k_threshold_base"": 0.64, ""ne_remem_reduce_gain"": 0.25, ""ne_thresh_reduce_gain"": 0.25, ""refractory_ticks"": 1}"
thr0.64_topk3_clip1.5_inh0.12_midfat,24,0,0.009433,34.958333,0.166667,0.794389,-0.125,0.176505,-0.125,-0.083333,-0.125,-0.166667,-0.125,0.417215,0.004741,0.283097,0.042988,0.134485,"{""activity_churn_eps"": 0.02, ""fatigue_gain"": 0.18, ""fatigue_k_leak"": 0.05, ""fatigue_threshold_gain"": 0.1, ""inhibitory_suppression_gain"": 0.12, ""input_signal_clip"": 1.5, ""input_topk"": 3, ""intrinsic_alignment_gain"": 0.24, ""k_decay"": 0.99, ""k_remem_base"": 0.8200000000000001, ""k_threshold_base"": 0.64, ""ne_remem_reduce_gain"": 0.25, ""ne_thresh_reduce_gain"": 0.25, ""refractory_ticks"": 1}"
thr0.64_topk3_clip1.2_inh0.12_midfat,24,0,-0.008519,37.416667,0.125,0.826155,-0.133333,0.136651,-0.166667,-0.083333,-0.083333,-0.208333,-0.125,0.457228,0.018813,0.166996,-0.011755,0.051974,"{""activity_churn_eps"": 0.02, ""fatigue_gain"": 0.18, ""fatigue_k_leak"": 0.05, ""fatigue_threshold_gain"": 0.1, ""inhibitory_suppression_gain"": 0.12, ""input_signal_clip"": 1.2, ""input_topk"": 3, ""intrinsic_alignment_gain"": 0.24, ""k_decay"": 0.99, ""k_remem_base"": 0.8200000000000001, ""k_threshold_base"": 0.64, ""ne_remem_reduce_gain"": 0.25, ""ne_thresh_reduce_gain"": 0.25, ""refractory_ticks"": 1}"
thr0.67_topk2_clip1.8_inh0.18_midfat,24,0,-0.031291,38.958333,0.083333,0.863237,-0.125,0.100024,-0.083333,-0.166667,0.0,-0.25,-0.125,0.253552,0.058312,0.157487,-0.008684,0.039455,"{""activity_churn_eps"": 0.02, ""fatigue_gain"": 0.18, ""fatigue_k_leak"": 0.05, ""fatigue_threshold_gain"": 0.1, ""inhibitory_suppression_gain"": 0.18, ""input_signal_clip"": 1.8, ""input_topk"": 2, ""intrinsic_alignment_gain"": 0.24, ""k_decay"": 0.99, ""k_remem_base"": 0.8500000000000001, ""k_threshold_base"": 0.67, ""ne_remem_reduce_gain"": 0.25, ""ne_thresh_reduce_gain"": 0.25, ""refractory_ticks"": 1}"
thr0.70_topk2_clip1.2_inh0.18_midfat,24,0,-0.16495,37.083333,0.166667,0.777034,-0.141667,0.131443,-0.125,-0.25,-0.041667,-0.208333,-0.083333,0.267145,0.081169,0.177714,0.078807,0.052381,"{""activity_churn_eps"": 0.02, ""fatigue_gain"": 0.18, ""fatigue_k_leak"": 0.05, ""fatigue_threshold_gain"": 0.1, ""inhibitory_suppression_gain"": 0.18, ""input_signal_clip"": 1.2, ""input_topk"": 2, ""intrinsic_alignment_gain"": 0.24, ""k_decay"": 0.99, ""k_remem_base"": 0.8799999999999999, ""k_threshold_base"": 0.7, ""ne_remem_reduce_gain"": 0.25, ""ne_thresh_reduce_gain"": 0.25, ""refractory_ticks"": 1}"
thr0.70_topk3_clip1.5_inh0.12_midfat,24,0,-0.174436,30.666667,0.208333,0.745818,-0.116667,0.18528,-0.083333,-0.125,-0.041667,-0.125,-0.208333,0.357989,0.028515,0.263437,0.091878,0.184579,"{""activity_churn_eps"": 0.02, ""fatigue_gain"": 0.18, ""fatigue_k_leak"": 0.05, ""fatigue_threshold_gain"": 0.1, ""inhibitory_suppression_gain"": 0.12, ""input_signal_clip"": 1.5, ""input_topk"": 3, ""intrinsic_alignment_gain"": 0.24, ""k_decay"": 0.99, ""k_remem_base"": 0.8799999999999999, ""k_threshold_base"": 0.7, ""ne_remem_reduce_gain"": 0.25, ""ne_thresh_reduce_gain"": 0.25, ""refractory_ticks"": 1}"
thr0.67_topk3_clip1.8_inh0.12_midfat,24,0,-0.234384,34.791667,0.166667,0.786388,-0.133333,0.109224,-0.125,-0.125,0.0,-0.125,-0.291667,0.24118,0.01569,0.15012,0.018472,0.120659,"{""activity_churn_eps"": 0.02, ""fatigue_gain"": 0.18, ""fatigue_k_leak"": 0.05, ""fatigue_threshold_gain"": 0.1, ""inhibitory_suppression_gain"": 0.12, ""input_signal_clip"": 1.8, ""input_topk"": 3, ""intrinsic_alignment_gain"": 0.24, ""k_decay"": 0.99, ""k_remem_base"": 0.8500000000000001, ""k_threshold_base"": 0.67, ""ne_remem_reduce_gain"": 0.25, ""ne_thresh_reduce_gain"": 0.25, ""refractory_ticks"": 1}"
thr0.70_topk3_clip1.8_inh0.12_midfat,24,0,-0.277422,29.666667,0.208333,0.744444,-0.083333,0.149456,-0.083333,-0.041667,0.041667,-0.208333,-0.125,0.482435,-0.005805,0.235258,-0.012825,0.048218,"{""activity_churn_eps"": 0.02, ""fatigue_gain"": 0.18, ""fatigue_k_leak"": 0.05, ""fatigue_threshold_gain"": 0.1, ""inhibitory_suppression_gain"": 0.12, ""input_signal_clip"": 1.8, ""input_topk"": 3, ""intrinsic_alignment_gain"": 0.24, ""k_decay"": 0.99, ""k_remem_base"": 0.8799999999999999, ""k_threshold_base"": 0.7, ""ne_remem_reduce_gain"": 0.25, ""ne_thresh_reduce_gain"": 0.25, ""refractory_ticks"": 1}"
thr0.70_topk3_clip1.8_inh0.18_midfat,24,0,-0.373391,30.0,0.208333,0.732403,-0.108333,0.128138,-0.083333,-0.166667,-0.208333,-0.125,0.041667,0.187223,0.039205,0.086788,0.168321,0.159152,"{""activity_churn_eps"": 0.02, ""fatigue_gain"": 0.18, ""fatigue_k_leak"": 0.05, ""fatigue_threshold_gain"": 0.1, ""inhibitory_suppression_gain"": 0.18, ""input_signal_clip"": 1.8, ""input_topk"": 3, ""intrinsic_alignment_gain"": 0.24, ""k_decay"": 0.99, ""k_remem_base"": 0.8799999999999999, ""k_threshold_base"": 0.7, ""ne_remem_reduce_gain"": 0.25, ""ne_thresh_reduce_gain"": 0.25, ""refractory_ticks"": 1}"
thr0.70_topk2_clip1.8_inh0.18_midfat,24,0,-0.576853,32.5,0.25,0.699926,-0.108333,0.12328,-0.083333,-0.166667,-0.083333,-0.125,-0.083333,0.326593,-0.011421,0.179928,0.012445,0.108855,"{""activity_churn_eps"": 0.02, ""fatigue_gain"": 0.18, ""fatigue_k_leak"": 0.05, ""fatigue_threshold_gain"": 0.1, ""inhibitory_suppression_gain"": 0.18, ""input_signal_clip"": 1.8, ""input_topk"": 2, ""intrinsic_alignment_gain"": 0.24, ""k_decay"": 0.99, ""k_remem_base"": 0.8799999999999999, ""k_threshold_base"": 0.7, ""ne_remem_reduce_gain"": 0.25, ""ne_thresh_reduce_gain"": 0.25, ""refractory_ticks"": 1}"
thr0.64_topk3_clip1.2_inh0.18_highfat,24,0,-1.208373,23.375,0.416667,0.542274,-0.008333,0.181972,-0.083333,0.083333,0.041667,-0.041667,-0.041667,0.439969,0.134168,0.226554,0.132409,-0.023239,"{""activity_churn_eps"": 0.02, ""fatigue_gain"": 0.24, ""fatigue_k_leak"": 0.07, ""fatigue_threshold_gain"": 0.14, ""inhibitory_suppression_gain"": 0.18, ""input_signal_clip"": 1.2, ""input_topk"": 3, ""intrinsic_alignment_gain"": 0.24, ""k_decay"": 0.99, ""k_remem_base"": 0.8200000000000001, ""k_threshold_base"": 0.64, ""ne_remem_reduce_gain"": 0.25, ""ne_thresh_reduce_gain"": 0.25, ""refractory_ticks"": 1}"
thr0.67_topk2_clip1.2_inh0.12_highfat,24,0,-1.316551,20.416667,0.458333,0.513592,-0.05,0.24157,-0.083333,-0.083333,0.083333,-0.083333,-0.083333,0.283559,0.057226,0.390651,0.213254,0.263162,"{""activity_churn_eps"": 0.02, ""fatigue_gain"": 0.24, ""fatigue_k_leak"": 0.07, ""fatigue_threshold_gain"": 0.14, ""inhibitory_suppression_gain"": 0.12, ""input_signal_clip"": 1.2, ""input_topk"": 2, ""intrinsic_alignment_gain"": 0.24, ""k_decay"": 0.99, ""k_remem_base"": 0.8500000000000001, ""k_threshold_base"": 0.67, ""ne_remem_reduce_gain"": 0.25, ""ne_thresh_reduce_gain"": 0.25, ""refractory_ticks"": 1}"
thr0.64_topk2_clip1.2_inh0.12_highfat,24,0,-1.347619,22.25,0.375,0.579129,-0.091667,0.107339,-0.041667,-0.083333,-0.083333,-0.125,-0.125,0.226642,0.084926,0.057017,0.142309,0.025803,"{""activity_churn_eps"": 0.02, ""fatigue_gain"": 0.24, ""fatigue_k_leak"": 0.07, ""fatigue_threshold_gain"": 0.14, ""inhibitory_suppression_gain"": 0.12, ""input_signal_clip"": 1.2, ""input_topk"": 2, ""intrinsic_alignment_gain"": 0.24, ""k_decay"": 0.99, ""k_remem_base"": 0.8200000000000001, ""k_threshold_base"": 0.64, ""ne_remem_reduce_gain"": 0.25, ""ne_thresh_reduce_gain"": 0.25, ""refractory_ticks"": 1}"
thr0.67_topk3_clip1.2_inh0.12_highfat,24,0,-1.407609,24.5,0.416667,0.555106,-0.091667,0.142693,-0.041667,-0.083333,0.0,-0.166667,-0.166667,0.359092,0.143022,0.138119,0.152408,-0.079178,"{""activity_churn_eps"": 0.02, ""fatigue_gain"": 0.24, ""fatigue_k_leak"": 0.07, ""fatigue_threshold_gain"": 0.14, ""inhibitory_suppression_gain"": 0.12, ""input_signal_clip"": 1.2, ""input_topk"": 3, ""intrinsic_alignment_gain"": 0.24, ""k_decay"": 0.99, ""k_remem_base"": 0.8500000000000001, ""k_threshold_base"": 0.67, ""ne_remem_reduce_gain"": 0.25, ""ne_thresh_reduce_gain"": 0.25, ""refractory_ticks"": 1}"
thr0.67_topk3_clip1.8_inh0.18_highfat,24,0,-1.416194,24.458333,0.416667,0.549523,-0.066666,0.13339,0.0,-0.083333,0.041667,-0.208333,-0.083333,0.398661,0.116723,0.097244,0.129849,-0.075525,"{""activity_churn_eps"": 0.02, ""fatigue_gain"": 0.24, ""fatigue_k_leak"": 0.07, ""fatigue_threshold_gain"": 0.14, ""inhibitory_suppression_gain"": 0.18, ""input_signal_clip"": 1.8, ""input_topk"": 3, ""intrinsic_alignment_gain"": 0.24, ""k_decay"": 0.99, ""k_remem_base"": 0.8500000000000001, ""k_threshold_base"": 0.67, ""ne_remem_reduce_gain"": 0.25, ""ne_thresh_reduce_gain"": 0.25, ""refractory_ticks"": 1}"
thr0.67_topk3_clip1.2_inh0.18_highfat,24,0,-1.430445,21.541667,0.416667,0.54547,-0.033333,0.130299,-0.041667,0.0,0.0,0.083333,-0.208333,0.246034,-0.043014,0.168591,0.232795,0.047091,"{""activity_churn_eps"": 0.02, ""fatigue_gain"": 0.24, ""fatigue_k_leak"": 0.07, ""fatigue_threshold_gain"": 0.14, ""inhibitory_suppression_gain"": 0.18, ""input_signal_clip"": 1.2, ""input_topk"": 3, ""intrinsic_alignment_gain"": 0.24, ""k_decay"": 0.99, ""k_remem_base"": 0.8500000000000001, ""k_threshold_base"": 0.67, ""ne_remem_reduce_gain"": 0.25, ""ne_thresh_reduce_gain"": 0.25, ""refractory_ticks"": 1}"
thr0.70_topk2_clip1.5_inh0.12_highfat,24,0,-1.483495,20.791667,0.416667,0.550519,-0.033333,0.115933,-0.041667,0.0,0.041667,0.041667,-0.208333,0.238507,-0.004318,0.143088,0.22662,-0.024234,"{""activity_churn_eps"": 0.02, ""fatigue_gain"": 0.24, ""fatigue_k_leak"": 0.07, ""fatigue_threshold_gain"": 0.14, ""inhibitory_suppression_gain"": 0.12, ""input_signal_clip"": 1.5, ""input_topk"": 2, ""intrinsic_alignment_gain"": 0.24, ""k_decay"": 0.99, ""k_remem_base"": 0.8799999999999999, ""k_threshold_base"": 0.7, ""ne_remem_reduce_gain"": 0.25, ""ne_thresh_reduce_gain"": 0.25, ""refractory_ticks"": 1}"
thr0.70_topk3_clip1.2_inh0.18_highfat,24,0,-1.556933,25.875,0.416667,0.550021,-0.058333,0.086208,-0.166667,-0.041667,0.125,-0.083333,-0.125,0.202985,0.034361,0.13993,0.056562,-0.002798,"{""activity_churn_eps"": 0.02, ""fatigue_gain"": 0.24, ""fatigue_k_leak"": 0.07, ""fatigue_threshold_gain"": 0.14, ""inhibitory_suppression_gain"": 0.18, ""input_signal_clip"": 1.2, ""input_topk"": 3, ""intrinsic_alignment_gain"": 0.24, ""k_decay"": 0.99, ""k_remem_base"": 0.8799999999999999, ""k_threshold_base"": 0.7, ""ne_remem_reduce_gain"": 0.25, ""ne_thresh_reduce_gain"": 0.25, ""refractory_ticks"": 1}"
thr0.67_topk3_clip1.8_inh0.12_highfat,24,0,-1.571794,21.833333,0.458333,0.516597,-0.075,0.170329,-0.125,-0.041667,0.0,-0.125,-0.083333,0.278523,0.073605,0.230164,0.22436,0.044994,"{""activity_churn_eps"": 0.02, ""fatigue_gain"": 0.24, ""fatigue_k_leak"": 0.07, ""fatigue_threshold_gain"": 0.14, ""inhibitory_suppression_gain"": 0.12, ""input_signal_clip"": 1.8, ""input_topk"": 3, ""intrinsic_alignment_gain"": 0.24, ""k_decay"": 0.99, ""k_remem_base"": 0.8500000000000001, ""k_threshold_base"": 0.67, ""ne_remem_reduce_gain"": 0.25, ""ne_thresh_reduce_gain"": 0.25, ""refractory_ticks"": 1}"
thr0.70_topk2_clip1.5_inh0.18_highfat,24,0,-1.585544,20.958333,0.416667,0.542947,-0.083333,0.102959,0.0,-0.125,-0.041667,-0.041667,-0.208333,0.259896,-0.051057,0.097866,0.207643,0.000447,"{""activity_churn_eps"": 0.02, ""fatigue_gain"": 0.24, ""fatigue_k_leak"": 0.07, ""fatigue_threshold_gain"": 0.14, ""inhibitory_suppression_gain"": 0.18, ""input_signal_clip"": 1.5, ""input_topk"": 2, ""intrinsic_alignment_gain"": 0.24, ""k_decay"": 0.99, ""k_remem_base"": 0.8799999999999999, ""k_threshold_base"": 0.7, ""ne_remem_reduce_gain"": 0.25, ""ne_thresh_reduce_gain"": 0.25, ""refractory_ticks"": 1}"
thr0.70_topk3_clip1.8_inh0.12_highfat,24,0,-1.619055,18.083333,0.458333,0.508428,-0.108333,0.18087,-0.083333,-0.166667,0.0,-0.166667,-0.125,0.495711,0.087584,0.206517,0.162348,-0.047812,"{""activity_churn_eps"": 0.02, ""fatigue_gain"": 0.24, ""fatigue_k_leak"": 0.07, ""fatigue_threshold_gain"": 0.14, ""inhibitory_suppression_gain"": 0.12, ""input_signal_clip"": 1.8, ""input_topk"": 3, ""intrinsic_alignment_gain"": 0.24, ""k_decay"": 0.99, ""k_remem_base"": 0.8799999999999999, ""k_threshold_base"": 0.7, ""ne_remem_reduce_gain"": 0.25, ""ne_thresh_reduce_gain"": 0.25, ""refractory_ticks"": 1}"
thr0.64_topk2_clip1.8_inh0.18_highfat,24,0,-1.619262,28.208333,0.416667,0.554102,-0.166667,0.09206,-0.083333,-0.25,-0.041667,-0.291667,-0.166667,0.357737,0.047451,0.098358,0.004928,-0.048172,"{""activity_churn_eps"": 0.02, ""fatigue_gain"": 0.24, ""fatigue_k_leak"": 0.07, ""fatigue_threshold_gain"": 0.14, ""inhibitory_suppression_gain"": 0.18, ""input_signal_clip"": 1.8, ""input_topk"": 2, ""intrinsic_alignment_gain"": 0.24, ""k_decay"": 0.99, ""k_remem_base"": 0.8200000000000001, ""k_threshold_base"": 0.64, ""ne_remem_reduce_gain"": 0.25, ""ne_thresh_reduce_gain"": 0.25, ""refractory_ticks"": 1}"
thr0.64_topk3_clip1.5_inh0.18_highfat,24,0,-1.637029,26.708333,0.416667,0.552574,-0.083333,0.067862,-0.083333,-0.125,-0.041667,-0.083333,-0.083333,0.195794,0.051611,0.11268,0.018155,-0.03893,"{""activity_churn_eps"": 0.02, ""fatigue_gain"": 0.24, ""fatigue_k_leak"": 0.07, ""fatigue_threshold_gain"": 0.14, ""inhibitory_suppression_gain"": 0.18, ""input_signal_clip"": 1.5, ""input_topk"": 3, ""intrinsic_alignment_gain"": 0.24, ""k_decay"": 0.99, ""k_remem_base"": 0.8200000000000001, ""k_threshold_base"": 0.64, ""ne_remem_reduce_gain"": 0.25, ""ne_thresh_reduce_gain"": 0.25, ""refractory_ticks"": 1}"
thr0.64_topk2_clip1.5_inh0.12_highfat,24,0,-1.648015,19.916667,0.458333,0.507224,-0.05,0.150612,0.0,0.041667,0.041667,-0.125,-0.208333,0.446025,0.011268,0.194694,0.108828,-0.007754,"{""activity_churn_eps"": 0.02, ""fatigue_gain"": 0.24, ""fatigue_k_leak"": 0.07, ""fatigue_threshold_gain"": 0.14, ""inhibitory_suppression_gain"": 0.12, ""input_signal_clip"": 1.5, ""input_topk"": 2, ""intrinsic_alignment_gain"": 0.24, ""k_decay"": 0.99, ""k_remem_base"": 0.8200000000000001, ""k_threshold_base"": 0.64, ""ne_remem_reduce_gain"": 0.25, ""ne_thresh_reduce_gain"": 0.25, ""refractory_ticks"": 1}"
thr0.64_topk3_clip1.8_inh0.18_highfat,24,0,-1.650265,18.833333,0.416667,0.535776,-0.041667,0.081662,-0.166667,0.0,-0.041667,0.0,0.0,0.142962,-0.035273,0.261671,-0.01065,0.049598,"{""activity_churn_eps"": 0.02, ""fatigue_gain"": 0.24, ""fatigue_k_leak"": 0.07, ""fatigue_threshold_gain"": 0.14, ""inhibitory_suppression_gain"": 0.18, ""input_signal_clip"": 1.8, ""input_topk"": 3, ""intrinsic_alignment_gain"": 0.24, ""k_decay"": 0.99, ""k_remem_base"": 0.8200000000000001, ""k_threshold_base"": 0.64, ""ne_remem_reduce_gain"": 0.25, ""ne_thresh_reduce_gain"": 0.25, ""refractory_ticks"": 1}"
thr0.70_topk2_clip1.2_inh0.18_highfat,24,0,-1.684527,28.208333,0.416667,0.550167,-0.133333,0.063889,-0.041667,-0.208333,-0.083333,-0.208333,-0.125,0.300135,0.03788,0.03651,-0.012048,-0.043031,"{""activity_churn_eps"": 0.02, ""fatigue_gain"": 0.24, ""fatigue_k_leak"": 0.07, ""fatigue_threshold_gain"": 0.14, ""inhibitory_suppression_gain"": 0.18, ""input_signal_clip"": 1.2, ""input_topk"": 2, ""intrinsic_alignment_gain"": 0.24, ""k_decay"": 0.99, ""k_remem_base"": 0.8799999999999999, ""k_threshold_base"": 0.7, ""ne_remem_reduce_gain"": 0.25, ""ne_thresh_reduce_gain"": 0.25, ""refractory_ticks"": 1}"
thr0.67_topk2_clip1.2_inh0.18_highfat,24,0,-1.717868,25.458333,0.416667,0.545601,-0.1,0.054942,0.0,-0.166667,-0.125,-0.125,-0.083333,0.365544,-0.000551,-0.005809,-0.020755,-0.063721,"{""activity_churn_eps"": 0.02, ""fatigue_gain"": 0.24, ""fatigue_k_leak"": 0.07, ""fatigue_threshold_gain"": 0.14, ""inhibitory_suppression_gain"": 0.18, ""input_signal_clip"": 1.2, ""input_topk"": 2, ""intrinsic_alignment_gain"": 0.24, ""k_decay"": 0.99, ""k_remem_base"": 0.8500000000000001, ""k_threshold_base"": 0.67, ""ne_remem_reduce_gain"": 0.25, ""ne_thresh_reduce_gain"": 0.25, ""refractory_ticks"": 1}"
thr0.64_topk2_clip1.2_inh0.18_highfat,24,0,-1.73903,26.791667,0.416667,0.549513,-0.066667,0.033863,-0.041667,-0.125,0.0,-0.125,-0.041667,0.181542,0.066911,0.013776,-0.019401,-0.073511,"{""activity_churn_eps"": 0.02, ""fatigue_gain"": 0.24, ""fatigue_k_leak"": 0.07, ""fatigue_threshold_gain"": 0.14, ""inhibitory_suppression_gain"": 0.18, ""input_signal_clip"": 1.2, ""input_topk"": 2, ""intrinsic_alignment_gain"": 0.24, ""k_decay"": 0.99, ""k_remem_base"": 0.8200000000000001, ""k_threshold_base"": 0.64, ""ne_remem_reduce_gain"": 0.25, ""ne_thresh_reduce_gain"": 0.25, ""refractory_ticks"": 1}"
thr0.70_topk3_clip1.5_inh0.18_highfat,24,0,-1.741456,30.5,0.416667,0.557112,-0.15,0.045224,-0.083333,-0.333333,-0.125,-0.208333,0.0,0.298795,0.029828,-0.043627,-0.028228,-0.030646,"{""activity_churn_eps"": 0.02, ""fatigue_gain"": 0.24, ""fatigue_k_leak"": 0.07, ""fatigue_threshold_gain"": 0.14, ""inhibitory_suppression_gain"": 0.18, ""input_signal_clip"": 1.5, ""input_topk"": 3, ""intrinsic_alignment_gain"": 0.24, ""k_decay"": 0.99, ""k_remem_base"": 0.8799999999999999, ""k_threshold_base"": 0.7, ""ne_remem_reduce_gain"": 0.25, ""ne_thresh_reduce_gain"": 0.25, ""refractory_ticks"": 1}"
thr0.67_topk2_clip1.5_inh0.18_highfat,24,0,-1.760348,27.833333,0.416667,0.556189,-0.166667,0.052922,-0.083333,-0.166667,-0.041667,-0.291667,-0.25,0.195541,0.075344,0.062302,0.004123,-0.0727,"{""activity_churn_eps"": 0.02, ""fatigue_gain"": 0.24, ""fatigue_k_leak"": 0.07, ""fatigue_threshold_gain"": 0.14, ""inhibitory_suppression_gain"": 0.18, ""input_signal_clip"": 1.5, ""input_topk"": 2, ""intrinsic_alignment_gain"": 0.24, ""k_decay"": 0.99, ""k_remem_base"": 0.8500000000000001, ""k_threshold_base"": 0.67, ""ne_remem_reduce_gain"": 0.25, ""ne_thresh_reduce_gain"": 0.25, ""refractory_ticks"": 1}"
thr0.70_topk3_clip1.8_inh0.18_highfat,24,0,-1.791947,25.916667,0.416667,0.550501,-0.15,0.045121,-0.125,-0.291667,-0.083333,-0.208333,-0.041667,0.227077,0.00382,0.019248,0.012677,-0.037215,"{""activity_churn_eps"": 0.02, ""fatigue_gain"": 0.24, ""fatigue_k_leak"": 0.07, ""fatigue_threshold_gain"": 0.14, ""inhibitory_suppression_gain"": 0.18, ""input_signal_clip"": 1.8, ""input_topk"": 3, ""intrinsic_alignment_gain"": 0.24, ""k_decay"": 0.99, ""k_remem_base"": 0.8799999999999999, ""k_threshold_base"": 0.7, ""ne_remem_reduce_gain"": 0.25, ""ne_thresh_reduce_gain"": 0.25, ""refractory_ticks"": 1}"
thr0.64_topk2_clip1.5_inh0.18_highfat,24,0,-1.792208,24.625,0.416667,0.549561,-0.116667,0.03971,0.0,-0.25,-0.083333,-0.166667,-0.083333,0.188851,-0.02237,0.090447,-0.04145,-0.016929,"{""activity_churn_eps"": 0.02, ""fatigue_gain"": 0.24, ""fatigue_k_leak"": 0.07, ""fatigue_threshold_gain"": 0.14, ""inhibitory_suppression_gain"": 0.18, ""input_signal_clip"": 1.5, ""input_topk"": 2, ""intrinsic_alignment_gain"": 0.24, ""k_decay"": 0.99, ""k_remem_base"": 0.8200000000000001, ""k_threshold_base"": 0.64, ""ne_remem_reduce_gain"": 0.25, ""ne_thresh_reduce_gain"": 0.25, ""refractory_ticks"": 1}"
thr0.67_topk3_clip1.5_inh0.18_highfat,24,0,-1.808157,26.333333,0.416667,0.555469,-0.116667,0.029664,-0.083333,-0.166667,0.0,-0.208333,-0.125,0.163595,-0.010124,0.053381,-0.000927,-0.057605,"{""activity_churn_eps"": 0.02, ""fatigue_gain"": 0.24, ""fatigue_k_leak"": 0.07, ""fatigue_threshold_gain"": 0.14, ""inhibitory_suppression_gain"": 0.18, ""input_signal_clip"": 1.5, ""input_topk"": 3, ""intrinsic_alignment_gain"": 0.24, ""k_decay"": 0.99, ""k_remem_base"": 0.8500000000000001, ""k_threshold_base"": 0.67, ""ne_remem_reduce_gain"": 0.25, ""ne_thresh_reduce_gain"": 0.25, ""refractory_ticks"": 1}"
thr0.67_topk2_clip1.8_inh0.18_highfat,24,0,-1.809805,25.458333,0.416667,0.553331,-0.1,0.027166,-0.083333,-0.166667,0.0,-0.208333,-0.041667,0.185031,-0.001975,0.042375,0.003898,-0.093501,"{""activity_churn_eps"": 0.02, ""fatigue_gain"": 0.24, ""fatigue_k_leak"": 0.07, ""fatigue_threshold_gain"": 0.14, ""inhibitory_suppression_gain"": 0.18, ""input_signal_clip"": 1.8, ""input_topk"": 2, ""intrinsic_alignment_gain"": 0.24, ""k_decay"": 0.99, ""k_remem_base"": 0.8500000000000001, ""k_threshold_base"": 0.67, ""ne_remem_reduce_gain"": 0.25, ""ne_thresh_reduce_gain"": 0.25, ""refractory_ticks"": 1}"
thr0.70_topk2_clip1.2_inh0.12_highfat,24,0,-1.828225,17.375,0.458333,0.512487,-0.058333,0.107643,-0.125,0.0,0.0,-0.083333,-0.083333,0.238347,-0.005373,0.13609,0.166824,0.002326,"{""activity_churn_eps"": 0.02, ""fatigue_gain"": 0.24, ""fatigue_k_leak"": 0.07, ""fatigue_threshold_gain"": 0.14, ""inhibitory_suppression_gain"": 0.12, ""input_signal_clip"": 1.2, ""input_topk"": 2, ""intrinsic_alignment_gain"": 0.24, ""k_decay"": 0.99, ""k_remem_base"": 0.8799999999999999, ""k_threshold_base"": 0.7, ""ne_remem_reduce_gain"": 0.25, ""ne_thresh_reduce_gain"": 0.25, ""refractory_ticks"": 1}"
thr0.64_topk3_clip1.2_inh0.12_highfat,24,0,-1.83563,22.875,0.458333,0.514665,-0.116667,0.104259,-0.166667,-0.083333,0.041667,-0.166667,-0.208333,0.159395,0.009396,0.194467,0.128743,0.029296,"{""activity_churn_eps"": 0.02, ""fatigue_gain"": 0.24, ""fatigue_k_leak"": 0.07, ""fatigue_threshold_gain"": 0.14, ""inhibitory_suppression_gain"": 0.12, ""input_signal_clip"": 1.2, ""input_topk"": 3, ""intrinsic_alignment_gain"": 0.24, ""k_decay"": 0.99, ""k_remem_base"": 0.8200000000000001, ""k_threshold_base"": 0.64, ""ne_remem_reduce_gain"": 0.25, ""ne_thresh_reduce_gain"": 0.25, ""refractory_ticks"": 1}"
thr0.70_topk2_clip1.8_inh0.18_highfat,24,0,-1.914743,26.333333,0.416667,0.554098,-0.2,0.02302,-0.083333,-0.25,-0.25,-0.291667,-0.125,0.221838,0.01119,0.003672,-0.040914,-0.080685,"{""activity_churn_eps"": 0.02, ""fatigue_gain"": 0.24, ""fatigue_k_leak"": 0.07, ""fatigue_threshold_gain"": 0.14, ""inhibitory_suppression_gain"": 0.18, ""input_signal_clip"": 1.8, ""input_topk"": 2, ""intrinsic_alignment_gain"": 0.24, ""k_decay"": 0.99, ""k_remem_base"": 0.8799999999999999, ""k_threshold_base"": 0.7, ""ne_remem_reduce_gain"": 0.25, ""ne_thresh_reduce_gain"": 0.25, ""refractory_ticks"": 1}"
thr0.67_topk2_clip1.5_inh0.12_highfat,24,0,-1.949917,23.75,0.458333,0.516064,-0.141667,0.075535,-0.125,-0.208333,-0.166667,-0.125,-0.083333,0.160046,-0.056221,0.086126,0.107777,0.079946,"{""activity_churn_eps"": 0.02, ""fatigue_gain"": 0.24, ""fatigue_k_leak"": 0.07, ""fatigue_threshold_gain"": 0.14, ""inhibitory_suppression_gain"": 0.12, ""input_signal_clip"": 1.5, ""input_topk"": 2, ""intrinsic_alignment_gain"": 0.24, ""k_decay"": 0.99, ""k_remem_base"": 0.8500000000000001, ""k_threshold_base"": 0.67, ""ne_remem_reduce_gain"": 0.25, ""ne_thresh_reduce_gain"": 0.25, ""refractory_ticks"": 1}"
thr0.67_topk3_clip1.5_inh0.12_highfat,24,0,-1.985172,23.791667,0.458333,0.517735,-0.166667,0.071902,-0.166667,-0.166667,-0.083333,-0.291667,-0.125,0.279707,-0.038535,0.108929,0.025219,-0.015811,"{""activity_churn_eps"": 0.02, ""fatigue_gain"": 0.24, ""fatigue_k_leak"": 0.07, ""fatigue_threshold_gain"": 0.14, ""inhibitory_suppression_gain"": 0.12, ""input_signal_clip"": 1.5, ""input_topk"": 3, ""intrinsic_alignment_gain"": 0.24, ""k_decay"": 0.99, ""k_remem_base"": 0.8500000000000001, ""k_threshold_base"": 0.67, ""ne_remem_reduce_gain"": 0.25, ""ne_thresh_reduce_gain"": 0.25, ""refractory_ticks"": 1}"
thr0.70_topk3_clip1.2_inh0.12_highfat,24,0,-2.072782,21.166667,0.458333,0.515231,-0.125,0.044027,-0.041667,-0.25,-0.083333,-0.166667,-0.083333,0.149992,-0.061765,0.030882,0.058967,0.04206,"{""activity_churn_eps"": 0.02, ""fatigue_gain"": 0.24, ""fatigue_k_leak"": 0.07, ""fatigue_threshold_gain"": 0.14, ""inhibitory_suppression_gain"": 0.12, ""input_signal_clip"": 1.2, ""input_topk"": 3, ""intrinsic_alignment_gain"": 0.24, ""k_decay"": 0.99, ""k_remem_base"": 0.8799999999999999, ""k_threshold_base"": 0.7, ""ne_remem_reduce_gain"": 0.25, ""ne_thresh_reduce_gain"": 0.25, ""refractory_ticks"": 1}"
thr0.70_topk2_clip1.8_inh0.12_highfat,24,0,-2.135598,23.5,0.5,0.483302,-0.058333,0.070212,-0.083333,-0.083333,0.166667,-0.208333,-0.083333,0.053271,-0.013178,0.258686,-0.021298,0.073578,"{""activity_churn_eps"": 0.02, ""fatigue_gain"": 0.24, ""fatigue_k_leak"": 0.07, ""fatigue_threshold_gain"": 0.14, ""inhibitory_suppression_gain"": 0.12, ""input_signal_clip"": 1.8, ""input_topk"": 2, ""intrinsic_alignment_gain"": 0.24, ""k_decay"": 0.99, ""k_remem_base"": 0.8799999999999999, ""k_threshold_base"": 0.7, ""ne_remem_reduce_gain"": 0.25, ""ne_thresh_reduce_gain"": 0.25, ""refractory_ticks"": 1}"
thr0.64_topk3_clip1.8_inh0.12_highfat,24,0,-2.145332,23.458333,0.5,0.484329,-0.091667,0.076733,0.0,-0.208333,0.083333,-0.25,-0.083333,0.044782,0.003451,0.22767,-0.007373,0.115133,"{""activity_churn_eps"": 0.02, ""fatigue_gain"": 0.24, ""fatigue_k_leak"": 0.07, ""fatigue_threshold_gain"": 0.14, ""inhibitory_suppression_gain"": 0.12, ""input_signal_clip"": 1.8, ""input_topk"": 3, ""intrinsic_alignment_gain"": 0.24, ""k_decay"": 0.99, ""k_remem_base"": 0.8200000000000001, ""k_threshold_base"": 0.64, ""ne_remem_reduce_gain"": 0.25, ""ne_thresh_reduce_gain"": 0.25, ""refractory_ticks"": 1}"
thr0.64_topk3_clip1.5_inh0.12_highfat,24,0,-2.15804,22.041667,0.5,0.482379,-0.066667,0.071055,-0.041667,-0.166667,0.0,-0.166667,0.041667,0.038407,-0.030874,0.180255,0.005693,0.161792,"{""activity_churn_eps"": 0.02, ""fatigue_gain"": 0.24, ""fatigue_k_leak"": 0.07, ""fatigue_threshold_gain"": 0.14, ""inhibitory_suppression_gain"": 0.12, ""input_signal_clip"": 1.5, ""input_topk"": 3, ""intrinsic_alignment_gain"": 0.24, ""k_decay"": 0.99, ""k_remem_base"": 0.8200000000000001, ""k_threshold_base"": 0.64, ""ne_remem_reduce_gain"": 0.25, ""ne_thresh_reduce_gain"": 0.25, ""refractory_ticks"": 1}"
thr0.70_topk3_clip1.5_inh0.12_highfat,24,0,-2.263603,22.041667,0.5,0.480363,-0.091667,0.048728,0.0,-0.166667,0.041667,-0.208333,-0.125,0.041907,-0.016297,0.161025,-0.028993,0.085997,"{""activity_churn_eps"": 0.02, ""fatigue_gain"": 0.24, ""fatigue_k_leak"": 0.07, ""fatigue_threshold_gain"": 0.14, ""inhibitory_suppression_gain"": 0.12, ""input_signal_clip"": 1.5, ""input_topk"": 3, ""intrinsic_alignment_gain"": 0.24, ""k_decay"": 0.99, ""k_remem_base"": 0.8799999999999999, ""k_threshold_base"": 0.7, ""ne_remem_reduce_gain"": 0.25, ""ne_thresh_reduce_gain"": 0.25, ""refractory_ticks"": 1}"
thr0.67_topk2_clip1.8_inh0.12_highfat,24,0,-2.269983,22.833333,0.5,0.481709,-0.075,0.039208,0.0,-0.166667,0.0,-0.166667,-0.041667,0.050573,0.012185,0.16621,-0.052217,0.019287,"{""activity_churn_eps"": 0.02, ""fatigue_gain"": 0.24, ""fatigue_k_leak"": 0.07, ""fatigue_threshold_gain"": 0.14, ""inhibitory_suppression_gain"": 0.12, ""input_signal_clip"": 1.8, ""input_topk"": 2, ""intrinsic_alignment_gain"": 0.24, ""k_decay"": 0.99, ""k_remem_base"": 0.8500000000000001, ""k_threshold_base"": 0.67, ""ne_remem_reduce_gain"": 0.25, ""ne_thresh_reduce_gain"": 0.25, ""refractory_ticks"": 1}"
thr0.64_topk2_clip1.8_inh0.12_highfat,24,0,-2.293092,20.625,0.5,0.477691,-0.15,0.062312,-0.041667,-0.25,0.0,-0.291667,-0.166667,0.042816,-0.021614,0.176214,-0.032835,0.146981,"{""activity_churn_eps"": 0.02, ""fatigue_gain"": 0.24, ""fatigue_k_leak"": 0.07, ""fatigue_threshold_gain"": 0.14, ""inhibitory_suppression_gain"": 0.12, ""input_signal_clip"": 1.8, ""input_topk"": 2, ""intrinsic_alignment_gain"": 0.24, ""k_decay"": 0.99, ""k_remem_base"": 0.8200000000000001, ""k_threshold_base"": 0.64, ""ne_remem_reduce_gain"": 0.25, ""ne_thresh_reduce_gain"": 0.25, ""refractory_ticks"": 1}"
