sample_id,text,label,persona_id,talk_id,profile_id,z_0,z_1,z_2,z_3,z_4,z_5,z_6,z_7,z_8,z_9,z_10,z_11,z_12,z_13,z_14,z_15,z_16,z_17,z_18,z_19,z_20,z_21,z_22,z_23,z_24,z_25,z_26,z_27,z_28,z_29,z_30,z_31,z_32,z_33,z_34,z_35,z_36,z_37,z_38,z_39,z_40,z_41,z_42,z_43,z_44,z_45,z_46,z_47,z_48,z_49,z_50,z_51,z_52,z_53,z_54,z_55,z_56,z_57,z_58,z_59,z_60,z_61,z_62,z_63,dopamine,serotonin,norepinephrine,melatonin,dominant_branch_len
s_000000,어제 여자친구랑 크게 싸웠어. [SEP] 싸우다니 기분이 안 좋으시겠어요. 어쩌다가 싸우게 된 거예요? [SEP] 모르겠어 내가 무슨 잘못을 했는지 계속 짜증 내더라구. [SEP] 이유를 알 수 없어 답답하시겠군요. [SEP] 말마다 짜증을 내니까 나도 같이 짜증이 나더라고. [SEP] 여자친구의 태도에 화가 나셨겠어요.,E13,Pro_03664,Pro_03664_00018,Pro_03664,0.6855034828186035,0.9997233748435974,0.9998841881752014,0.9999999403953552,0.9999017119407654,0.9997989535331726,-0.9332278966903688,-0.9439110159873962,-0.4062844514846802,-0.6039974689483643,0.9990725517272948,-0.8607341051101685,1.0,-0.974188506603241,0.9996508955955504,0.9997508525848388,-0.9999996423721312,0.7423330545425415,0.9999999403953552,0.1896576285362243,0.962432622909546,-0.6526265740394592,-0.9779833555221558,-0.999999701976776,0.9736244082450868,-0.9998648762702942,0.5953019261360168,0.9995070099830629,-0.4986367225646972,-0.9999999403953552,-0.9999321103096008,0.9999999403953552,-0.9996923804283142,0.7644030451774597,-0.9993804693222046,0.9999998807907104,0.9999999403953552,0.9999881982803344,0.8879867792129517,0.8040162324905396,-0.4263747632503509,-0.756971538066864,-0.9135825037956238,0.9344012141227722,0.9977561235427856,-0.994997262954712,0.9096368551254272,-0.7962966561317444,0.9999260306358336,-0.6746176481246948,0.3717449903488159,0.9771349430084229,0.929550290107727,0.9880343675613404,-0.9989649057388306,-0.9823854565620422,0.6875945329666138,0.9999942779541016,-0.9908882975578308,-0.9997071027755736,-0.9995774030685424,-0.999999225139618,-0.566384494304657,0.9993547797203064,0.0974582731723785,0.1560887396335601,0.6895561218261719,0.358289897441864,4
s_000001,동생이 아직도 집에 안 들어왔어. 무슨 일 생긴 걸까. [SEP] 동생이 늦게까지 들어오지 않아 걱정되는군요. [SEP] 한 번도 이런 적 없었는데 무슨 일일까. [SEP] 일단 계속 연락해보는 건 어떨까요? [SEP] 연락하는데도 안 받아. [SEP] 연락이 닿지 않는군요. 별 문제 없으시길 바랄게요.,E39,Pro_05130,Pro_05130_00020,Pro_05130,-0.0432346500456333,-0.2209353595972061,-0.2799118757247925,-0.30060875415802,0.1503966748714447,0.0822874307632446,-0.149588331580162,-0.0338805429637432,0.0421746894717216,0.2671986222267151,0.046860858798027,-0.1658878028392791,-0.1083627194166183,-0.0789781287312507,-0.1077490299940109,0.0250523090362548,-0.0855969935655593,-0.2636797726154327,-0.2056745588779449,0.1058905869722366,-0.0195591710507869,0.034018587321043,-0.0846601948142051,-0.1226536184549331,-0.1155586019158363,-0.0852871686220169,-0.3434874713420868,0.2046572864055633,-0.2485291063785553,0.2267671823501587,-0.2907857596874237,-0.0802765116095542,-0.2151920050382614,-0.0361007489264011,0.0764727741479873,0.3681545257568359,0.0450593419373035,0.0973245501518249,-0.154567152261734,0.0110466200858354,-0.2379195988178253,0.2406937927007675,-0.1295361220836639,-0.094587355852127,-0.0934887155890464,-0.0399412773549556,0.0870372802019119,-0.0923972502350807,0.0617293007671833,-0.1069937199354171,-0.5324254035949707,0.1322842091321945,0.2330261915922165,-0.3653990030288696,-0.1026170253753662,-0.033229362219572,0.1080865636467933,-0.1903570890426635,0.2717901766300201,0.0220269821584224,-0.0102192740887403,0.2231432795524597,0.1657048463821411,0.1409808546304702,0.1519390046596527,0.290704607963562,0.4828861057758331,0.3377988934516907,1
s_000002,내가 하고 싶은 일을 하려면 많은 공부를 해야 하는데 막상 행동으로 옮기기 어려워. [SEP] 원하는 대로 되지 않아 속상하시겠어요. [SEP] 그래서 늘 무기력하고 슬픈 감정이 가득해. [SEP] 앞으로 이런 일이 있으면 어떻게 대처하실 건가요? [SEP] 선생님에게 어떻게 하면 좋을지 조언을 구할 거야. [SEP] 주변 사람들과의 대화로 잘 해결하시면 좋겠어요.,E36,Pro_01767,Pro_01767_00020,Pro_01767,-0.0664301961660385,-0.1774292290210724,-0.277424544095993,-0.2166631072759628,0.1084732934832573,0.0752850845456123,-0.1775791198015213,-0.0678124129772186,0.0287560783326625,0.2590385973453522,-0.0011494825594127,-0.2025550305843353,-0.1393452882766723,-0.0247204005718231,-0.0538792088627815,0.0412779599428176,-0.0676646083593368,-0.2878144383430481,-0.251869797706604,0.0493082515895366,-0.0957541838288307,0.0253799874335527,-0.1032357439398765,-0.1758446991443634,-0.0985820665955543,-0.071057952940464,-0.3829590678215027,0.2017713040113449,-0.2427974641323089,0.2723840475082397,-0.2312921732664108,-0.0662050321698188,-0.2422628402709961,-0.1441099941730499,0.099240094423294,0.3855916261672973,0.0777190402150154,0.0580519847571849,-0.1876135617494583,-0.0022758466657251,-0.2371560931205749,0.2696917057037353,-0.1577076166868209,-0.0798538774251937,-0.1201132759451866,-0.0650462433695793,0.1412831395864486,-0.102239154279232,0.0027202765922993,-0.1236302554607391,-0.5511425137519836,0.1660898327827453,0.1827303022146225,-0.317571073770523,-0.1748017817735672,-0.1379569768905639,0.0802636221051216,-0.173502042889595,0.2848915457725525,0.0276649519801139,0.0102094849571585,0.1301057487726211,0.1470079272985458,0.1475274562835693,0.2698734700679779,0.3020361661911011,0.4392177760601043,0.3742665648460388,1
s_000003,나이가 많다는 이유로 회사에서 잘렸어. 이제 나는 사회에서 더 이상 필요로 하지 않아. [SEP] 회사에서 해고당하셔서 상실감이 크시겠어요. [SEP] 내가 더 이상 사회에 필요하지 않은 사람이 된 것 같고 경제적으로도 어려워질 것 같아. [SEP] 더 이상 필요하지 않은 사람이 된 것 같다고 느끼고 계시는군요. [SEP] 이제 나에게 남은 것이 상실 밖에는 없어. [SEP] 지금 감정을 나눌 수 있는 사람이 주변에 있었으면 좋겠어요.,E49,Pro_12460,Pro_12460_00014,Pro_12460,-0.0920729711651802,-0.1897109299898147,-0.2627402544021606,-0.2169375419616699,0.0890146568417549,0.1001814901828765,-0.1277666836977005,-0.0620713308453559,0.0312336515635252,0.2363155037164688,0.0224615838378667,-0.1849446445703506,-0.0969121009111404,-0.0403265617787838,-0.0447720512747764,0.0714456439018249,-0.0481001287698745,-0.2679087519645691,-0.2043161541223526,0.0275415778160095,-0.0831444710493087,0.0515586286783218,-0.0725060701370239,-0.137824609875679,-0.0687243267893791,-0.0717879384756088,-0.3559654951095581,0.2007579952478408,-0.2212451845407486,0.2348132133483886,-0.2455676198005676,-0.0972532853484153,-0.2295252382755279,-0.1342587620019912,0.0851775035262107,0.3430332541465759,0.035965085029602,0.0987515896558761,-0.1487831622362136,-0.0122122019529342,-0.1985521167516708,0.2188914120197296,-0.1585341989994049,-0.1093199551105499,-0.0906814113259315,-0.077655017375946,0.1311276704072952,-0.0828634798526763,0.0232826620340347,-0.1216420233249664,-0.4913393259048462,0.1378155052661895,0.1516663432121276,-0.2743555903434753,-0.1042987182736396,-0.090902455151081,0.0235174298286438,-0.1728670448064804,0.2682795226573944,0.0398290455341339,0.0115733230486512,0.1316325366497039,0.1590509712696075,0.1374126523733139,0.2210990637540817,0.3308376371860504,0.3963931798934936,0.2926121652126312,1
s_000004,손이 절단돼서 나는 할 수 있는 게 없는 한심한 인간이야. 다른 사람들과는 너무 비교돼. [SEP] 장애 때문에 많이 힘드시겠어요. [SEP] 남들이 잠깐이면 할 일을 나는 아주 오래 걸려. 심지어 화장실 갈 때도 남의 도움이 필요해. [SEP] 그런 기분이 들어 힘드실 것 같아요. 이 감정을 벗어나기 위해 무엇을 해볼 수 있을까요? [SEP] 난 쓸모없는 인간이라 할 수 있는 게 아무것도 없어. [SEP] 지금의 어려움을 이겨내시고 꼭 행복해지셨으면 좋겠어요.,E16,Pro_03787,Pro_03787_00018,Pro_03787,-0.0432349406182765,-0.2056045979261398,-0.288270503282547,-0.2463422268629074,0.1372617930173874,0.0745359361171722,-0.2079497277736663,-0.0662909299135208,0.0363475084304809,0.2804518342018127,0.0007311551598832,-0.2106560617685318,-0.1549298167228698,-0.0381311886012554,-0.0835721790790557,0.0307583212852478,-0.0974790751934051,-0.3038955330848694,-0.2666351199150085,0.0768648162484169,-0.0753948017954826,0.0093430541455745,-0.1100608855485916,-0.199120432138443,-0.1372734755277633,-0.0891870036721229,-0.3922437131404876,0.1992616951465606,-0.2724941670894623,0.2900004386901855,-0.2583405673503876,-0.0548210740089416,-0.2506185472011566,-0.1157809495925903,0.1001326888799667,0.4079397320747375,0.1003598868846893,0.0523320883512496,-0.1997854709625244,0.0024402167182415,-0.2646089494228363,0.2950388193130493,-0.1506216377019882,-0.0637126788496971,-0.1236429139971733,-0.0474009104073047,0.130208358168602,-0.1174177899956703,0.0195655487477779,-0.1223227232694625,-0.5868651866912842,0.1629573702812194,0.2165154218673706,-0.3688064515590668,-0.2032104879617691,-0.1267103850841522,0.1226595863699913,-0.1798972189426422,0.3019073903560638,0.0246799737215042,-0.0055428212508559,0.1683224290609359,0.1513605713844299,0.1485180109739303,0.2702097296714782,0.2831397950649261,0.5006576180458069,0.4050931930541992,1
s_000005,몸이 좋지 않은데 아르바이트 하는 곳에서 치료하라며 돈을 더 주셨어. [SEP] 아르바이트 하는 곳에서 치료를 위해 돈을 더 주셔서 당황하셨군요. [SEP] 무척 당황스럽고 혼란스러워. 내가 이걸 정말 받아도 되는 걸까? [SEP] 치료를 위해 받은 돈에 많이 당황하셨겠어요. 어떻게 해야 좋을까요? [SEP] 이 돈으로 열심히 잘 치료받고 얼른 나아서 활기찬 모습을 되찾아야겠다! [SEP] 좋은 생각이에요. 고마운 마음이 성공적으로 전달되기를 바랄게요.,E59,Pro_10850,Pro_10850_00006,Pro_10850,-0.1927763521671295,-0.1864341497421264,-0.2384232878684997,-0.0123868007212877,-0.0345138348639011,0.1725655496120453,-0.1509881317615509,-0.1579772680997848,0.0207244176417589,0.2013061344623565,-0.0504085905849933,-0.2799593508243561,-0.1038467660546302,0.0491312108933925,0.0798633471131324,0.2106054276227951,-0.0179519746452569,-0.3424694240093231,-0.2448092997074127,-0.1643643379211425,-0.2343159317970276,0.064584732055664,-0.0446116998791694,-0.2697498798370361,-0.0325643792748451,-0.0894957706332206,-0.4331400394439697,0.181051567196846,-0.229751244187355,0.3219263851642608,-0.1853572577238083,-0.1295222342014312,-0.3125476837158203,-0.3724435865879059,0.1184645071625709,0.3306299448013305,0.074470654129982,0.0947747305035591,-0.1661099791526794,-0.0841025412082672,-0.1529650092124939,0.2243338972330093,-0.2411553114652633,-0.1161222606897354,-0.0858218520879745,-0.1549065709114074,0.2490047812461853,-0.1008030250668525,-0.049114316701889,-0.1722851991653442,-0.4761295616626739,0.1403897404670715,-0.0326511524617672,-0.1150219514966011,-0.1991894543170929,-0.2450841963291168,-0.1429717093706131,-0.1353682279586792,0.3187618255615234,0.0972950905561447,0.0330976508557796,-0.0666094645857811,0.1570353657007217,0.1282389312982559,0.4661273062229156,0.4241101145744324,0.3022177815437317,0.2237085998058319,1
s_000006,딸이 나를 보러 오다 사고로 병원에 이송 중이라는 연락을 받았어. [SEP] 딸의 사고 연락을 받아 마음이 슬프겠어요. [SEP] 하필 나를 보러 오다 사고를 당해 더욱더 마음이 아파. [SEP] 딸이 나를 보러오다 사고를 당해 더욱 마음이 좋지 않으시군요. 어떻게 하면 기분이 좀 더 나아지실 수 있을까요? [SEP] 회복 후 딸을 위해 해줄 수 있는 것은 뭐든지 해줘야겠어. [SEP] 딸을 위해 할 수 있는 일을 해주려 하시는군요.,E25,Pro_12196,Pro_12196_00005,Pro_12196,-0.0665220469236373,-0.2126480787992477,-0.2737739384174347,-0.2398363053798675,0.1168653070926666,0.0950455591082573,-0.1642100214958191,-0.0626687854528427,0.0375580824911594,0.2574599385261535,0.0177625138312578,-0.1960039287805557,-0.1174695119261741,-0.0500679276883602,-0.0729959085583686,0.0578478574752807,-0.0782496556639671,-0.284812718629837,-0.2252825200557708,0.0548815764486789,-0.0674366876482963,0.0319137275218963,-0.0834402590990066,-0.1671791672706604,-0.1102297008037567,-0.0895285680890083,-0.367097407579422,0.1958885937929153,-0.2519372403621673,0.257568359375,-0.2659668028354645,-0.0802105441689491,-0.2383838444948196,-0.1111226230859756,0.0876374319195747,0.3685403764247894,0.0654210373759269,0.0866681784391403,-0.1649965196847915,-0.0065390728414058,-0.2269884198904037,0.2503308355808258,-0.150802195072174,-0.0872396603226661,-0.098294012248516,-0.0591796077787876,0.122166134417057,-0.0998463332653045,0.0347806997597217,-0.1200489625334739,-0.5334295630455017,0.138157919049263,0.1848174780607223,-0.3273025155067444,-0.1437584161758422,-0.0886172503232956,0.0699638277292251,-0.1766294091939926,0.2856953144073486,0.0359996370971202,-0.0032430735882371,0.1637562215328216,0.1597539037466049,0.1381363421678543,0.230995774269104,0.3054312765598297,0.4567169547080993,0.3308805823326111,1
s_000007,내가 마카롱을 좋아하는 것을 알고 그가 내게 마카롱 선물을 했어 나를 좋아하는 것이 틀림없어. 행복해. [SEP] 정말 기뻤겠어요. [SEP] 나도 그가 정말 좋거든. [SEP] 어떤 점이 좋으세요? [SEP] 세심하게 배려하는 자세가 좋아. [SEP] 앞으로도 기분 좋은 일만 생겼으면 좋겠어요.,E66,Pro_05277,Pro_05277_00025,Pro_05277,-0.2126191854476928,-0.1581454873085022,-0.2295215725898742,0.0230753663927316,-0.0623308233916759,0.1716694682836532,-0.1304715424776077,-0.1630201190710067,0.0129929194226861,0.182975560426712,-0.0579471178352832,-0.2779900133609772,-0.0957367718219757,0.0664495453238487,0.1095476895570755,0.2196177542209625,0.0078459484502673,-0.3328926563262939,-0.2391711473464965,-0.1915926784276962,-0.2582581341266632,0.0758170783519744,-0.0419994369149208,-0.2581961154937744,0.0002934411168098,-0.0731892138719558,-0.4307396709918976,0.1827872842550277,-0.2051314562559127,0.3138591349124908,-0.1553553491830825,-0.136171817779541,-0.3092180788516998,-0.4028156995773315,0.1206486970186233,0.314617782831192,0.0608780868351459,0.0938558131456375,-0.1609140336513519,-0.0890697762370109,-0.1307036578655243,0.2077950090169906,-0.2496431320905685,-0.1265936940908432,-0.0867620334029197,-0.1712363064289093,0.2635188996791839,-0.0900967717170715,-0.0698684751987457,-0.1751850992441177,-0.4465318322181701,0.1475221067667007,-0.0660343170166015,-0.0636600703001022,-0.1860451847314834,-0.2660015523433685,-0.1782540082931518,-0.128204733133316,0.3070011138916015,0.0999610498547554,0.0480833947658538,-0.1087143421173095,0.1510652005672454,0.1284402906894683,0.4803356826305389,0.439813494682312,0.248731255531311,0.2050973027944564,1
s_000008,다른 사람들과 만나는 건 너무나도 힘든 일이야. [SEP] 다른 사람을 만나는건 힘든일이군요. 어떤 점이 힘드신가요? [SEP] 모르겠어. 뭔가 사람들을 만나면 그냥 혼란스러워. [SEP] 사람들과 만남이 불안하고 혼란스러우시군요. [SEP] 내가 사람들과 원만한 관계를 유지할 수 있을까? 두려운 마음이 앞서네. [SEP] 인간관계에서 두려움을 느끼시는군요.,E34,Pro_03565,Pro_03565_00018,Pro_03565,-0.0745187550783157,-0.2370609492063522,-0.268030971288681,-0.2246007919311523,0.1081806570291519,0.1151589527726173,-0.1667225211858749,-0.0745425969362258,0.0425079464912414,0.2518042325973511,0.0138812158256769,-0.2085306346416473,-0.107656717300415,-0.0558438748121261,-0.0732057988643646,0.0858737304806709,-0.0863317474722862,-0.2942717373371124,-0.2173107266426086,0.0354342833161354,-0.0689941719174385,0.0322169959545135,-0.0690559893846511,-0.1887717396020889,-0.1231910958886146,-0.1093524396419525,-0.3664427399635315,0.1834282130002975,-0.2645013332366943,0.2652236223220825,-0.2799883782863617,-0.0865954831242561,-0.2474360167980194,-0.1219568699598312,0.0842195153236389,0.3565700054168701,0.0725260600447654,0.1007401421666145,-0.1539780050516128,-0.018128179013729,-0.2141453921794891,0.2442503422498703,-0.1540860533714294,-0.083235464990139,-0.0848713591694831,-0.0615718066692352,0.1237289607524871,-0.1041002869606018,0.0462552867829799,-0.1229838952422142,-0.5226695537567139,0.1185702309012413,0.1629764288663864,-0.3198941051959991,-0.148017480969429,-0.0793444812297821,0.0473650135099887,-0.1702432781457901,0.2946935892105102,0.0497178398072719,-0.0121180480346083,0.1603162288665771,0.1650383174419403,0.1277932375669479,0.2449306547641754,0.3082849979400635,0.4621787667274475,0.296771377325058,1
s_000009,노인회에서 터무니없는 큰 금액의 회비를 요구하기에 탈퇴했어. 정말 화가 나. [SEP] 너무 많은 회비 요구로 인해 불쾌함을 느끼셨군요. 조금 더 자세히 말씀해주시겠어요? [SEP] 내가 이렇게는 낼 수 없다 얘기하니 절이 싫으면 중이 떠나라지 뭐야. 그래서 탈퇴했어. [SEP] 불공정한 태도로 인해 화가 나셨군요. 어떻게 하면 지금의 기분을 변화시킬 수 있을까요? [SEP] 내가 저 노인회는 꼭 고발을 해야 기분이 좋아지겠어. [SEP] 용기를 낸 고발을 통해 상황이 잘 해결이 되었으면 좋겠어요.,E14,Pro_12425,Pro_12425_00008,Pro_12425,0.5413976907730103,0.9478278756141664,0.9404374957084656,0.9992802739143372,0.9911887645721436,0.9854897260665894,-0.7792052030563354,-0.6691226363182068,0.0181789100170135,0.288486897945404,0.9627005457878112,-0.5046230554580688,0.9999304413795472,-0.9087191820144652,0.978933811187744,0.9443693161010742,-0.99907785654068,0.6079797744750977,0.9994685649871826,-0.1729235649108886,0.7363016605377197,-0.4500226378440857,-0.7924488186836243,-0.9994913339614868,0.72895747423172,-0.989023983478546,0.1779374480247497,0.9672212600708008,-0.8115696310997009,-0.9991892576217652,-0.9888287782669068,0.9995996356010436,-0.9869285225868224,0.5017939805984497,-0.9279019832611084,0.9995835423469543,0.999777853488922,0.9898983836174012,0.6732425093650818,0.1925466656684875,-0.2295218408107757,-0.5395711660385132,-0.7745735049247742,0.5820321440696716,0.9202935099601746,-0.8942300081253052,0.7302436232566833,-0.6413265466690063,0.9866251349449158,-0.8297327160835266,-0.1647654622793197,0.8453510999679565,0.8550293445587158,0.7305096983909607,-0.9573869705200196,-0.7191312313079834,0.5726736187934875,0.9876009225845336,-0.7105597257614136,-0.9791133999824524,-0.9689939618110656,-0.9974541664123536,-0.2268886715173721,0.8789708018302917,0.1935408860445022,0.2179203182458877,0.6417944431304932,0.3628988862037658,3
s_000010,난 다른 사람보다 많이 부족한 것 같아. 내가 과연 잘 할 수 있을까? [SEP] 앞으로 잘 할 수 있을까 걱정하시는군요. [SEP] 직장에서도 나만 일을 못 하는 것 같고 뒤처지는 느낌이야. [SEP] 지금 기분에서 벗어나는 방법으로 무엇이 있을까요? [SEP] 거울 앞에서 난 할 수 있다 난 괜찮다 열 번씩 크게 외쳐봐야겠어. [SEP] 효과가 있으시길 바라요.,E41,Pro_05132,Pro_05132_00012,Pro_05132,-0.1153604835271835,-0.2580074667930603,-0.2702100574970245,-0.1818868964910507,0.0771423801779747,0.1555562168359756,-0.1831941902637481,-0.1086436659097671,0.0438530854880809,0.2609761655330658,0.0055123902857303,-0.2474471628665924,-0.1166232898831367,-0.0251474920660257,-0.0339676216244697,0.1433820873498916,-0.0875824689865112,-0.3414868414402008,-0.2391189038753509,-0.0311709437519311,-0.1192245483398437,0.0402410663664341,-0.0566403456032276,-0.2419174611568451,-0.1139489561319351,-0.1176172345876693,-0.4158409237861633,0.1933952420949936,-0.2818294167518616,0.3055881857872009,-0.284253865480423,-0.1134429648518562,-0.2938454449176788,-0.2095474451780319,0.1019724607467651,0.3746578991413116,0.080326460301876,0.1058351173996925,-0.171339601278305,-0.0484171621501445,-0.2266884893178939,0.2555654346942901,-0.196760356426239,-0.1028686761856079,-0.082049161195755,-0.0924047231674194,0.1738259643316269,-0.1173435896635055,0.030416615307331,-0.15037801861763,-0.5493772625923157,0.1229094415903091,0.1163460537791252,-0.2886808216571808,-0.1823402345180511,-0.1327046006917953,-0.0030062405858188,-0.1729371547698974,0.33052459359169,0.0701622664928436,-0.0090434728190302,0.1115524247288703,0.178478866815567,0.1358605474233627,0.3348341882228851,0.3719108700752258,0.4648602902889251,0.2898837029933929,1
s_000011,내가 지적장애가 있는데 부모님이 너무 무관심한 거 같아 마음이 아파. [SEP] 부모님이 무관심하셔서 마음이 아프시겠어요. [SEP] 친구도 없는데 부모님까지 무관심하니 너무 슬퍼. [SEP] 무관심에서 벗어나려면 어떻게 해야 할까요? [SEP] 부모님께 진심을 담아서 편지를 써봐야겠어. [SEP] 진심을 담은 편지가 부모님의 관심이 생기도록 했으면 좋겠어요.,E23,Pro_01634,Pro_01634_00013,Pro_01634,-0.0560916773974895,-0.1995341330766677,-0.2749959826469421,-0.2728536128997803,0.1310420632362365,0.079568475484848,-0.1426649391651153,-0.0405327752232551,0.0361715629696846,0.2565761208534241,0.0361512340605258,-0.1690652966499328,-0.1085005849599838,-0.0629824325442314,-0.0856702551245689,0.0305865015834569,-0.0696782693266868,-0.2606162130832672,-0.2089384198188781,0.0851557478308677,-0.0424593053758144,0.0383302643895149,-0.086428701877594,-0.1226002052426338,-0.0965495929121971,-0.0745191797614097,-0.346527099609375,0.204832911491394,-0.2345950007438659,0.2279336005449295,-0.267273485660553,-0.0808811709284782,-0.215974360704422,-0.067850649356842,0.0804428160190582,0.3622214198112488,0.0426070168614387,0.0909278765320777,-0.1562593579292297,0.0074013462290167,-0.226346418261528,0.236219897866249,-0.1369977444410324,-0.0972801744937896,-0.0979903787374496,-0.0513680651783943,0.101507730782032,-0.0879212096333503,0.0427934452891349,-0.1101567596197128,-0.5204150676727295,0.1408497989177703,0.2105820477008819,-0.3358541131019592,-0.1053374484181404,-0.0586849935352802,0.0869543552398681,-0.1841722279787063,0.2663953006267547,0.0236356239765882,0.0004501528746914,0.1900323331356048,0.1594840288162231,0.1418154090642929,0.173977792263031,0.298600435256958,0.4487626254558563,0.3337756991386413,1
s_000012,얼마 전에 출산했는데 몸이 예전만큼 좋지가 않아. 이런 상황에서 남편이 사소한 것도 잔소리해서 너무 당황스러워. [SEP] 아무래도 출산을 하면 몸이 예전만큼 좋지가 않죠. 잔소리를 들어서 당황하셨겠어요. [SEP] 아픈 사람한테 누가 잔소리를 해? 속상하기도 하고 짜증 나기도 한데 무엇보다 당황한 마음이 커. [SEP] 남편분과 이 문제에 관해서 대화해 보셨나요? [SEP] 말했지. 아픈 사람한테 잔소리하고 싶냐고 짜증 내려다 나도 잘못한 게 있으니까 미안하다고 사과했어. [SEP] 미안하다고 사과했군요. 남편분이 영희 씨의 마음을 더 잘 이해해주길 바랄게요.,E51,Pro_05262,Pro_05262_00032,Pro_05262,-0.0701317638158798,-0.2558838725090027,-0.2728398144245147,-0.2414861172437667,0.1195040419697761,0.1225175783038139,-0.1754313707351684,-0.0742333903908729,0.047241173684597,0.2624282240867615,0.0210094079375267,-0.2119683921337127,-0.1100880354642868,-0.063199371099472,-0.0847213566303253,0.0889789834618568,-0.0990941300988197,-0.3042000234127044,-0.2193218469619751,0.0427027828991413,-0.0589753091335296,0.029697211459279,-0.0667927041649818,-0.1968905329704284,-0.1365571618080139,-0.1182140633463859,-0.3726244866847992,0.1855788677930832,-0.2779273390769958,0.2710228562355041,-0.2984864711761474,-0.0897277817130088,-0.2541294991970062,-0.1107721850275993,0.084294319152832,0.3654905259609222,0.0759316608309745,0.1054028049111366,-0.1565485447645187,-0.0193823631852865,-0.2267009317874908,0.2506556212902069,-0.1549339443445205,-0.0840814486145973,-0.0819011032581329,-0.0571475774049758,0.1204460933804512,-0.1098599880933761,0.0579871088266372,-0.1247903108596801,-0.537966251373291,0.1137917935848236,0.1754262000322342,-0.3399340808391571,-0.1521736681461334,-0.0688443556427955,0.0582117289304733,-0.1760091185569763,0.3045494854450226,0.050866674631834,-0.01971853710711,0.1795694082975387,0.1717599034309387,0.1291143894195556,0.2417705953121185,0.3117466270923614,0.4902465045452118,0.301767885684967,1
s_000013,아이를 낳다가 실패했어. [SEP] 비통한 심정이시겠어요. [SEP] 내게 왜 이런 일이 생길까? [SEP] 너무 힘든 일이라 지금의 상황을 받아들이시기 어려우시겠어요. [SEP] 당분간 안정을 취해야겠어. [SEP] 잘 추스르시길 바랄게요.,E22,Pro_03673,Pro_03673_00016,Pro_03673,-0.0412576049566268,-0.2369169741868972,-0.2901620864868164,-0.3466704785823822,0.1712298095226287,0.0884732827544212,-0.1425579637289047,-0.0195392202585935,0.0468636713922023,0.2860953211784363,0.0763328671455383,-0.1532318890094757,-0.1066472381353378,-0.0902962386608123,-0.1218123808503151,0.0170661099255085,-0.0922506004571914,-0.2684565186500549,-0.199795201420784,0.1267661452293396,0.0028277894016355,0.041880264878273,-0.0822018533945083,-0.1000395566225051,-0.1112438440322876,-0.0795802325010299,-0.3502189815044403,0.2252665758132934,-0.2521398663520813,0.2158468216657638,-0.3176147639751434,-0.0964742824435234,-0.2170296162366867,-0.0051841894164681,0.0764000937342643,0.3831939101219177,0.024097179993987,0.1088330522179603,-0.1573458760976791,0.0148343173786997,-0.2625322043895721,0.2387070208787918,-0.1326502412557602,-0.1176092475652694,-0.0901253223419189,-0.0375942476093769,0.0795255228877067,-0.0911465585231781,0.0788520947098732,-0.1093001738190651,-0.5519412755966187,0.1344147324562072,0.2646484375,-0.3907680809497833,-0.0760942474007606,-0.0074559669010341,0.1256493926048278,-0.2099642902612686,0.2771381437778473,0.0152001054957509,-0.013421076349914,0.2603778839111328,0.1799483448266983,0.1528571099042892,0.1155111417174339,0.3153658211231231,0.5130261182785034,0.3515940010547638,1
s_000014,처음 하는 발표에서 내 실수로 발표 전체를 망쳐 버렸어. [SEP] 발표를 망친 것에 대한 죄책감이 크신 것 같네요. [SEP] 열심히 준비한 발표였는데 내 실수로 망쳐서 속상해. [SEP] 열심히 준비한 발표에서 실수를 해서 죄책감을 느끼셨던 것이군요. [SEP] 좋은 경험이라고 생각하고 다음에는 더 잘하자고 생각해야겠어. [SEP] 다음에는 더 잘하겠다고 결심한 계기가 되었군요.,E55,Pro_03826,Pro_03826_00046,Pro_03826,-0.1580853015184402,-0.1492033451795578,-0.2434666454792022,-0.1108364015817642,0.0100509254261851,0.1255593597888946,-0.0988820195198059,-0.0975637137889862,0.0170368403196334,0.2012589573860168,-0.0037191414739936,-0.2092182785272598,-0.0843806564807891,0.0127717908471822,0.0398636572062969,0.131377711892128,0.0013286910252645,-0.2780465185642242,-0.2053257524967193,-0.0750640332698822,-0.166263148188591,0.0769737735390663,-0.0573666431009769,-0.1550069451332092,-0.002382262609899,-0.0499935373663902,-0.3792416155338287,0.2033656388521194,-0.1852310448884964,0.246269479393959,-0.1881740242242813,-0.124539665877819,-0.2521052360534668,-0.2604649662971496,0.0992040857672691,0.3170293569564819,0.0192346274852752,0.1008869856595993,-0.1458144932985305,-0.0431287363171577,-0.1551433652639389,0.1920203119516372,-0.2009255141019821,-0.1362147778272628,-0.0885426178574562,-0.1292944252490997,0.1919363737106323,-0.0707532092928886,-0.0276906117796897,-0.1437660753726959,-0.4441942572593689,0.1496866047382354,0.0477344915270805,-0.1509505659341812,-0.1041684374213218,-0.1680795103311538,-0.0854867026209831,-0.1553734540939331,0.2671674787998199,0.0614421889185905,0.0415265560150146,0.0115247415378689,0.1537507176399231,0.138041466474533,0.3118104338645935,0.3951627612113952,0.2883338332176208,0.2418595254421234,1
s_000015,요즘 너무 우울해. 집에만 있어서 그런가? [SEP] 집에만 있어서 더 우울하다고 느끼나 보군요. [SEP] 요즘 살이 쪄서 집 밖으로도 안 나가고 친구들 연락도 피하고 있어. [SEP] 살이 쪄서 자신감이 많이 사라졌나 보군요. [SEP] 요즘에는 집 앞 편의점에 가는 것도 꺼려져. [SEP] 요즘 살이 쪄서 지인들 연락도 피하고 집 앞에 잠깐 나가는 것도 꺼려지나 보네요.,E43,Pro_05134,Pro_05134_00043,Pro_05134,-0.0474555417895317,-0.1419382989406585,-0.287641704082489,-0.2924005091190338,0.1412071883678436,0.0398650728166103,-0.1402808129787445,-0.0216814018785953,0.0238207262009382,0.2693018913269043,0.0400244332849979,-0.1490731239318847,-0.133746936917305,-0.040229395031929,-0.0734387710690498,-0.0220742020756006,-0.0487818196415901,-0.2478348910808563,-0.2333344221115112,0.112706534564495,-0.0537632517516613,0.0390928089618682,-0.1179309040307998,-0.0844166353344917,-0.0623004101216793,-0.0286679938435554,-0.3589464724063873,0.2343257814645767,-0.2066377103328704,0.219626247882843,-0.2301337271928787,-0.0703455433249473,-0.2046109586954116,-0.0670640915632247,0.0927615016698837,0.3922554552555084,0.0290149506181478,0.057130143046379,-0.1858860701322555,0.0275153703987598,-0.2559646964073181,0.2528450787067413,-0.1390442103147506,-0.1092854142189025,-0.1296343803405761,-0.0536936894059181,0.1107952371239662,-0.0804398208856582,0.0090273609384894,-0.1093130558729171,-0.5486884117126465,0.1881526410579681,0.2464551776647567,-0.3416018187999725,-0.105259358882904,-0.0967805460095405,0.1256549805402755,-0.1975260376930236,0.2518745064735412,-0.0036349247675389,0.0233263410627841,0.1813731044530868,0.1481385231018066,0.1669248044490814,0.1657385975122451,0.3043765127658844,0.4308043420314789,0.4113380312919616,1
s_000016,회사에 계신 팀장님 너무 일을 못해서 짜증나더라. 내가 팀장이면 더 잘할 것 같다. [SEP] 팀장님의 부족한 실력으로 인해 불쾌하셨군요. [SEP] 팀장님이 팀을 제대로 이끌지 못하니깐 팀원들이 모두 힘들어해. [SEP] 팀장님이 팀을 제대로 이끌지 못하니깐 팀원들이 모두 힘들어 하는군요. 지금의 기분에서 벗어나기 위해 할 수 있는 무언가가 있을까요? [SEP] 내일 동료들끼리 회식할 때 뒷담을 해서 기분을 풀어야겠어. [SEP] 동료들과의 대화를 통해 기분이 풀렸으면 좋겠어요.,E11,Pro_03542,Pro_03542_00085,Pro_03542,-0.0027239366900175,-0.2381395101547241,-0.299415111541748,-0.3182491958141327,0.1878159046173095,0.0637532249093055,-0.2185064554214477,-0.0407784171402454,0.0472416654229164,0.3014527857303619,0.0252504535019397,-0.1912308931350708,-0.1556530743837356,-0.0779280215501785,-0.1399828344583511,-0.0037220472004264,-0.1287239640951156,-0.2955570220947265,-0.2573687732219696,0.1424915790557861,-0.0143012227490544,-0.0027128951624035,-0.1138630807399749,-0.1810845881700515,-0.1767578125,-0.1048316285014152,-0.3734644651412964,0.1988456547260284,-0.2939203381538391,0.2761309444904327,-0.3022673428058624,-0.0437291041016578,-0.2345302551984787,-0.0236874558031559,0.0882539451122284,0.4186723232269287,0.1030984669923782,0.0598563775420188,-0.1951991021633148,0.0211150906980037,-0.2884818017482757,0.3038054704666137,-0.1225925013422966,-0.0525683090090751,-0.1189692690968513,-0.0143091101199388,0.0864613950252533,-0.1226972639560699,0.0599717870354652,-0.1076513677835464,-0.6061142683029175,0.1492480188608169,0.2800332307815552,-0.4377464354038238,-0.18978151679039,-0.0632928907871246,0.1857597231864929,-0.1933174431324005,0.3015226125717163,0.0123805245384573,-0.026581235229969,0.2503573596477508,0.1590003818273544,0.1471129655838012,0.198549598455429,0.2477568835020065,0.570663332939148,0.4252501130104065,1
s_000017,직장을 그만두고 수능을 준비할 때 집에서 아무 지원도 못 해줬어. [SEP] 수능 공부에 집으로부터의 지원이 없어서 속상하시겠어요. [SEP] 형편을 잘 알지만 다른 집들이랑 비교돼서 더 비참해. [SEP] 형편을 잘 알지만 다른 집들이랑 비교돼서 더 비참하군요. 어떻게 하면 사용자님의 기분이 나아질 수 있을까요? [SEP] 가족들에게 내 감정을 솔직하게 털어놔야겠어. [SEP] 가족들에게 서운한 마음을 전하려고 하시는군요.,E45,Pro_03816,Pro_03816_00034,Pro_03816,-0.0946151614189148,-0.1812116801738739,-0.2642982900142669,-0.2216465324163437,0.0887618213891983,0.0968648120760917,-0.1222613379359245,-0.0583865419030189,0.0293092858046293,0.2377384454011917,0.0268242284655571,-0.1800791025161743,-0.0977060794830322,-0.0367665588855743,-0.0404655374586582,0.0661188960075378,-0.0422020219266414,-0.2654009461402893,-0.2046897709369659,0.0291309393942356,-0.0849842429161071,0.0551891326904296,-0.0749318823218345,-0.1272758394479751,-0.0581020787358284,-0.0627898424863815,-0.3578625917434692,0.2079522609710693,-0.2142255306243896,0.2302443087100982,-0.2411459535360336,-0.1002928987145423,-0.2278827577829361,-0.135119691491127,0.0868364870548248,0.3460424542427063,0.028103981167078,0.0971089377999305,-0.1513947397470474,-0.0102794235572218,-0.2021262794733047,0.2171242833137512,-0.1608765423297882,-0.1167080402374267,-0.093607097864151,-0.0805721506476402,0.1335291266441345,-0.079768069088459,0.0189219638705253,-0.1224619299173355,-0.4928061962127685,0.1445737332105636,0.155436024069786,-0.2709165513515472,-0.0968180820345878,-0.0943534448742866,0.0241068080067634,-0.1765277236700058,0.26533043384552,0.0361792296171188,0.0162539947777986,0.1299449205398559,0.1592871993780136,0.1422508060932159,0.2160892784595489,0.3387560844421386,0.3897798359394073,0.2997654378414154,1
s_000018,열심히 공부해도 성적은 안 올라서 스트레스 받는데 엄마는 계속 닦달하네. [SEP] 열심히 하고 있는데 그만큼 성과도 안 나오고 어머니도 그 마음을 몰라주셔서 힘드시겠어요. [SEP] 응. 내가 성적이 안 나오고 싶어서 안 나오는 것도 아닌데 왜 내 상황을 하나도 이해해주지 못하는 걸까. [SEP] 엄마가 지금 상황을 이해하시게 하려면 어떻게 하는 게 좋을까요? [SEP] 내가 지금보다 더 열심히 하는 모습을 보여드릴 거야. 그때는 이해해주실 거야. [SEP] 열심히 하셔서 꼭 어머니도 상황을 이해하게 되고 성적도 올랐으면 좋겠네요.,E33,Pro_01764,Pro_01764_00023,Pro_01764,-0.0434327088296413,-0.2372173815965652,-0.2809797823429107,-0.2828169167041778,0.1473907828330993,0.0923138782382011,-0.1734773218631744,-0.0497077032923698,0.0451274402439594,0.2718466818332672,0.0322941839694976,-0.1875907480716705,-0.1184577867388725,-0.073976844549179,-0.1072219088673591,0.0416008792817592,-0.0998065769672393,-0.2839595973491668,-0.2208289951086044,0.0917573198676109,-0.0317180268466472,0.0242053177207708,-0.0843104347586631,-0.1618369668722152,-0.1371754258871078,-0.1020579785108566,-0.3586856126785278,0.1952008455991745,-0.2687850296497345,0.2526886165142059,-0.295779675245285,-0.074938528239727,-0.2322814315557479,-0.0589167401194572,0.0811081677675247,0.3767283856868744,0.0691689029335975,0.0924215391278266,-0.1629106104373932,0.0025838073343038,-0.2432503402233123,0.2573448717594147,-0.1359537094831466,-0.0805049613118171,-0.0943672135472297,-0.0398901216685771,0.0976609662175178,-0.1049579381942749,0.0605442896485328,-0.112764835357666,-0.5491029024124146,0.1282443255186081,0.22233846783638,-0.3722055852413177,-0.1389808803796768,-0.0510699488222599,0.1070750430226326,-0.1849770694971084,0.2891199886798858,0.0304871145635843,-0.0175157189369201,0.213776633143425,0.1659044325351715,0.1370312422513961,0.1929567605257034,0.2866587042808532,0.5036171078681946,0.3418710827827453,1
s_000019,부모님은 아프시고 애들은 어리고 택배 일로는 버티기가 어려워 눈물이 나. [SEP] 가장 역할에 부담이 커서 힘드시겠어요. [SEP] 내가 대학을 졸업했다면 조금 더 높은 연봉을 받으면서 모두를 돌볼 수 있었겠지. [SEP] 지금 상황에서 할 수 있는 게 어떤 것이 있을까요? [SEP] 야간 대학원에 진학해서 학위를 취득하면 정규직으로 취직할 수 있을 것 같아. [SEP] 열심히 공부해서 지금 상황을 잘 극복하기 바라요.,E27,Pro_07038,Pro_07038_00020,Pro_07038,-0.0523403249680995,-0.2241873890161514,-0.2846107184886932,-0.2552849650382995,0.1350958794355392,0.091291956603527,-0.1926631927490234,-0.0647200345993042,0.0406225696206092,0.2770182490348816,0.0147641822695732,-0.2064431607723236,-0.1378980129957199,-0.0494060255587101,-0.0864439904689788,0.0478284657001495,-0.0975206196308136,-0.3025647699832916,-0.2475442737340927,0.0702545270323753,-0.0644078403711319,0.0190245062112808,-0.0946097895503044,-0.1899612843990326,-0.1336548179388046,-0.0963170900940895,-0.3849646151065826,0.1993486136198043,-0.272656500339508,0.2786098718643188,-0.276680439710617,-0.0705848187208175,-0.2502614557743072,-0.1061402261257171,0.0941017866134643,0.3950057029724121,0.085318237543106,0.0735139101743698,-0.1843508630990982,-0.0035503394901752,-0.2552489936351776,0.277439147233963,-0.1520176231861114,-0.0766593441367149,-0.1084446758031845,-0.0504652597010135,0.1243570744991302,-0.1131002604961395,0.036104567348957,-0.1229702308773994,-0.5717498064041138,0.1467868983745575,0.2091889232397079,-0.3624979555606842,-0.1767745465040207,-0.1001344919204711,0.1034268587827682,-0.1827005743980407,0.3018031418323517,0.0316327176988124,-0.0101641900837421,0.1800570338964462,0.1610258370637893,0.1443754732608795,0.2491630613803863,0.2981198132038116,0.4998977780342102,0.3710569739341736,1
s_000020,오늘 저녁 중요한 일정이 있는데 오후에 팀장이 갑자기 새로운 일을 시켰어. [SEP] 당황하셨겠네요. 그래서 어떻게 하셨어요? [SEP] 그래도 다행히 내가 예전에 작업해둔 자료가 있어서 금방 끝냈어. [SEP] 예전에 작업했던 자료가 있으시군요. 정말 다행이네요.,E67,Pro_07438,Pro_07438_00011,Pro_07438,-0.1673178374767303,-0.1717969328165054,-0.2449484765529632,-0.0920432060956955,0.0027850477490574,0.1448560506105423,-0.1188737154006958,-0.1156775876879692,0.0208512675017118,0.2079264521598816,-0.0126708447933197,-0.2326469272375106,-0.091364786028862,0.019967770203948,0.0462156198918819,0.1580324918031692,-0.011304791085422,-0.3039866387844085,-0.2182312160730362,-0.0989646166563034,-0.181890919804573,0.0726964920759201,-0.0517967008054256,-0.1941251456737518,-0.0177984703332185,-0.0663576945662498,-0.4001120626926422,0.1990516781806945,-0.2062761187553405,0.272508293390274,-0.1988909989595413,-0.1292198896408081,-0.2749561965465545,-0.2901138365268707,0.105359710752964,0.3268010020256042,0.0364873968064785,0.1023623272776603,-0.1535626351833343,-0.0566527172923088,-0.1624394208192825,0.2049929648637771,-0.2146308869123459,-0.1323858946561813,-0.0858084708452224,-0.1354281902313232,0.208304762840271,-0.0828883498907089,-0.0274972897022962,-0.1540042906999588,-0.4639247953891754,0.1445215046405792,0.0305970087647438,-0.1518896520137787,-0.1341992020606994,-0.1859423667192459,-0.0978873521089553,-0.1534164696931839,0.2889387905597687,0.0730083435773849,0.0350291281938552,-0.0009607101674191,0.1592892408370971,0.1365058720111847,0.3564879596233368,0.4084933996200561,0.3082066178321838,0.2390502840280532,1
s_000021,나를 이해하지 못하는 직장 상사 때문에 화가 나. [SEP] 직장 상사 때문에 고민하고 계시는군요. 직장 상사와 더 좋은 관계가 되려면 어떻게 해야 할까요? [SEP] 서로의 성격이 다름을 인정하고 내가 먼저 이해하려는 노력이 필요할 것 같아. [SEP] 먼저 마음을 열고 직장 상사를 이해하려고 하시는군요.,E18,Pro_03549,Pro_03549_00007,Pro_03549,0.0004570856399368,-0.2552151679992676,-0.2876671254634857,-0.3342269659042358,0.190546840429306,0.0717467665672302,-0.1865117102861404,-0.0272904764860868,0.0525595284998416,0.2834529876708984,0.0422678142786026,-0.1697432398796081,-0.12138182669878,-0.1086504831910133,-0.1586455106735229,0.0022047574166208,-0.1261476874351501,-0.267994612455368,-0.2145324200391769,0.1542021483182907,0.0214104820042848,0.0072325845248997,-0.092958390712738,-0.1479827761650085,-0.1774659901857376,-0.1166347786784172,-0.3323709070682525,0.1852178126573562,-0.285124272108078,0.2401773035526275,-0.3219754099845886,-0.0520729459822177,-0.210165649652481,0.0254292115569114,0.0686418712139129,0.3808684051036834,0.0814016684889793,0.0907757133245468,-0.1576788127422332,0.0234542340040206,-0.2559593021869659,0.2678582370281219,-0.1025048941373825,-0.0562556460499763,-0.094131976366043,-0.0053673372603952,0.0538252927362918,-0.109334222972393,0.0907295197248458,-0.0943841785192489,-0.559901237487793,0.1165273860096931,0.2760426700115204,-0.4315327703952789,-0.1363490372896194,0.0011669168015941,0.1688563972711563,-0.1888665556907653,0.2818525433540344,0.0179101657122373,-0.0355233512818813,0.2785537242889404,0.1640180796384811,0.1305858790874481,0.1320915818214416,0.233082503080368,0.5567079782485962,0.3615486025810241,1
s_000022,갑자기 부모님이 이혼하신다고 해서 당혹스러워. [SEP] 부모님의 이혼 소식을 들어서 당혹스러운 심경이시군요. [SEP] 이렇게 갑자기 이혼하신다니 믿겨지지 않아. 마음이 심란하네. [SEP] 갑작스러운 부모님의 소식에 심란하시군요.,E35,Pro_01646,Pro_01646_00003,Pro_01646,-0.0765955373644828,-0.1983278095722198,-0.2699088156223297,-0.2767258286476135,0.1185443699359893,0.0927696451544761,-0.1109560951590538,-0.0356895104050636,0.0354395061731338,0.2482130825519561,0.0543453879654407,-0.1570563614368438,-0.0879856273531913,-0.0642635226249694,-0.0724571496248245,0.0451445244252681,-0.0526200458407402,-0.2519793808460235,-0.1860774755477905,0.0702381134033203,-0.0420451872050762,0.0576194711029529,-0.0719951689243316,-0.0937548577785492,-0.0667789354920387,-0.0643828734755516,-0.3397935628890991,0.2150311917066574,-0.216574877500534,0.2058532238006591,-0.2708950936794281,-0.1041890531778335,-0.2119586914777755,-0.071084588766098,0.0768512561917305,0.3459133803844452,0.0108572263270616,0.1111226081848144,-0.1408625543117523,0.0017903167754411,-0.2128755003213882,0.2082121074199676,-0.1446901559829712,-0.1246809065341949,-0.0857304856181144,-0.0644933506846427,0.103750541806221,-0.0752009600400924,0.0473886989057064,-0.1129233539104461,-0.4938941299915313,0.1348451226949691,0.1961030811071396,-0.3077148199081421,-0.060974933207035,-0.0421923249959945,0.053949236869812,-0.1894721984863281,0.2578470408916473,0.0272020380944013,0.0070856329984962,0.1857979893684387,0.1680075824260711,0.1437953263521194,0.1494538635015487,0.3307356834411621,0.4198291301727295,0.2998183369636535,1
s_000023,고령의 부모님께 사드린 홍삼액을 남동생이 먹어서 실망이야. [SEP] 부모님을 위한 홍삼액을 남동생이 먹어서 실망하셨겠어요. [SEP] 나이 많은 부모님 기운 차리시라고 해드렸더니 왜 자기가 먹는지. 좀 속상하네. [SEP] 속상한 기분을 나아지게 하기 위해서 무엇을 할 수 있을까요? [SEP] 이미 먹어버린 거 어쩔 수 없지. 가족들 건강해지면 좋은 거니까 좋게 생각하려고. [SEP] 좋은 습관을 만들어 건강을 되찾으셨으면 좋겠어요.,E21,Pro_08592,Pro_08592_00004,Pro_08592,-0.0625779926776886,-0.2140776962041854,-0.2710385024547577,-0.2245078831911087,0.113625667989254,0.0937581658363342,-0.1737072318792343,-0.0691319480538368,0.0377009399235248,0.2531434595584869,0.0052924482151865,-0.2037324160337448,-0.1203165054321289,-0.0492566935718059,-0.0740035101771354,0.061064213514328,-0.0826451107859611,-0.286454975605011,-0.2297058850526809,0.0508150048553943,-0.0718530267477035,0.0250374469906091,-0.084587924182415,-0.1830464452505111,-0.1219126805663108,-0.097847506403923,-0.3653405904769897,0.1849443167448043,-0.2578283250331878,0.2660481035709381,-0.2614438235759735,-0.0711075514554977,-0.2395704984664917,-0.1176813915371894,0.0871730223298072,0.3653630912303924,0.0797955617308616,0.0819953829050064,-0.1649311929941177,-0.0078877508640289,-0.2206836938858032,0.2558091282844543,-0.1475768089294433,-0.0731677487492561,-0.0990577489137649,-0.0561335980892181,0.1222544908523559,-0.1038577407598495,0.0325941443443298,-0.1186316311359405,-0.5314358472824097,0.1343547850847244,0.1766131371259689,-0.3268480896949768,-0.1608805656433105,-0.0951241850852966,0.0699190497398376,-0.1688125729560852,0.2874359488487243,0.03941485658288,-0.0062705385498702,0.1559500247240066,0.1549308896064758,0.1319997161626815,0.2465307265520095,0.2901021838188171,0.4575532078742981,0.3279614448547363,1
s_000024,나에겐 아무도 없어. [SEP] 아무도 없다니요. 제가 있어요. 무슨 일이신지 저에게 말해주세요. [SEP] 사고로 몸이 불편해지고 나서는 모두 나를 피하는 것 같아. [SEP] 주변 분들이 사고 후에 멀어진 것 같은 느낌이 드시나 봐요. [SEP] 다 떠나고 아무도 없는 느낌이고 아무도 나와 가까워지려 하지 않는 느낌에 너무 슬퍼. [SEP] 그런 마음을 갖지 마세요. 기분 전환하기 위해서 무얼 하면 좋을까요?,E26,Pro_09737,Pro_09737_00006,Pro_09737,-0.0576649270951747,-0.2001443356275558,-0.273742526769638,-0.2730969190597534,0.1297471076250076,0.0810252800583839,-0.1385092139244079,-0.0397400632500648,0.0363229848444461,0.2545498311519623,0.0379653982818126,-0.1672347784042358,-0.1050086989998817,-0.0645209401845932,-0.0853283777832984,0.0323388949036598,-0.0680575966835022,-0.2583903968334198,-0.2048764824867248,0.0841028615832328,-0.0409719944000244,0.0402810238301754,-0.0841417983174324,-0.1189935952425003,-0.0942958146333694,-0.0744993835687637,-0.3436744809150696,0.2045207023620605,-0.2326334714889526,0.2244499623775482,-0.2681761980056762,-0.0829433724284172,-0.2143606841564178,-0.0661557391285896,0.0791069492697715,0.3585094213485718,0.0392886362969875,0.0940366685390472,-0.1529243290424347,0.0069533213973045,-0.2229830771684646,0.2320167571306228,-0.1365292966365814,-0.0992679297924041,-0.0956950411200523,-0.0520220883190631,0.1001276597380638,-0.0862170457839965,0.0445152707397937,-0.1096535250544548,-0.5151681900024414,0.1385295838117599,0.2085061967372894,-0.3327052295207977,-0.0993837863206863,-0.0544005222618579,0.0829445645213127,-0.1839783042669296,0.2645819187164306,0.024395614862442,0.0005467943265102,0.1905016899108886,0.160196840763092,0.1408476382493972,0.1692126393318176,0.2999987304210663,0.4451280236244201,0.3272714614868164,1
s_000025,다른 친구들은 다 취업을 했는데 왜 나만 취업을 못 하는 걸까? 나 자신이 너무 증오스러워. [SEP] 취업과 진로 고민으로 아주 힘드시군요. [SEP] 사실 내가 정말로 뭘 하고 싶은지도 모르겠어. 이 나이 먹도록 뭘 했는지도 모르겠어. [SEP] 이 문제를 해결하기 위해 어떤 좋은 방법이 있을까요? [SEP] 나를 정말 잘 아는 은사님께 조언을 구해야겠어. [SEP] 은사님과의 대화를 통해 좋은 해결책이 나왔으면 좋겠네요.,E10,Pro_05341,Pro_05341_00017,Pro_05341,0.2203337848186493,0.1539065688848495,-0.9277239441871644,0.6989675760269165,0.768911600112915,0.8879137635231018,-0.3743648529052734,-0.3326132893562317,0.4981151223182678,0.9009299874305724,0.4913316071033478,-0.0711175501346588,0.9548377990722656,-0.9057965278625488,0.8753398656845093,-0.1222327351570129,-0.8555671572685242,0.8138287663459778,0.5540063381195068,-0.6973456740379333,0.5548165440559387,-0.3106552362442016,-0.5773957967758179,-0.959069848060608,-0.2433937489986419,-0.7797816395759583,-0.2953788936138153,0.4425827860832214,-0.9478232860565186,-0.1978904604911804,-0.798427402973175,0.8875249028205872,-0.8988592624664307,0.4473168551921844,0.23794487118721,0.9518644213676452,0.862540066242218,0.5084848403930664,0.7236360311508179,-0.3059852123260498,-0.1622777730226516,-0.540560245513916,-0.7838854193687439,-0.125519186258316,0.5677856802940369,-0.5974618792533875,0.6894831657409668,-0.8846421241760254,0.6434573531150818,-0.9581179618835448,-0.0553525537252426,0.4854645729064941,0.8554312586784363,0.0966445952653884,-0.6126713156700134,0.2035502940416336,0.4484769403934479,0.2515101134777069,-0.0990914031863212,-0.7853579521179199,-0.6799625754356384,-0.6838399767875671,0.033665157854557,-0.644858181476593,0.2324133813381195,0.2328021228313446,0.5909676551818848,0.3754520416259765,1
s_000026,가까운 친족의 죽음은 정말 슬픈 일 이네. [SEP] 죽음보다 더 슬픈 건 없다고 생각합니다. [SEP] 살면서 죄를 짓고 죄책감을 느끼면 죽어서도 후회 할 것 같네. [SEP] 그런 마음을 가지고 계시는군요. [SEP] 그러기에 살아생전에 정직하게 올바르게 살아야겠지. [SEP] 좋은 일만 하기에도 바쁜 세상 인 것 같습니다.,E57,Pro_10668,Pro_10668_00001,Pro_10668,-0.1167356744408607,-0.1612986326217651,-0.2553387582302093,-0.184200569987297,0.0599493086338043,0.1019095703959465,-0.1060384288430213,-0.0678426474332809,0.0232410654425621,0.2207704484462738,0.0176853500306606,-0.1836269646883011,-0.0896532461047172,-0.0199040621519088,-0.0109503641724586,0.0833015367388725,-0.02075064368546,-0.2613084614276886,-0.2000959813594818,-0.0042176670394837,-0.1117718741297721,0.0652976706624031,-0.0695306211709976,-0.1249397993087768,-0.0310764163732528,-0.0525747276842594,-0.3586853146553039,0.2071785181760788,-0.1957272142171859,0.227408155798912,-0.2169278562068939,-0.1083361059427261,-0.2294964641332626,-0.1748102307319641,0.0894173383712768,0.3307377994060516,0.0187839940190315,0.0984705761075019,-0.1460623145103454,-0.0188216138631105,-0.1805506348609924,0.2024442255496978,-0.1719066947698593,-0.1255527585744857,-0.0921665951609611,-0.0977586880326271,0.1508857607841491,-0.0720278620719909,0.000728219631128,-0.1273055225610733,-0.4665748476982116,0.1477988362312317,0.1183561161160469,-0.2236010134220123,-0.0892330631613731,-0.1169943287968635,-0.015611907467246,-0.1685844808816909,0.2584961652755737,0.0425057336688041,0.0282864775508642,0.0875430703163147,0.155229315161705,0.1407471597194671,0.2386004775762558,0.3562567234039306,0.3426661491394043,0.2767371237277984,1
s_000027,가수가 되고 싶은데 부모님이 반대하실까 봐 얘기를 못 꺼내겠어. [SEP] 가수라니 멋진 꿈이네요. 부모님의 반대가 걱정되시는군요. 더 자세히 말씀해 주시겠어요? [SEP] 오디션에 참가하고 싶은데 부모님 허락을 받아야 갈 수 있거든. 근데 부모님이 반대하면 설득할 자신이 없어. [SEP] 부모님을 설득하기 위한 좋은 방법을 생각해보는 건 어떨까요? [SEP] 아직 그래 본 적은 없지만 마음을 다잡고 내 진심을 얘기하면 들어주시지 않을까? [SEP] 사용자님의 진심이 부모님의 마음을 움직이게 되길 바랄게요.,E37,Pro_00208,Pro_00208_00001,Pro_00208,-0.0596876218914985,-0.2378556132316589,-0.2774354219436645,-0.2632103860378265,0.1314874589443206,0.1042497307062149,-0.1691749393939972,-0.0594583004713058,0.0440864413976669,0.2668063640594482,0.0289829913526773,-0.1959178298711776,-0.1145502403378486,-0.0646749511361122,-0.0908498391509056,0.061314471065998,-0.093224436044693,-0.291199654340744,-0.2201761901378631,0.0669623985886573,-0.0484927892684936,0.0301703885197639,-0.0775762945413589,-0.1707119047641754,-0.1269360333681106,-0.1021773964166641,-0.3666037917137146,0.1956901848316192,-0.2664158940315246,0.2578985691070556,-0.2913975417613983,-0.0844846442341804,-0.2414086014032364,-0.0877535641193389,0.0840691924095153,0.372234046459198,0.0661065056920051,0.0971264988183975,-0.161438450217247,-0.0069962716661393,-0.2360125184059143,0.2518156468868255,-0.1474595218896865,-0.0880386158823967,-0.0907096117734909,-0.0516107752919197,0.111721783876419,-0.1043434217572212,0.0542625300586223,-0.1193642690777778,-0.5426644682884216,0.1268443912267685,0.1997596025466919,-0.3507255017757416,-0.139518916606903,-0.0643710494041442,0.0812075585126876,-0.1825186908245086,0.2935417294502258,0.0379114709794521,-0.0139851132407784,0.1925174593925476,0.1682160794734954,0.1366367936134338,0.2145702391862869,0.3052920699119568,0.4880156815052032,0.326421320438385,1
s_000028,노인정에서 다 같이 요통에 좋다는 온천에 가기로 해서 너무 흥분돼! [SEP] 다 같이 온천에 가신다니 정말 기쁘시겠어요. [SEP] 응. 요즘 허리가 아팠는데 온천에 갔다 오면 허리도 많이 좋아질 거야. [SEP] 그랬으면 좋겠어요. 온천에 가기 전에 무얼 준비하실 계획이세요? [SEP] 다 같이 먹을 도시락을 한 번 준비해보려고. [SEP] 준비 잘하시고 좋은 시간 보내고 오셨으면 좋겠어요.,E65,Pro_12176,Pro_12176_00004,Pro_12176,-0.1851264387369156,-0.1745408624410629,-0.2398973256349563,-0.028399696573615,-0.0264439452439546,0.1602852642536163,-0.1434139907360077,-0.1468932330608368,0.0188856404274702,0.2014779597520828,-0.0444020517170429,-0.2672936022281647,-0.1033169031143188,0.0450575612485408,0.0738447457551956,0.1925559788942337,-0.0133168417960405,-0.330298364162445,-0.2409819513559341,-0.1470050066709518,-0.2243519872426986,0.0654827132821083,-0.0501122698187828,-0.2494771033525467,-0.0262486562132835,-0.0798266604542732,-0.4244377315044403,0.1855480521917343,-0.2203508913516998,0.3096235990524292,-0.1810791045427322,-0.1257735788822174,-0.3011138439178467,-0.354451835155487,0.1160940751433372,0.3303526043891907,0.0663230493664741,0.0916992574930191,-0.1652404516935348,-0.0752260237932205,-0.1547297686338424,0.2212588787078857,-0.2335916012525558,-0.1179392859339714,-0.0894709974527359,-0.1500192433595657,0.2398542910814285,-0.0955291390419006,-0.0490504540503025,-0.1668473482131958,-0.4727658629417419,0.1457708925008773,-0.0167254395782947,-0.1216566115617752,-0.1859361082315445,-0.2363688498735427,-0.1293568313121795,-0.1385073065757751,0.3086320757865906,0.0890925228595733,0.0362030044198036,-0.0554695539176464,0.1543174237012863,0.1310663074254989,0.4411520957946777,0.416309505701065,0.2978983223438263,0.2335186898708343,1
s_000029,영어 듣기 평가에서 오늘은 좋은 점수를 받아서 뿌듯해. [SEP] 듣기 평가에서 좋은 점수를 잘 받아서 뿌듯하시군요. 어떻게 좋은 점수를 받으셨나요? [SEP] 평소에 끝까지 집중하지 못했는데 오늘은 듣기 평가 끝날 때까지 집중을 했어. [SEP] 끝까지 집중하셨다니 멋지시네요! 집중할 수 있었던 비결이 있나요? [SEP] 이전엔 듣기 평가 중간 중간에 자꾸 딴 생각이 들었는데 오늘은 영어 듣기만 생각했어. [SEP] 다음 듣기 평가에도 오늘처럼 끝까지 집중하셔서 좋은 점수를 받으시길 바라요.,E64,Pro_01795,Pro_01795_00013,Pro_01795,-0.1541686654090881,-0.1870880126953125,-0.2491249591112136,-0.090028315782547,0.0131785674020648,0.1443964689970016,-0.1467425972223281,-0.1232180520892143,0.0244947001338005,0.2170577496290207,-0.024764934554696,-0.2469178289175033,-0.1051466017961502,0.017606159672141,0.0332491546869277,0.1575904935598373,-0.0309151150286197,-0.3177313506603241,-0.2342623174190521,-0.0923663675785064,-0.1804728507995605,0.0578524656593799,-0.0575069151818752,-0.2249756455421447,-0.0481326207518577,-0.0826317965984344,-0.4084042906761169,0.1893150955438614,-0.2286934703588485,0.2936307787895202,-0.2072638124227523,-0.1157345995306968,-0.2840193808078766,-0.2892223298549652,0.1076860502362251,0.3398227095603943,0.0632965415716171,0.0929900184273719,-0.1635239124298095,-0.0569349564611911,-0.1743502020835876,0.226926177740097,-0.2115362733602523,-0.1120550781488418,-0.0901776775717735,-0.1257892400026321,0.2074236422777176,-0.0959580764174461,-0.0240095667541027,-0.1542501151561737,-0.4883480966091156,0.1422230005264282,0.0391731411218643,-0.1794713586568832,-0.1701868772506714,-0.1931919604539871,-0.0769527703523635,-0.1500144898891449,0.3022742867469787,0.0750123038887977,0.0250762645155191,0.0072108381427824,0.1572864651679992,0.1330768465995788,0.3798604011535644,0.3887307643890381,0.3415620923042297,0.2568928003311157,1
s_000030,내 딸은 암으로 고생하는데 내가 건강하게 살아있는 것이 괴로워. [SEP] 따님은 암 투병 중이신데 건강하게 살아있다는 것이 괴롭게 느껴지시는 군요. [SEP] 치료받느라고 힘들어서 삐쩍 마른 것을 보니까 마음이 찢어질 것 같았어. [SEP] 치료를 지켜보면서 마음이 많이 아프겠어요. 앞으로 어떻게 하는 것이 좋을까요? [SEP] 마음이 담대해지도록 노력해야지. 내가 슬퍼하는 것을 보는 것이 더 힘들다고 딸이 말했거든. [SEP] 마음을 굳게 먹으셨군요.,E40,Pro_12211,Pro_12211_00003,Pro_12211,-0.0852530673146247,-0.137040302157402,-0.2797130942344665,-0.2284605056047439,0.0983735397458076,0.0647061690688133,-0.1432144790887832,-0.0528479032218456,0.0193527452647686,0.2574975490570068,0.0185230337083339,-0.1793970912694931,-0.1347063928842544,-0.0082741724327206,-0.0279720798134803,0.0254691503942012,-0.034545112401247,-0.2722374498844147,-0.245323821902275,0.046490054577589,-0.1072360649704933,0.0467188879847526,-0.1082974821329116,-0.1240598857402801,-0.0429215282201767,-0.0300689935684204,-0.3860898017883301,0.2315725237131118,-0.2050418704748153,0.2463668584823608,-0.2080108374357223,-0.0847099050879478,-0.2327342927455902,-0.1540789306163787,0.1045354977250099,0.388085663318634,0.0361849106848239,0.0567838586866855,-0.1915411800146103,0.0032426116522401,-0.2412348389625549,0.2516035735607147,-0.1693954020738601,-0.1170478910207748,-0.128187820315361,-0.0826746970415115,0.1530932188034057,-0.08419069647789,-0.0171723347157239,-0.1273280680179596,-0.5423694252967834,0.1913287043571472,0.1864158511161804,-0.2866917550563812,-0.1311170607805252,-0.1503273844718933,0.0664580017328262,-0.1868712455034256,0.2674950063228607,0.0148469600826501,0.0332173854112625,0.1137945055961608,0.1482699364423751,0.1660167276859283,0.2452379465103149,0.3422981202602386,0.3933822512626648,0.3879503607749939,1
s_000031,오늘 내 생일이어서 아버지가 내가 갖고 싶어 하는 화장품을 선물해 주셨어 계속 오늘같았으면 좋겠어. [SEP] 참 기분이 좋으실 거 같아요. 아버님께서 어떤 선물을 해주셨나요? [SEP] 요새 우리 학급에서 유행하는 화장품을 선물해 주셨어. [SEP] 기분이 많이 좋아보이세요. 생일 축하드리고 식구분들하고 행복하게 보내세요.,E60,Pro_01671,Pro_01671_00025,Pro_01671,-0.167003646492958,-0.170819953083992,-0.2449660897254943,-0.0705219060182571,-0.0029309587553143,0.1446349918842315,-0.1355441510677337,-0.126527339220047,0.0199521239846944,0.2082378417253494,-0.0282943099737167,-0.2464553713798523,-0.101677805185318,0.0291001051664352,0.0517898015677928,0.1634238362312317,-0.0159482471644878,-0.3140560984611511,-0.2325608134269714,-0.1094389259815216,-0.1961337029933929,0.0648538768291473,-0.0563895143568515,-0.2187313139438629,-0.0279323309659957,-0.0721493363380432,-0.4097082018852234,0.1923514902591705,-0.2148155570030212,0.2901336848735809,-0.1904308944940567,-0.1208936050534248,-0.2838269472122192,-0.3102453947067261,0.1100736334919929,0.3331395983695984,0.0548118241131305,0.0920348837971687,-0.1623513102531433,-0.0603263825178146,-0.1642169654369354,0.2185448110103607,-0.218404620885849,-0.1199829131364822,-0.091459035873413,-0.1364439129829406,0.2179856598377227,-0.0901998132467269,-0.0369488559663295,-0.1571384817361831,-0.4749053418636322,0.1479930877685547,0.02047667093575,-0.1506600975990295,-0.16329325735569,-0.2079167664051056,-0.0976820737123489,-0.1471868157386779,0.2968679666519165,0.0763479173183441,0.0343010947108268,-0.0179258603602647,0.1546264141798019,0.1347242593765258,0.3903409838676452,0.4013971090316772,0.3118545413017273,0.2489227056503296,1
s_000032,오늘 소개팅 처음 받아봤어. [SEP] 처음 한 소개팅이 어떠셨나요? [SEP] 내 이상형이어서 긴장도 했는데 기분 좋은 시간이었어. [SEP] 행복한 시간을 보냈다니 상당히 좋으셨군요. 어떤 면이 마음에 드셨었나요? [SEP] 같이 있다 보면 이미 오랜 친구였던 것처럼 편안한 기분이었어. [SEP] 같이 있으면 편한 분과 함께해 좋으시군요. 앞으로도 만날 생각이신가요?,E63,Pro_03714,Pro_03714_00015,Pro_03714,-0.2098531424999237,-0.2200097292661667,-0.2531305253505707,-0.0928232595324516,-0.0124043505638837,0.2002482712268829,-0.123183749616146,-0.1386353224515915,0.0290896743535995,0.2308489084243774,0.0093800136819481,-0.2608859241008758,-0.0892097577452659,0.0341452248394489,0.0710528865456581,0.2193039208650589,-0.0201354064047336,-0.3550645411014557,-0.2246344238519668,-0.1521889567375183,-0.2069362848997116,0.0912225916981697,-0.0277515184134244,-0.2284285575151443,-0.0064153946004807,-0.0771460607647895,-0.4489599466323852,0.2234850078821182,-0.2297890931367874,0.2998054921627044,-0.2383564561605453,-0.176500529050827,-0.322740375995636,-0.3439332544803619,0.1192364022135734,0.3495500981807709,0.0215463358908891,0.1290637999773025,-0.1638235002756118,-0.0879498720169067,-0.1895349621772766,0.2054507285356521,-0.2589554488658905,-0.1750075966119766,-0.0707104578614234,-0.1647916883230209,0.2474976032972335,-0.0939467474818229,-0.0187337901443243,-0.183288037776947,-0.5001376867294312,0.1392924040555954,0.0046679922379553,-0.1389787793159485,-0.1353022456169128,-0.2025066614151001,-0.1444205641746521,-0.1727185100317001,0.3303654789924621,0.0930829867720604,0.031333927065134,-0.0113853635266423,0.1897242367267608,0.1503878086805343,0.4074037671089172,0.4984148144721985,0.3374687731266022,0.2220944017171859,1
s_000033,내가 다니고 있는 직장에서 너무 꼴 보기 싫은 상사가 있어. 이 사람을 골탕 먹이고 싶은데 방법이 없을까? [SEP] 많이 화가 났겠군요. 혹시 조금 덜 과격한 방법은 없을까요? [SEP] 이 사람 신경 쓰지 않고 내 할 일을 하거나 대화로 풀어나가는 방법도 있을 거 같아. [SEP] 신경을 쓰지 않는 방법이나 원만하게 해결하는 방법을 찾으셨군요.,E15,Pro_03786,Pro_03786_00006,Pro_03786,-0.0231031347066164,-0.2737756073474884,-0.2850607633590698,-0.2932641208171844,0.1670058965682983,0.0997434332966804,-0.2046394944190979,-0.0564089231193065,0.0544552989304065,0.2834406495094299,0.0252728201448917,-0.2031551599502563,-0.1267687976360321,-0.0906407088041305,-0.1358179152011871,0.0466630421578884,-0.1319626271724701,-0.3003225028514862,-0.2295348793268203,0.1063844114542007,-0.0137898949906229,0.0063507109880447,-0.083165518939495,-0.1989926844835281,-0.1842738837003708,-0.1330007910728454,-0.3613268435001373,0.1787257045507431,-0.3027114570140838,0.2737888395786285,-0.323147177696228,-0.0619124919176101,-0.2417104840278625,-0.0377307534217834,0.0781586915254592,0.3857084214687347,0.0999411419034004,0.0929893776774406,-0.1653478294610977,0.0013107127742841,-0.2544810473918915,0.277528315782547,-0.1266567707061767,-0.0550272464752197,-0.0900234431028366,-0.0222130175679922,0.0851692035794258,-0.1214943826198577,0.0815590694546699,-0.1104344204068183,-0.570564329624176,0.111389048397541,0.2368832528591156,-0.4116519391536712,-0.1726362854242324,-0.0352526865899562,0.1333557814359665,-0.1820172220468521,0.3068958520889282,0.0364306680858135,-0.0380375310778617,0.2425892204046249,0.1689550429582595,0.1276400685310363,0.2031057029962539,0.2587884664535522,0.5590612292289734,0.3465203046798706,1
s_000034,오늘은 우리 딸이 월급을 받는 날이야 그런데 정말 이해가 안 가. [SEP] 딸이 월급을 받아서 기분이 좋으시군요. [SEP] 월급날인데 맛있는 것 사 오라 하니까 버럭 화를 내서 어이가 없더군. [SEP] 따님이 화를 내서 속이 상하셨군요.,E29,Pro_08600,Pro_08600_00023,Pro_08600,-0.0809646621346473,-0.182076022028923,-0.2657603025436401,-0.2308520227670669,0.0995917469263076,0.0878607109189033,-0.1291414648294448,-0.0536505170166492,0.0303333271294832,0.2397439777851104,0.0246154256165027,-0.1768781244754791,-0.1013180464506149,-0.0439346693456172,-0.0535819977521896,0.0531120374798774,-0.049169585108757,-0.260537326335907,-0.2064175456762313,0.0461553148925304,-0.0737323015928268,0.0480951145291328,-0.0799924135208129,-0.1269620209932327,-0.0708952918648719,-0.0665073320269584,-0.3508482575416565,0.2030255198478698,-0.2186847031116485,0.2295004874467849,-0.2433908283710479,-0.0897995010018348,-0.2214427888393402,-0.1158130094408989,0.084190547466278,0.3477712571620941,0.0360144115984439,0.0923160389065742,-0.1519749909639358,-0.0037834278773516,-0.2047902196645736,0.2231592386960983,-0.1508780866861343,-0.1055774167180061,-0.0961705595254898,-0.0705055296421051,0.1227330341935157,-0.0818172693252563,0.0234138499945402,-0.1168929189443588,-0.4966967105865478,0.1434600800275802,0.1692550927400589,-0.2879106998443603,-0.102809265255928,-0.0860757231712341,0.0432873144745826,-0.1752463728189468,0.2627159655094147,0.0322204753756523,0.0120995622128248,0.1436773091554641,0.1558658629655838,0.1398421376943588,0.2054814994335174,0.3186922371387481,0.4021175801753998,0.3091475665569305,1
s_000035,이번 학기 시험을 너무 못 봤어. 이러다가 취업도 못 할 것 같다는 생각에 스트레스받아. [SEP] 시험을 못 봐서 스트레스를 받으시는군요. [SEP] 성적이 좋아야 좋은 곳에 취업할 수 있는데 난 망했어. [SEP] 어떻게 해야 성적을 만회할 수 있을까요? [SEP] 다음 학기에는 공부를 열심히 해서 꼭 좋은 점수 받아야겠어. [SEP] 노력하는 만큼 꼭 좋은 결과가 나오시길 바라요.,E46,Pro_05377,Pro_05377_00023,Pro_05377,-0.0857775285840034,-0.2033555805683136,-0.2650532126426697,-0.1775516867637634,0.0840778574347496,0.1046636775135994,-0.1750402450561523,-0.0886053219437599,0.0330734960734844,0.2429569512605667,-0.0120556848123669,-0.221677079796791,-0.1222880780696868,-0.0261977110058069,-0.0424910634756088,0.0871980711817741,-0.0703317001461982,-0.2983577847480774,-0.2388760894536972,0.0085570365190505,-0.1088971048593521,0.0290846414864063,-0.0811778157949447,-0.2058547884225845,-0.1070410087704658,-0.0955228060483932,-0.3809127807617187,0.182193174958229,-0.2530510127544403,0.2819671928882599,-0.2402030527591705,-0.0768152773380279,-0.2546331286430359,-0.1750588119029998,0.0950520411133766,0.3615662455558777,0.0854087769985199,0.0777687653899192,-0.1694754213094711,-0.0217133704572916,-0.2086913436651229,0.2554447650909424,-0.1656042784452438,-0.0756987556815147,-0.1008500680327415,-0.0747148767113685,0.1497551947832107,-0.1050813570618629,0.0110863307490944,-0.128977283835411,-0.5247677564620972,0.1395040154457092,0.1358965635299682,-0.2878189384937286,-0.1789393573999405,-0.1343639343976974,0.0325129441916942,-0.1599125117063522,0.2939544320106506,0.0496671646833419,0.0024693000596016,0.1069827154278755,0.1517136245965957,0.1313184648752212,0.2990956902503967,0.3099913597106933,0.4264690577983856,0.3160451650619507,1
s_000036,남편이 귀 한 쪽이 안 들린다는 사실을 십 년 만에 알게 되어서 너무 자괴감이 들어. [SEP] 뒤늦게 사실을 알게 되어 많이 힘드신 것 같아요. [SEP] 남편이 여태 숨기고 있었다는 사실도 원망스러운데 십 년 동안 그걸 몰랐다는 게 너무 미안해. [SEP] 남편과 겪고 계신 어려운 마음을 해소할 방법이 있을까요? [SEP] 앞으로는 이런 일이 없도록 남편과 서로의 비밀을 다 털어놔야겠어. [SEP] 남편과의 대화를 통해 다음번엔 이런 일이 일어나지 않길 바라요.,E12,Pro_08823,Pro_08823_00016,Pro_08823,-0.062525525689125,-0.2065564095973968,-0.2741228640079498,-0.2698266506195068,0.1270216405391693,0.0880393683910369,-0.140994131565094,-0.0441340804100036,0.0373918712139129,0.2563895881175995,0.0380878746509552,-0.1726323962211609,-0.1052472814917564,-0.0625275373458862,-0.0822911784052848,0.0412420593202114,-0.0700367763638496,-0.265508085489273,-0.2065602391958236,0.0762329623103141,-0.0452977642416954,0.0412428230047225,-0.0812641680240631,-0.1269244402647018,-0.0952736958861351,-0.0776612758636474,-0.3499206304550171,0.2052757143974304,-0.2368080765008926,0.2298381775617599,-0.2720589339733124,-0.0871822535991668,-0.2209754139184951,-0.0752801597118377,0.0807652845978736,0.3605384230613708,0.0404112078249454,0.0965283885598182,-0.1541270613670349,0.0026042365934699,-0.2248624414205551,0.233134463429451,-0.1417317539453506,-0.1018150821328163,-0.0938779786229133,-0.0552530772984027,0.1053917333483696,-0.088441252708435,0.0451469421386718,-0.1131503358483314,-0.5189424157142639,0.1369872838258743,0.2034107148647308,-0.3308999240398407,-0.1031326577067375,-0.0579784959554672,0.0767259448766708,-0.1847054958343505,0.2703379392623901,0.0277567263692617,-0.0005467943265102,0.1874280571937561,0.1630613058805465,0.1412625312805175,0.1790467798709869,0.308239221572876,0.4488234221935272,0.3242457807064056,1
s_000037,주변인들에 대한 불신이 매우 뿌리깊어. 다들 유산만 노리고 있지. [SEP] 주변 혈육들이 유산을 노린다고 느끼시나 봅니다. [SEP] 정신이 멀쩡할 때는 어른 대접하더니 정신이 온전치 못하다고 면전에서 돈 많은 송장 취급해. [SEP] 사람들이 본인을 공경하기보다 이익을 취하려고 접근한다는 비관적인 관점을 갖고 계시는군요. [SEP] 내가 어디 한 푼도 지들한테 주나 보라지. 이승 갈때도 모조리 싸들고 갈 테다. [SEP] 주변인들에 대한 불신이 매우 뿌리깊으시군요.,E42,Pro_11373,Pro_11373_00067,Pro_11373,-0.0833057612180709,-0.1730669140815735,-0.2664433717727661,-0.2404689490795135,0.1003886684775352,0.0840299278497695,-0.1174594610929489,-0.0464166142046451,0.0285342037677764,0.2394698113203048,0.0330617874860763,-0.1670156121253967,-0.0978753566741943,-0.0437536351382732,-0.0511018149554729,0.0459107831120491,-0.0412005633115768,-0.2531243562698364,-0.2010620981454849,0.0510017536580562,-0.0706368759274482,0.0541135966777801,-0.0806751623749733,-0.1077441424131393,-0.0571197122335433,-0.0559806674718856,-0.3475863039493561,0.2109510153532028,-0.2081265598535537,0.2181452065706253,-0.2405536472797393,-0.0947155803442001,-0.2155885249376297,-0.1091396287083625,0.0836648941040039,0.3467493951320648,0.0225190892815589,0.0941345021128654,-0.1504639685153961,-0.0004713087982963,-0.2054884433746338,0.2159877121448516,-0.1509195119142532,-0.1158274784684181,-0.0968731865286827,-0.0727526322007179,0.1210208386182785,-0.0758662149310112,0.0220670774579048,-0.1159678250551223,-0.4919328689575195,0.1482034027576446,0.174818068742752,-0.2834395468235016,-0.0852594003081321,-0.0814226567745208,0.0428701415657997,-0.179765447974205,0.2558939456939697,0.0277269762009382,0.0170216672122478,0.1464963108301162,0.1568492501974105,0.1441963762044906,0.1887492835521698,0.3267512321472168,0.3921527564525604,0.3108751177787781,1
s_000038,드디어 회사 프로젝트가 끝나서 너무 기뻐. [SEP] 큰 규모의 일을 마무리 지었다니 기쁘시겠어요. [SEP] 당분간은 야근이 없을 것 같아. [SEP] 당분간 야근이 없어서 좋으시겠어요. [SEP] 못 만난 친구들과 수다도 떨고 맛있는 걸 먹으러 돌아다니고 싶어. [SEP] 즐거운 회사생활이 되셨으면 좋겠어요.,E68,Pro_08999,Pro_08999_00006,Pro_08999,-0.2301669120788574,-0.1128907948732376,-0.2234755605459213,0.0426087230443954,-0.0850035771727562,0.1596447825431823,-0.0993587151169776,-0.1572178155183792,0.0020857478957623,0.1666610240936279,-0.0568039380013942,-0.2631124258041382,-0.0884115025401115,0.0850559100508689,0.1397725343704223,0.2118097245693206,0.0426768213510513,-0.3132610619068146,-0.2317972183227539,-0.206075444817543,-0.2776145040988922,0.0914600118994712,-0.0455695204436779,-0.2228876501321792,0.0484894439578056,-0.0409846119582653,-0.4252054691314697,0.1954614818096161,-0.166783794760704,0.293443500995636,-0.1176661625504493,-0.1438401788473129,-0.2972611486911773,-0.4224561154842376,0.1232729107141494,0.3021605014801025,0.0336721278727054,0.0891631245613098,-0.1583145409822464,-0.0864127725362777,-0.1140442714095115,0.187590479850769,-0.2560094892978668,-0.1462780386209488,-0.0932670459151268,-0.1875039637088775,0.2748533487319946,-0.0728652998805046,-0.0951329916715622,-0.1756956577301025,-0.4162484407424927,0.1654538214206695,-0.0847625657916069,-0.0127437254413962,-0.1567211598157882,-0.2849205732345581,-0.2037687748670578,-0.1272992938756942,0.2858758866786957,0.0934968218207359,0.0699694529175758,-0.1450457274913787,0.1438044309616089,0.1358940303325653,0.4736271202564239,0.4595603346824646,0.1860998570919037,0.2010111063718795,1
s_000039,하반신 마비로 인해 취업할 수 있는 길이 좁아. 빨리 취직을 해야 부모님께 효도할 텐데. [SEP] 취직이 잘 안 되어 힘드시군요. [SEP] 내 장애로 인해 부모님이 희생을 많이 하셨어. 난 왜 이렇게 태어났을까 죄스러워. [SEP] 부모님께 죄송한 마음을 덜기 위한 방법이 무엇일까요? [SEP] 어디든 나를 고용해주는 곳으로 가서 일을 할 거야. 이런 나를 채용하는 것만으로도 감사해야지. [SEP] 하루빨리 좋은 직장에 들어가길 바랄게요.,E54,Pro_03825,Pro_03825_00045,Pro_03825,-0.1169913187623024,-0.2295363098382949,-0.2605780959129333,-0.1513218134641647,0.0603606663644313,0.1414487212896347,-0.1717540621757507,-0.1092723160982132,0.0369244255125522,0.2407548874616623,-0.0101953269913792,-0.242275595664978,-0.1117191016674041,-0.0174333974719047,-0.0206705518066883,0.1367238461971283,-0.0700840055942535,-0.3226910531520843,-0.234301209449768,-0.0390510410070419,-0.1310474127531051,0.040582425892353,-0.060300063341856,-0.2321820259094238,-0.1001495867967605,-0.1084853336215019,-0.4001828730106354,0.1829834133386612,-0.2626319825649261,0.2963365614414215,-0.2542715668678283,-0.1026640459895134,-0.2798652350902557,-0.2205876260995865,0.0992361903190612,0.355894386768341,0.0806942656636238,0.0977956056594848,-0.163968950510025,-0.0449693873524665,-0.2013594210147857,0.2456727772951126,-0.1897583901882171,-0.0932249948382377,-0.0856902077794075,-0.0949098765850067,0.1734799891710281,-0.1089181527495384,0.0142803872004151,-0.1442500054836273,-0.5203611850738525,0.1259777545928955,0.0956924930214881,-0.258475512266159,-0.1792792677879333,-0.1444022357463836,-0.0171754602342844,-0.1596343219280243,0.3129841387271881,0.0690797194838523,0.0002550333738327,0.0826889127492904,0.1651332676410675,0.1291474401950836,0.337492823600769,0.3534728288650512,0.4214507341384887,0.27745521068573,1
s_000040,딸의 그림일기에 내가 가장 무서운 사람으로 그려져 있어서 부끄러운 마음이 들었어. [SEP] 딸의 그림일기를 보고 부끄러운 마음이 드셨군요. [SEP] 내가 딸에게 잘 못 해준 것 같아서 마음이 좋지 않았어. [SEP] 힘드셨겠어요. 현재에 감정에서 벗어나려면 어떻게 하면 좋을까요? [SEP] 딸과 이야기를 해보고 딸에게 무섭지 않게 잘 대해줘야겠어. [SEP] 문자로 사랑한다는 마음이 잘 전해졌으면 좋겠네요.,E56,Pro_07067,Pro_07067_00010,Pro_07067,-0.1463529020547866,-0.1914189755916595,-0.2483011186122894,-0.1079461202025413,0.0224909465759992,0.1411469280719757,-0.1387028843164444,-0.1139473691582679,0.0264400877058506,0.2156432420015335,-0.0163314044475555,-0.2362335622310638,-0.0975277870893478,0.0047673746012151,0.02033700235188,0.1493220627307891,-0.0328308530151844,-0.307147741317749,-0.2225874662399292,-0.0765212774276733,-0.1626578420400619,0.0587953254580497,-0.0550039708614349,-0.2096401304006576,-0.0513822585344314,-0.084299236536026,-0.3948869705200195,0.187562346458435,-0.2266265600919723,0.2805332243442535,-0.2160839289426803,-0.1150479912757873,-0.273481547832489,-0.2632458508014679,0.1012687534093856,0.3323908746242523,0.0565061010420322,0.0997025147080421,-0.1544436067342758,-0.0515225194394588,-0.1704360246658325,0.2190144956111908,-0.2016604244709015,-0.1119880080223083,-0.0852406919002533,-0.1184193193912506,0.1925983428955078,-0.092118315398693,-0.0123199699446558,-0.1479889750480651,-0.4783916175365448,0.1349856704473495,0.0511267073452472,-0.1894545257091522,-0.1529373824596405,-0.1693893671035766,-0.068834938108921,-0.1515711396932602,0.2949137985706329,0.072299800813198,0.0214725323021411,0.0275527108460664,0.1584842652082443,0.1300947666168213,0.3492721319198608,0.3788349628448486,0.3457396626472473,0.2483116388320922,1
s_000041,친구들 사이에만 있으면 계속 눈치 보게 돼. 왠지 불안하고 불편해. [SEP] 친구들과 함께 있는 상황이 불편하시군요. [SEP] 애들이랑 맞지 않는 것 같아. 친구를 잘못 사귄 것 같아. [SEP] 친구들과 맞지 않고 잘못 사귄 것 같다는 마음이 들어 힘드시겠어요. [SEP] 지금 다니는 애들이랑 좀 거리를 둘래. 나와 맞는 친구가 필요해. [SEP] 사용자님과 맞는 친구를 만났으면 좋겠네요.,E44,Pro_00335,Pro_00335_00028,Pro_00335,-0.1039679273962974,-0.2349340468645095,-0.2749771773815155,-0.249874547123909,0.1021079048514366,0.1326283067464828,-0.1391462683677673,-0.0675261989235878,0.041141178458929,0.2638998031616211,0.0471294112503528,-0.1979191750288009,-0.0998463407158851,-0.0451959855854511,-0.05155660957098,0.0977625921368599,-0.0685703679919242,-0.3030447959899902,-0.2093943059444427,0.0199168510735034,-0.0770162716507911,0.0578235499560833,-0.0604819692671299,-0.1565637588500976,-0.0787547379732132,-0.0844162032008171,-0.3871666491031647,0.2193297743797302,-0.2479298561811447,0.2513017356395721,-0.2896362841129303,-0.1241332441568374,-0.2585456669330597,-0.1381691843271255,0.0916107594966888,0.368343710899353,0.0290368106216192,0.1168059185147285,-0.1582224816083908,-0.0252510085701942,-0.2322677820920944,0.2276172935962677,-0.179384097456932,-0.1337192505598068,-0.0812892466783523,-0.0841139480471611,0.1427309513092041,-0.0942265093326568,0.0440342910587787,-0.1367501318454742,-0.5314199328422546,0.1321184784173965,0.1655541509389877,-0.3015088140964508,-0.1044886708259582,-0.080950804054737,0.0230968035757541,-0.1929282546043396,0.2990082204341888,0.0470782183110713,0.0006932428805157,0.1598405987024307,0.1828258335590362,0.1484940201044082,0.2302468121051788,0.378235787153244,0.4498515725135803,0.2981785237789154,1
s_000042,나이가 들면 들수록 내가 세상으로부터 배척된 것 같아. [SEP] 세상으로부터 배척된 느낌이 들어서 많이 힘드시겠어요. [SEP] 너무 고독하고 허탈하지만 다 늙고 병든 내 잘못인 것만 같아. [SEP] 자책하지 않을 만한 방법이 뭐가 있을까요? [SEP] 책을 읽어 보면서 마음의 양식을 쌓아 보는 건 어떨까 싶네. [SEP] 독서를 통해 기분이 전보다 한결 나아지길 바랄게요.,E50,Pro_11381,Pro_11381_00014,Pro_11381,-0.0755972564220428,-0.1940019726753235,-0.2714124321937561,-0.2575235366821289,0.1138685941696167,0.0900787040591239,-0.1296156197786331,-0.0462589114904403,0.0337678268551826,0.2505466639995575,0.0382848791778087,-0.171393409371376,-0.1016012653708458,-0.0526940673589706,-0.0658495500683784,0.0473876260221004,-0.0567819289863109,-0.263365089893341,-0.2042765170335769,0.0611108019948005,-0.0587047189474105,0.0490949526429176,-0.0793864578008651,-0.1190803572535514,-0.0756167918443679,-0.0674280300736427,-0.3527844548225403,0.2106727659702301,-0.2245473563671112,0.2257149666547775,-0.2603292167186737,-0.0947471857070922,-0.2218799740076065,-0.0948252454400062,0.0832260176539421,0.3561699390411377,0.029836531728506,0.0974752381443977,-0.1533452570438385,-0.0008537544053979,-0.2184250950813293,0.2248801589012146,-0.1495580226182937,-0.1125630065798759,-0.0943350866436958,-0.0657950937747955,0.1156502142548561,-0.0830279663205146,0.0349815972149372,-0.1166926324367523,-0.5093238949775696,0.1424236446619033,0.1891821324825287,-0.3081957995891571,-0.0935822501778602,-0.069879226386547,0.0578465424478054,-0.184445708990097,0.2664492726325989,0.0287620183080434,0.0077437851577997,0.1682382076978683,0.1626493781805038,0.144239917397499,0.185987502336502,0.3244883716106415,0.424340009689331,0.3175020813941955,1
s_000043,내 가정도 챙겨야 하고 부모님도 챙겨야 하는데 내가 그만큼 못 벌어서 걱정이야. [SEP] 가족 부양과 경제적 어려움 때문에 걱정이 많으시겠어요. [SEP] 부모님을 안 챙겨드릴 수도 없는데 가족을 모두 부양하기에는 부담이 돼. [SEP] 이 상황을 변화시키기 위해 시도해 볼 수 있는 일들이 어떤 것들이 있을까요? [SEP] 아내가 집안일 대신 밖에 나가서 일했으면 좋겠어. 아내와 이야기를 해봐야지. [SEP] 아내에게 잘 말씀하시고 좋은 해결책을 찾으시면 좋겠어요.,E20,Pro_07031,Pro_07031_00005,Pro_07031,-0.06876040995121,-0.2038111686706543,-0.2712221145629883,-0.2128069549798965,0.106014110147953,0.0923052802681922,-0.1747157722711563,-0.0730972662568092,0.0347339883446693,0.2523817121982574,0.000352978677256,-0.2074019163846969,-0.1249166056513786,-0.0387277752161026,-0.0625321194529533,0.0626171752810478,-0.0765893682837486,-0.2895483076572418,-0.2365983724594116,0.0410833619534969,-0.0853206068277359,0.0261874608695507,-0.0878666415810585,-0.1863452941179275,-0.1132549047470092,-0.091315321624279,-0.3729150295257568,0.1883571147918701,-0.253450334072113,0.2709201276302337,-0.250375747680664,-0.0716111287474632,-0.2436497807502746,-0.1363157480955124,0.0916381552815437,0.3691847026348114,0.0802705362439155,0.07595194876194,-0.1710080206394195,-0.0097756590694189,-0.2219312191009521,0.2587246894836426,-0.1540137529373169,-0.0756063535809516,-0.1040531173348426,-0.0623529069125652,0.1326755881309509,-0.1037429496645927,0.0213319696485996,-0.1221479326486587,-0.5345678925514221,0.1425826549530029,0.1691306382417678,-0.3162766396999359,-0.1676565557718277,-0.1132255643606185,0.0638435930013656,-0.1681077033281326,0.2884372770786285,0.0390829518437385,-0.0006662122323177,0.1396315544843673,0.1526698172092437,0.1354521661996841,0.2631673216819763,0.2977093160152435,0.4467715322971344,0.3355898261070251,1
s_000044,출산까지 했는데 너무 외로워. [SEP] 출산까지 했는데 슬픈 감정이 드시는군요. 조금 더 자세히 말해주실래요? [SEP] 남편이 바빠서 출산할 때 옆에 있어주지 못했어. [SEP] 혼자 너무 외로우셨겠어요. 어떻게 해야 될까요? [SEP] 남편을 이해해주면서도 너무 속상하고 외로워 남편한테 말해 봐야겠어. [SEP] 남편과의 대화로 이 속상한 상황이 나아지길 바라요.,E53,Pro_05264,Pro_05264_00033,Pro_05264,-0.0978460013866424,-0.204122319817543,-0.2635020911693573,-0.2260099053382873,0.0902291387319564,0.1120028346776962,-0.1235354989767074,-0.0623636730015277,0.0344254039227962,0.2397913634777069,0.0321319140493869,-0.1854568868875503,-0.0909633412957191,-0.0450703427195549,-0.0465792492032051,0.0823194533586502,-0.0512543953955173,-0.273477554321289,-0.1978769451379776,0.0234990809112787,-0.07830760627985,0.0565099157392978,-0.0646660849452018,-0.1371498852968216,-0.068399392068386,-0.0761751756072044,-0.3588154315948486,0.2043773680925369,-0.2255371510982513,0.2331263273954391,-0.2598454356193542,-0.1080233231186866,-0.2344575971364975,-0.1317731142044067,0.0841534063220024,0.342450350522995,0.0286649744957685,0.1096989288926124,-0.1446706801652908,-0.0167230982333421,-0.2008874118328094,0.2134079337120056,-0.1629279553890228,-0.1188067272305488,-0.0834554135799408,-0.0802129134535789,0.1312551349401474,-0.083032339811325,0.0327286012470722,-0.124620072543621,-0.4919717609882355,0.1310875862836837,0.1511522084474563,-0.2760772407054901,-0.0938095673918724,-0.0795580297708511,0.0158559810370206,-0.1775382310152053,0.2734826505184173,0.0435828976333141,0.0082607548683881,0.1405673176050186,0.1668030619621276,0.1380173414945602,0.2148421108722686,0.3452524542808532,0.4047717452049255,0.2810221016407013,1
s_000045,나 정말 복잡한 심경이야. [SEP] 무언가 마음이 복잡한 일이 있으시군요. [SEP] 내가 아프기 시작하고 나서도 날 계속 있게 해준 직장에 너무 고맙고 감사하거든. 오래 다니기도 했고. [SEP] 오래 다니시고 상황도 이해해주었다니 좋은 직장인 것 같네요. [SEP] 그런데 최근 실수가 너무 많아 죄송스러워. 책임감 있게 그만둘 때가 된 것 같다는 생각이 들어. [SEP] 선생님은 어떻게 하고 싶으세요?,E58,Pro_12469,Pro_12469_00004,Pro_12469,-0.1438431143760681,-0.1752983629703521,-0.248745396733284,-0.1119952127337455,0.0235107205808162,0.1302539855241775,-0.1320922374725341,-0.107300691306591,0.0231073107570409,0.2138243168592453,-0.0149436118081212,-0.2275893837213516,-0.098688393831253,0.0072979452088475,0.0224703904241323,0.135822981595993,-0.0248485747724771,-0.2976816892623901,-0.2222998142242431,-0.068566046655178,-0.1620819568634033,0.0603762455284595,-0.0607945136725902,-0.1942271292209625,-0.0408739261329174,-0.0729562044143676,-0.3904178142547607,0.1920720338821411,-0.215635672211647,0.27228444814682,-0.2052887380123138,-0.1120645254850387,-0.2654848098754883,-0.2579220831394195,0.1013726666569709,0.3324739336967468,0.0500332117080688,0.0942164063453674,-0.1559734344482422,-0.0455134510993957,-0.1703690141439438,0.2169525176286697,-0.1985173821449279,-0.1143283396959304,-0.0904959216713905,-0.1180420368909835,0.1904347240924835,-0.0872482657432556,-0.0187855344265699,-0.1451369225978851,-0.4748415946960449,0.1431867629289627,0.0577776171267032,-0.1861800253391266,-0.1450742334127426,-0.1717229485511779,-0.0628085508942604,-0.1527619808912277,0.2861936092376709,0.0658618435263633,0.0273083671927452,0.0258603878319263,0.1545301377773285,0.1334849447011947,0.3381378650665283,0.3758432567119598,0.3337278664112091,0.2580471038818359,1
s_000046,요즘 아들과 대화하는 게 두려워. [SEP] 아들과 대화하는 게 두려워서 속상하시군요. 무슨 일 있으셨어요? [SEP] 요새 사춘기인지 이유 없이 대들고 말대꾸를 해. [SEP] 아드님이 사춘기라 마음이 많이 안 좋으시군요.,E31,Pro_08602,Pro_08602_00022,Pro_08602,-0.0370248034596443,-0.2229138165712356,-0.2763120532035827,-0.2902024388313293,0.1493158638477325,0.0797256380319595,-0.1553115397691726,-0.037185750901699,0.0427507273852825,0.2613125145435333,0.0369315780699253,-0.1695840954780578,-0.1078412905335426,-0.0824064090847969,-0.1124197691679,0.025664284825325,-0.0897049009799957,-0.2606382369995117,-0.2052852213382721,0.106514997780323,-0.018109206110239,0.0278278682380914,-0.0846419557929039,-0.1325751692056656,-0.1274179369211197,-0.0938984826207161,-0.3358380198478699,0.1926826536655426,-0.252732902765274,0.2299608290195465,-0.288250595331192,-0.0709481686353683,-0.2119920253753662,-0.0336155220866203,0.0735148563981056,0.3611498773097992,0.0566599108278751,0.0952084586024284,-0.150564506649971,0.0114910835400223,-0.2287894040346145,0.2424542158842086,-0.1225973442196846,-0.0805031582713127,-0.0922829881310463,-0.0346438661217689,0.0817987695336341,-0.0945377573370933,0.0631636828184127,-0.1031680554151535,-0.5252547860145569,0.1256843358278274,0.2275488078594207,-0.3662777543067932,-0.1129673048853874,-0.0312759093940258,0.1093672141432762,-0.1825388073921203,0.2701067328453064,0.0246982984244823,-0.014111129567027,0.2209665477275848,0.1609430313110351,0.1333971917629242,0.1566453725099563,0.2716918587684631,0.4828513562679291,0.3302550613880157,1
s_000047,우리 오빠는 손재주가 좋아서 물건을 잘 고쳐! [SEP] 오빠가 손재주가 좋군요. [SEP] 내 라디오가 고장이 나서 오빠에게 고쳐달라고 할거야. [SEP] 오빠에게 라디오를 고쳐달라고 할거군요? [SEP] 보답으로 오빠에게 작은 선물을 해야지. [SEP] 선물을 통해서 고마운 마음을 전하려 하시는군요.,E62,Pro_01673,Pro_01673_00039,Pro_01673,-0.1484073847532272,-0.1811884939670562,-0.2483027130365371,-0.1172816604375839,0.022794684395194,0.1365366876125335,-0.1256825625896453,-0.1062640249729156,0.0243948325514793,0.2139887809753418,-0.0081621380522847,-0.2256238162517547,-0.0931120589375495,0.0045081293210387,0.0228224582970142,0.1415952891111374,-0.0239138826727867,-0.2981405556201935,-0.2160345613956451,-0.071321964263916,-0.1591420769691467,0.0649991184473037,-0.0555569566786289,-0.1893279701471328,-0.0369010046124458,-0.0734527930617332,-0.3898847103118896,0.194793552160263,-0.2148065119981765,0.2679964303970337,-0.2121134549379348,-0.1194425076246261,-0.2663047015666961,-0.2559366226196289,0.1001208424568176,0.3295681178569793,0.0424772314727306,0.101701334118843,-0.1517436206340789,-0.0477738417685031,-0.1692208349704742,0.2105197608470916,-0.2007108181715011,-0.1217884123325347,-0.0856709033250808,-0.120396502315998,0.1899507492780685,-0.0853902250528335,-0.0137337939813733,-0.1463395357131958,-0.4707805812358856,0.139275923371315,0.0561766736209392,-0.183351531624794,-0.134059190750122,-0.1637846380472183,-0.0698791220784187,-0.1554391384124755,0.2867061793804168,0.0676970556378364,0.0266733765602111,0.0300222914665937,0.1588508188724517,0.1338158249855041,0.3306445777416229,0.3853744864463806,0.3333993852138519,0.248328223824501,1
s_000048,이번에 업무 분장을 새로 했어. [SEP] 업무 분장 결과는 만족하시나요? [SEP] 아니. 잡다한 일이 나에게 다 와서 참 성가실 것 같아. [SEP] 잡무를 배당 받으셨다니 번거로우시겠군요.,E19,Pro_08950,Pro_08950_00015,Pro_08950,-0.0587347000837326,-0.2079001069068908,-0.271571010351181,-0.2728564739227295,0.128909945487976,0.0863032639026641,-0.1358355432748794,-0.0405929833650589,0.0381233096122741,0.2519929111003876,0.0394879467785358,-0.1675464361906051,-0.0994013547897338,-0.0693843588232994,-0.0879857838153839,0.0387303791940212,-0.0699974671006202,-0.2577868998050689,-0.1986264288425445,0.08191679418087,-0.0368887111544609,0.0413457825779914,-0.0788775831460952,-0.1200405657291412,-0.0975524708628654,-0.0801383331418037,-0.339384526014328,0.2007717192173004,-0.2348297536373138,0.222275897860527,-0.2741394340991974,-0.0853474587202072,-0.2138790339231491,-0.0624308921396732,0.0763087645173072,0.3523237109184265,0.0384024120867252,0.1004493832588195,-0.1467495709657669,0.0048392633907496,-0.2174791395664215,0.2270565032958984,-0.1350969970226287,-0.0990222245454788,-0.0901654511690139,-0.0513393208384513,0.0967621505260467,-0.0858710184693336,0.0507490150630474,-0.1089108511805534,-0.5081735849380493,0.1308781057596206,0.2044290602207183,-0.3314997553825378,-0.0944302305579185,-0.0449953190982341,0.0771071165800094,-0.1825742274522781,0.2647328674793243,0.0277670435607433,-0.002549639204517,0.1939967274665832,0.1621714234352111,0.1371124237775802,0.1645231544971466,0.2992787361145019,0.4461041092872619,0.3138391673564911,1
s_000049,생계를 꾸리기 힘든데 연락이 오랫동안 끊긴 딸이 있다는 이유로 지원을 못 받아서 억울해. [SEP] 생활에 꼭 필요한 지원을 딸 때문에 받지 못해서 실망스럽고 좌절된 기분일 것 같아요. [SEP] 딸은 내게 생활비 한 푼 준 적 없고 전화도 걸지 않는데 말이야. [SEP] 딸에게도 연락이 닿지 않는 지금 무엇을 하면 나아질 것 같은가요? [SEP] 동네 사람을 만나서 분풀이라도 해야겠어. [SEP] 동네 사람과 어떤 이야기를 하면 나의 기분을 푸는데 도움이 될까요?,E47,Pro_12218,Pro_12218_00049,Pro_12218,-0.0383258499205112,-0.2644846141338348,-0.2810304164886474,-0.2976876199245453,0.157286524772644,0.1044656857848167,-0.1761983931064605,-0.0491296052932739,0.0520584098994731,0.275542676448822,0.0402900949120521,-0.1890700757503509,-0.1108462586998939,-0.090282954275608,-0.124048538506031,0.0512363091111183,-0.1141238659620285,-0.2883285582065582,-0.2110985964536667,0.0983517989516258,-0.0133453784510493,0.0226663090288639,-0.0745637491345405,-0.1682925224304199,-0.1555057615041732,-0.1191179081797599,-0.3532878458499908,0.1890572756528854,-0.2830720543861389,0.2520632147789001,-0.3202883601188659,-0.0789402946829795,-0.2341005802154541,-0.037605594843626,0.0752540528774261,0.3725447952747345,0.0713784545660018,0.1062875166535377,-0.1536322981119156,-6.704404950141907e-05,-0.2432831823825836,0.2543286681175232,-0.1310487985610962,-0.0781773403286933,-0.0828879252076149,-0.032604768872261,0.0857959240674972,-0.1087337359786033,0.0817007198929786,-0.1110581308603286,-0.5487110614776611,0.1107439845800399,0.2282395958900451,-0.3885374963283539,-0.1335661858320236,-0.023376278579235,0.1098891422152519,-0.186604306101799,0.2954520285129547,0.036002017557621,-0.0296032149344682,0.2379708588123321,0.1735250204801559,0.1307999491691589,0.1777790337800979,0.2826554477214813,0.5289305448532104,0.3239116072654724,1
