record_id,text,valence,arousal,target,control_state,social_orientation,action_tendency_class,episode_family,appraisal_family,ticks_run,termination_reason,activation_ticks,activation_neurons,activation_nonzero,activation_density,activation_k_mean,activation_k_max,active_count_mean,active_count_max,dominant_branch_len,dominant_unique_nodes,branch_tensor_len,branch_tensor_dim,z_dim,z_l2,dominant_branch_ids,dopamine,serotonin,norepinephrine,melatonin
s_000555,대표님이 나만 빼고 팀원 모두에게 커피를 돌린 거 있지? 정말 당혹스러웠어. [SEP] 대표님의 행동에 곤란하고 당혹스러우셨겠어요. [SEP] 대표란 사람이 그렇게 공개적으로 차별 대우를 한다는 게 말이 안 되잖아. 다들 어떻게 생각했겠어. [SEP] 대놓고 차별하는 대표의 행동이 말이 안 된다고 생각하시는군요. 당혹스러움을 어떻게 조금이나마 덜어 낼 수 있을까요? [SEP] 너무 화가 나는데 뭘 어떻게 해야 할지 모르겠어. [SEP] 너무 화가 나서 어떻게 할지 혼란스러우시군요.,negative,high,other,mixed,defend,confront,other_blame_boundary,other_directed_defense,33,stable_convergence,31,256,7698,0.9700100806451613,366.9513854980469,3056.24169921875,248.32258064516128,256,31,1,31,6,64,8.0,-1 -1 -1 -1 -1 -1 -1 -1 -1 -1 -1 -1 -1 -1 -1 -1 -1 -1 -1 -1 -1 -1 -1 -1 -1 -1 -1 -1 -1 -1 -1,0.17338328063488007,0.27180173993110657,0.5225324630737305,0.32518085837364197
s_003836,우리 아들한테는 기대를 접었어. 아주 못된 자식이야. [SEP] 아들하고 무슨 일이 있었나요? [SEP] 초등학교 들어가면서부터 부모를 무시하고 그러더라고. 고등학생 되더니 더 버르장머리가 없어. [SEP] 어떻게 하면 아들과의 관계가 나아질 수 있을까요? [SEP] 이제는 기대도 안해. 집에나 들어오면 다행이지. [SEP] 아들의 버릇 없는 행동에 많이 회의적이시군요.,negative,high,other,mixed,defend,defend,other_blame_boundary,other_directed_defense,43,stable_convergence,35,256,8704,0.9714285714285714,728.5782470703125,5691.5224609375,248.68571428571428,256,35,1,35,6,64,8.0,-1 -1 -1 -1 -1 -1 -1 -1 -1 -1 -1 -1 -1 -1 -1 -1 -1 -1 -1 -1 -1 -1 -1 -1 -1 -1 -1 -1 -1 -1 -1 -1 -1 -1 -1,0.2433604598045349,0.32835352420806885,0.4271097481250763,0.3012164235115051
s_003887,담임선생님이 맨날 모범생들만 챙겨서 너무 화나! [SEP] 담임선생님께서 모범생만 챙겨서 화가 나시는군요. [SEP] 모범생도 일반 학생과 똑같은데 똑같이 대우받을 순 없을까? [SEP] 똑같이 대우받기 위해 어떤 것을 할 수 있을까요? [SEP] 적극적으로 수업에 참여해서 눈에 띄어볼 거야! [SEP] 열심히 공부하셔서 성적도 오르고 다른 좋은 학교들도 찾을 수 있길 바랄게요.,negative,high,other,mixed,approach,confront,other_blame_boundary,approach_or_repair,25,stable_convergence,18,256,4377,0.9498697916666666,64.40214538574219,290.26513671875,243.16666666666666,256,18,1,18,6,64,7.8862152099609375,-1 -1 -1 -1 -1 -1 -1 -1 -1 -1 -1 -1 -1 -1 -1 -1 -1 -1,0.2635829448699951,0.2625855803489685,0.5759422779083252,0.3310245871543884
s_001255,주변인들에 대한 불신이 매우 뿌리깊어. 다들 유산만 노리고 있지. [SEP] 주변 혈육들이 유산을 노린다고 느끼시나 봅니다. [SEP] 정신이 멀쩡할 때는 어른 대접하더니 정신이 온전치 못하다고 면전에서 돈 많은 송장 취급해. [SEP] 사람들이 본인을 공경하기보다 이익을 취하려고 접근한다는 비관적인 관점을 갖고 계시는군요. [SEP] 내가 어디 한 푼도 지들한테 주나 보라지. 이승 갈때도 모조리 싸들고 갈 테다. [SEP] 주변인들에 대한 불신이 매우 뿌리깊으시군요.,negative,high,other,mixed,defend,defend,other_blame_boundary,other_directed_defense,48,stable_convergence,40,256,9756,0.952734375,1424.3240966796875,12849.4892578125,243.9,255,40,1,40,6,64,8.0,-1 -1 -1 -1 -1 -1 -1 -1 -1 -1 -1 -1 -1 -1 -1 -1 -1 -1 -1 -1 -1 -1 -1 -1 -1 -1 -1 -1 -1 -1 -1 -1 -1 -1 -1 -1 -1 -1 -1 -1,0.1887492835521698,0.3267512321472168,0.3921527564525604,0.3108751177787781
s_002383,직장 상사가 신입 사원이 한 실수가 다 내 책임이라며 화를 내. [SEP] 직장 상사가 책임을 떠넘기셔 오히려 더 화가 나셨을 것 같아요. [SEP] 신입 사원의 실수인데 왜 내 책임으로 돌리는 거지? 난 정말 이해할 수가 없어. [SEP] 지금 상황을 해결할 방법이 있을까요? [SEP] 아무래도 직장 상사와 대화를 해 봐야겠어. [SEP] 상사와 대화를 해보려 하시는군요. 어떤 이야기를 할 생각이신가요?,negative,high,other,mixed,approach,confront,other_blame_boundary,approach_or_repair,22,stable_convergence,15,256,3553,0.9252604166666667,37.515140533447266,156.9134979248047,236.86666666666667,256,15,1,15,6,64,7.891177654266357,-1 -1 -1 -1 -1 -1 -1 -1 -1 -1 -1 -1 -1 -1 -1,0.2318670004606247,0.24859702587127686,0.5865688323974609,0.3488284647464752
s_002456,동호회 사람 중 몇 사람이 나에 대해 악의적인 소문을 퍼뜨리고 있어. [SEP] 동호회 사람들이 악의적인 안 좋은 소문을 퍼뜨리고 있군요. 어떤 소문을 퍼뜨리고 있나요? [SEP] 마치 내가 모든 것을 마음대로 하고 회비도 횡령했다고 거짓말을 하고 있어. [SEP] 모든 것을 마음대로 하고 회비도 횡령했다고 거짓말을 하고 있군요. 어떻게 하는게 좋을까요? [SEP] 회계 장부를 보여줘야겠어. 사람들이 누구 말을 믿어야 할지 알 수 있을 거야. [SEP] 오해를 풀기 위해 동호회 사람들에게 회계 장부를 보여줄 생각이시군요.,negative,high,other,mixed,defend,confront,other_blame_boundary,other_directed_defense,16,stable_convergence,9,256,1855,0.8051215277777778,10.515803337097168,34.62687683105469,206.11111111111111,255,8,1,8,6,64,7.85632848739624,-1 -1 -1 -1 -1 -1 -1 -1,0.1662597954273224,0.3128533959388733,0.4970867931842804,0.3442239463329315
s_000109,집에서 아들하고 대화하면 자기주장만 앞세우고 아버지에 대한 배려가 없어서 화가 나. [SEP] 아들의 태도에 불만이 있으시군요. [SEP] 나는 꼰대라고 생각을 안 하는데 아들은 나와 생각이 달라도 너무 다른 것 같아. [SEP] 아들의 생각은 물어보셨나요?,negative,high,other,mixed,defend,confront,other_blame_boundary,other_directed_defense,14,stable_convergence,8,256,1679,0.81982421875,9.051947593688965,27.867170333862305,209.875,255,8,1,8,6,64,7.723877906799316,-1 -1 -1 -1 -1 -1 -1 -1,0.16018252074718475,0.27288126945495605,0.4907185435295105,0.31953927874565125
s_000314,우리 가족이 나를 너무 구역질나게 해. [SEP] 가족 때문에 구역질 나는 일이 있나요? [SEP] 이제 중학생인 나에게 너무 공부만 강요해. [SEP] 중학생인데 너무 공부만 강요하는 가족 때문에 답답하시겠어요.,negative,high,other,low,defend,defend,other_blame_boundary,other_directed_defense,23,stable_convergence,17,256,3930,0.9030330882352942,46.37320327758789,211.35678100585938,231.1764705882353,254,16,1,16,6,64,7.883876800537109,-1 -1 -1 -1 -1 -1 -1 -1 -1 -1 -1 -1 -1 -1 -1 -1,0.08435678482055664,0.21862168610095978,0.5770679712295532,0.36996084451675415
s_000393,이번에 복권에 당첨되었는데 고민이 생겼어. [SEP] 어떤 고민이신지 좀 더 자세하게 말씀해주시겠어요? [SEP] 복권에 당첨되었다는 사실을 알게 되면 모두 내 재산을 탐낼 것 같아. [SEP] 이 상황에서 벗어나려면 어떻게 해야 할까요? [SEP] 복권에 당첨된 사실을 잘 숨기고 아무한테도 말 안해야겠어. 잘 숨겨졌으면 좋겠어. [SEP] 복권에 당첨된 사실을 잘 숨길 수 있길 바라요.,negative,high,other,mixed,defend,defend,other_blame_boundary,other_directed_defense,64,max_ticks,57,256,14140,0.9690241228070176,18743.90625,229273.5,248.0701754385965,256,57,1,57,6,64,8.0,-1 -1 -1 -1 -1 -1 -1 -1 -1 -1 -1 -1 -1 -1 -1 -1 -1 -1 -1 -1 -1 -1 -1 -1 -1 -1 -1 -1 -1 -1 -1 -1 -1 -1 -1 -1 -1 -1 -1 -1 -1 -1 -1 -1 -1 -1 -1 -1 -1 -1 -1 -1 -1 -1 -1 -1 -1,0.2617262601852417,0.3355174660682678,0.40730801224708557,0.2822803258895874
s_003414,얼마 전에 가장 친한 친구가 첫 출산을 했는데 내가 울었어. [SEP] 친구분의 출산에 깊이 감동하신 것 같아요. 어떤 감정이 드셨나요? [SEP] 초등학생 때부터 알던 친구라서 그런지 친구가 엄마가 되었다는 게 믿기지 않더라고. [SEP] 오랜 친구분이 엄마가 되었다는 사실에 감격하셨던 거로군요.,mixed,high,other,mixed,approach,approach,other_blame_boundary,approach_or_repair,9,stable_convergence,1,256,0,0.0,0.0,0.0,0.0,0,1,1,1,6,64,1.3867236375808716,-1,0.24895702302455902,0.4051886200904846,0.3763459026813507,0.2780819237232208
s_002862,전 애인이 나랑 헤어지자마자 다른 사람을 사귀었어. 너무 배신감 들어. [SEP] 전 애인이 헤어지자마자 다른 사람을 사귀어서 많이 속상하셨겠네요. [SEP] 응. 마치 기다렸다는 듯이. 그 얘기 듣자마자 너무 화가 났어. [SEP] 화가 많이 나셨겠어요. 어떻게 하면 화가 좀 가라앉을 수 있을까요? [SEP] 친구들 만나서 스트레스나 풀어야겠어. [SEP] 친구들과 만나서 화도 가라앉고 스트레스도 다 풀렸으면 좋겠어요.,negative,high,other,mixed,defend,defend,other_blame_boundary,other_directed_defense,64,max_ticks,60,256,14098,0.9178385416666667,16687.548828125,412895.25,234.96666666666667,246,60,1,60,6,64,8.0,-1 -1 -1 -1 -1 -1 -1 -1 -1 -1 -1 -1 -1 -1 -1 -1 -1 -1 -1 -1 -1 -1 -1 -1 -1 -1 -1 -1 -1 -1 -1 -1 -1 -1 -1 -1 -1 -1 -1 -1 -1 -1 -1 -1 -1 -1 -1 -1 -1 -1 -1 -1 -1 -1 -1 -1 -1 -1 -1 -1,0.10280846804380417,0.20182333886623383,0.6086865067481995,0.37909603118896484
s_000184,학교 폭력 가해자들이 강제 전학 가게 됐대. 너무 좋아. [SEP] 학교 폭력 가해자들이 다른 학교로 가게 되어서 기쁘시겠어요. [SEP] 이제까지 당한 걸 생각하면 정말 화나지만 사회 봉사 처분도 같이 받았다니 속이 시원해. [SEP] 나쁜 행동을 한 사람들이 마땅한 벌을 받아 속이 후련하시군요.,mixed,high,other,mixed,approach,seek_support,other_episode,approach_or_repair,43,stable_convergence,41,256,9820,0.9355945121951219,1158.484130859375,12111.2314453125,239.5121951219512,256,41,1,41,6,64,8.0,-1 -1 -1 -1 -1 -1 -1 -1 -1 -1 -1 -1 -1 -1 -1 -1 -1 -1 -1 -1 -1 -1 -1 -1 -1 -1 -1 -1 -1 -1 -1 -1 -1 -1 -1 -1 -1 -1 -1 -1 -1,0.35801106691360474,0.4008519947528839,0.2895771861076355,0.24256935715675354
s_000179,남자 친구가 술이 취하니까 난폭해져. 너무 놀라고 무서웠어. [SEP] 남자 친구 때문에 많이 놀라셨겠어요. 조금 자세히 말해주시겠어요? [SEP] 평소에는 다정하고 온순한데 술을 먹고 난폭한 모습을 보니까 정말 실망했어. [SEP] 지금의 상황을 바꿀 수 있는 방법이 있나요? [SEP] 아무래도 남자 친구와 대화를 나눠봐야겠어. [SEP] 남편과의 진지한 얘기를 통해 알맞은 선택을 했으면 좋겠어요.,negative,high,mixed,mixed,mixed,plan,other_blame_boundary,mixed_appraisal,57,stable_convergence,50,256,11810,0.92265625,3379.8564453125,62779.31640625,236.2,253,50,1,50,6,64,8.0,-1 -1 -1 -1 -1 -1 -1 -1 -1 -1 -1 -1 -1 -1 -1 -1 -1 -1 -1 -1 -1 -1 -1 -1 -1 -1 -1 -1 -1 -1 -1 -1 -1 -1 -1 -1 -1 -1 -1 -1 -1 -1 -1 -1 -1 -1 -1 -1 -1 -1,0.28172922134399414,0.3539287745952606,0.4832420349121094,0.3133698105812073
s_000605,승무원이 되고 싶은데 내가 갈 수 있는 대학이 별로 없다고 해서 걱정이야. [SEP] 갈 수 있는 대학이 많지 않다는 얘기를 들어서 걱정하고 계시는군요. [SEP] 대학을 가지 못해서 승무원이 될 수 없을까 봐 불안해. [SEP] 많이 불안하시겠어요. 지금의 감정에서 벗어나기 위해 무엇을 할 수 있을까요? [SEP] 어느 부분이 부족한지 담임 선생님께 상담을 신청해야겠어. [SEP] 게임을 하면서 스트레스를 풀어 보려 하시는군요.,negative,high,situation,mixed,mixed,plan,threat_anxiety,situation_focused_coping,62,stable_convergence,60,256,14546,0.9470052083333333,15246.982421875,314601.8125,242.43333333333334,256,60,1,60,6,64,8.0,-1 -1 -1 -1 -1 -1 -1 -1 -1 -1 -1 -1 -1 -1 -1 -1 -1 -1 -1 -1 -1 -1 -1 -1 -1 -1 -1 -1 -1 -1 -1 -1 -1 -1 -1 -1 -1 -1 -1 -1 -1 -1 -1 -1 -1 -1 -1 -1 -1 -1 -1 -1 -1 -1 -1 -1 -1 -1 -1 -1,0.19338065385818481,0.2464297115802765,0.5737321376800537,0.34673529863357544
s_003143,팀 공모전에서 대상을 수상했어. [SEP] 축하드려요. 공모전 준비하느라 수고하셨어요. [SEP] 솔직히 대상을 수상할 줄 몰랐는데 공모전을 준비해온 과정을 돌이켜보면 눈물이 나. [SEP] 앞으로도 하시는 일 잘 되길 바랍니다.,mixed,high,mixed,mixed,mixed,seek_support,other_blame_boundary,mixed_appraisal,64,max_ticks,61,256,14683,0.9402535860655737,22114.81640625,354820.03125,240.70491803278688,256,61,1,61,6,64,8.0,-1 -1 -1 -1 -1 -1 -1 -1 -1 -1 -1 -1 -1 -1 -1 -1 -1 -1 -1 -1 -1 -1 -1 -1 -1 -1 -1 -1 -1 -1 -1 -1 -1 -1 -1 -1 -1 -1 -1 -1 -1 -1 -1 -1 -1 -1 -1 -1 -1 -1 -1 -1 -1 -1 -1 -1 -1 -1 -1 -1 -1,0.18960869312286377,0.3324522078037262,0.3948891758918762,0.30733054876327515
s_000807,요즘 부모님의 관계가 너무 안좋아서 슬퍼. [SEP] 부모님의 관계가 좋지않아 슬프시군요. [SEP] 내가 할 수 있는 일이 없어서 더욱 힘들어. [SEP] 좋지 않은 부모님의 관계를 위해 할 수 있는 일이 없어 속상하시군요.,negative,high,situation,low,mixed,inhibit,other_blame_boundary,low_control_distress,64,max_ticks,56,256,13714,0.9566127232142857,15547.0009765625,190998.84375,244.89285714285714,255,56,1,56,6,64,8.0,-1 -1 -1 -1 -1 -1 -1 -1 -1 -1 -1 -1 -1 -1 -1 -1 -1 -1 -1 -1 -1 -1 -1 -1 -1 -1 -1 -1 -1 -1 -1 -1 -1 -1 -1 -1 -1 -1 -1 -1 -1 -1 -1 -1 -1 -1 -1 -1 -1 -1 -1 -1 -1 -1 -1 -1,0.23160649836063385,0.26060542464256287,0.473617821931839,0.42118507623672485
s_003331,약을 아무리 먹어도 병이 나을 생각을 안 하고 심해지기만 하네. 난 왜 이렇게 아픈 걸까? [SEP] 건강 악화로 인하여 마음이 불편하시군요. [SEP] 지금 하는 일도 제대로 할 수 없어 이러다 아무도 모르게 죽으면 어떡하나 두려워. [SEP] 기분을 전환할 수 있는 방법이 있을까요? [SEP] 지금 하는 일에 최선을 다하고 병도 나을 수 있다는 생각을 가져야겠지. [SEP] 건강이 회복되고 안정된 일을 할 수 있길 바랄게요.,negative,high,mixed,low,mixed,plan,other_blame_boundary,low_control_distress,47,stable_convergence,40,256,9806,0.9576171875,1444.625244140625,12025.2236328125,245.15,256,40,1,40,6,64,8.0,-1 -1 -1 -1 -1 -1 -1 -1 -1 -1 -1 -1 -1 -1 -1 -1 -1 -1 -1 -1 -1 -1 -1 -1 -1 -1 -1 -1 -1 -1 -1 -1 -1 -1 -1 -1 -1 -1 -1 -1,0.31281644105911255,0.3677525520324707,0.47881001234054565,0.3017580509185791
s_002647,요실금을 오래 겪었더니 이제는 기저귀차는 일이 아무 감정 없어. [SEP] 기저귀를 차는 일에 이젠 감정도 없어질 정도로 익숙해지셨군요. [SEP] 처음에는 너무 비참했지. 내가 기저귀를 차게 되었다니 말이야. [SEP] 이런 현실을 극복하기 위해서 어떻게 하면 좋을까요? [SEP] 이제 기저귀는 일상이라고 생각하고 적응해야겠어. [SEP] 현실에 적응하면서 감정의 변화를 줄 수 있으면 좋겠어요.,negative,medium,mixed,mixed,mixed,defend,other_blame_boundary,mixed_appraisal,64,max_ticks,56,256,13533,0.9439871651785714,8554.240234375,167015.65625,241.66071428571428,254,56,1,56,6,64,8.0,-1 -1 -1 -1 -1 -1 -1 -1 -1 -1 -1 -1 -1 -1 -1 -1 -1 -1 -1 -1 -1 -1 -1 -1 -1 -1 -1 -1 -1 -1 -1 -1 -1 -1 -1 -1 -1 -1 -1 -1 -1 -1 -1 -1 -1 -1 -1 -1 -1 -1 -1 -1 -1 -1 -1 -1,0.21084104478359222,0.2983693778514862,0.44563910365104675,0.3336635231971741
s_003224,내가 배달하다가 오토바이 사고를 당했는데 다리를 못 쓸 거 같다고 해. [SEP] 사고를 당해서 다리를 못 쓸 것 같은 상황이라 아주 슬프시겠어요. [SEP] 좌절할 가족들을 생각하면 마음이 너무 아파서 이 상황을 어떻게 해야 할지 모르겠어. [SEP] 지금 상황에서 어떻게 하는 것이 가장 좋을까요? [SEP] 솔직하게 지금의 상황을 얘기하고 가족들의 도움을 받아야겠어. [SEP] 가족들에게 솔직히 말씀드려서 지금의 어려움이 한결 나아지길 바라요.,negative,high,mixed,low,mixed,seek_support,other_blame_boundary,low_control_distress,46,stable_convergence,44,256,10526,0.9344815340909091,1886.6207275390625,20915.24609375,239.22727272727272,256,44,1,44,6,64,8.0,-1 -1 -1 -1 -1 -1 -1 -1 -1 -1 -1 -1 -1 -1 -1 -1 -1 -1 -1 -1 -1 -1 -1 -1 -1 -1 -1 -1 -1 -1 -1 -1 -1 -1 -1 -1 -1 -1 -1 -1 -1 -1 -1 -1,0.1681588739156723,0.28967052698135376,0.5502033233642578,0.34470751881599426
s_001582,어린 자녀의 마음을 헤아려주지 못했던 게 너무 후회돼. [SEP] 요즘은 자녀와 어떻게 지내시나요? [SEP] 지금은 서로 많이 멀어진 것 같아. [SEP] 자녀와 사이가 멀어졌나 보네요. [SEP] 자녀가 나와 대화를 나누려고 하지 않아. [SEP] 어린 자녀의 마음을 알아주지 못했던 것이 후회되고 현재 자녀와 대화가 없어 많이 속상하시겠어요.,negative,high,mixed,mixed,mixed,defend,other_blame_boundary,mixed_appraisal,36,stable_convergence,28,256,6808,0.9497767857142857,249.47865295410156,1638.88134765625,243.14285714285714,256,28,1,28,6,64,8.0,-1 -1 -1 -1 -1 -1 -1 -1 -1 -1 -1 -1 -1 -1 -1 -1 -1 -1 -1 -1 -1 -1 -1 -1 -1 -1 -1 -1,0.15207815170288086,0.2804025411605835,0.5081911087036133,0.32101133465766907
s_000008,재정적으로 너무 어려워서 좌절감이 들어. [SEP] 어떻게 어려우신데요? [SEP] 고정적인 수입도 없고 노후준비도 안 되어 있어. [SEP] 아 그러시면 고민이 많으시겠네요. [SEP] 어떻게 해야 할지 모르겠어요. [SEP] 도움을 요청하실 곳은 없나요?,negative,high,situation,low,mixed,seek_support,other_blame_boundary,low_control_distress,9,stable_convergence,1,256,0,0.0,0.0,0.0,0.0,0,1,1,1,6,64,1.5413784980773926,-1,0.06528700888156891,0.23205098509788513,0.5453134179115295,0.37138688564300537
s_000211,엄마가 재혼하신대. 새아빠가 생기는 것은 좋지만 한편으로 걱정돼. [SEP] 새아빠가 생기는 것이 좋으면서도 걱정되시는군요. [SEP] 엄마는 내가 싫으면 재혼하지 않으신대. 내 마음을 나도 모르겠고 너무 우유부단해진 것 같아. [SEP] 예전에 이처럼 마음을 잘 모를 때는 어떻게 하셨나요? [SEP] 다이어리에 좋은 점과 싫은 점에 대해 적어놓고 충분히 고민하는 시간을 가졌었어. [SEP] 이번에도 충분히 고민하는 시간을 가져 후회 없는 선택을 하시길 바라요.,mixed,high,mixed,mixed,mixed,plan,other_blame_boundary,mixed_appraisal,61,stable_convergence,57,256,14335,0.9823876096491229,21265.3984375,253095.390625,251.49122807017545,256,57,1,57,6,64,8.0,-1 -1 -1 -1 -1 -1 -1 -1 -1 -1 -1 -1 -1 -1 -1 -1 -1 -1 -1 -1 -1 -1 -1 -1 -1 -1 -1 -1 -1 -1 -1 -1 -1 -1 -1 -1 -1 -1 -1 -1 -1 -1 -1 -1 -1 -1 -1 -1 -1 -1 -1 -1 -1 -1 -1 -1 -1,0.2711166739463806,0.3211666941642761,0.41851016879081726,0.31801438331604004
s_003249,아파서 입원했는데 자식들은 들여다보지도 않아. 내가 돈이 없어서 그런가 봐. [SEP] 자식들이 병문안을 오지 않아 많이 속상하시겠어요. [SEP] 다 자식들 키우느라 돈이 들어간 건데 더 받을 궁리만 하고 도리는 하지 않아. [SEP] 자녀들이 도리를 하지 않아 마음이 아픈 상황을 변화시키기 위해서 어떤 걸 시도해볼 수 있을까요? [SEP] 없어. 이제 그냥 체념했어. [SEP] 할 수 있는 일이 없다고 느껴지시는군요. 사용자님께 위로가 되고 싶어요.,negative,high,mixed,low,mixed,seek_support,other_blame_boundary,low_control_distress,64,max_ticks,56,256,13317,0.9289202008928571,7822.42626953125,156068.3125,237.80357142857142,255,56,1,56,6,64,8.0,-1 -1 -1 -1 -1 -1 -1 -1 -1 -1 -1 -1 -1 -1 -1 -1 -1 -1 -1 -1 -1 -1 -1 -1 -1 -1 -1 -1 -1 -1 -1 -1 -1 -1 -1 -1 -1 -1 -1 -1 -1 -1 -1 -1 -1 -1 -1 -1 -1 -1 -1 -1 -1 -1 -1 -1,0.19114501774311066,0.35828927159309387,0.43950414657592773,0.3182910680770874
s_001952,아내와 어제 또 다퉜어. 아내는 다른 사람과 재혼할 기회가 생기면 나와 이혼 할 거야. [SEP] 아내와 다퉈서 속상하셨겠군요. [SEP] 점점 다투는 날이 많아지는 것 같아 그럴 때마다 너무 힘들어. [SEP] 부부관계의 어려움을 느끼고 계시는군요. 어떻게 하면 지금의 상황을 변화시킬 수 있을까요? [SEP] 부부 상담을 받아봐야 될 것 같아. [SEP] 부부 상담으로 현재 상황이 잘 풀렸으면 좋겠어요.,negative,high,mixed,mixed,mixed,defend,threat_anxiety,mixed_appraisal,23,stable_convergence,21,256,4629,0.8610491071428571,64.69239807128906,393.9473876953125,220.42857142857142,255,21,1,21,6,64,7.999999046325684,-1 -1 -1 -1 -1 -1 -1 -1 -1 -1 -1 -1 -1 -1 -1 -1 -1 -1 -1 -1 -1,0.22401916980743408,0.2728590965270996,0.5235881209373474,0.41864919662475586
