record_id,text,selection_bucket,selection_reason,episode_label,valence,arousal,target,control_state,social_orientation,preserve,avoid,action_tendency,action_tendency_class,episode_family,appraisal_family,trace_emotion_signature,action_rule_scores_json,episode_rule_scores_json
s_000555,대표님이 나만 빼고 팀원 모두에게 커피를 돌린 거 있지? 정말 당혹스러웠어. [SEP] 대표님의 행동에 곤란하고 당혹스러우셨겠어요. [SEP] 대표란 사람이 그렇게 공개적으로 차별 대우를 한다는 게 말이 안 되잖아. 다들 어떻게 생각했겠어. [SEP] 대놓고 차별하는 대표의 행동이 말이 안 된다고 생각하시는군요. 당혹스러움을 어떻게 조금이나마 덜어 낼 수 있을까요? [SEP] 너무 화가 나는데 뭘 어떻게 해야 할지 모르겠어. [SEP] 너무 화가 나서 어떻게 할지 혼란스러우시군요.,target_other,episode target is another person or group,공개적 배제에 대한 공세적 당혹-분노,negative,high,other,mixed,defend,"공개적 배제, 차별로 읽힌 모욕감, 높은 경계 상태, 그리고 화는 큰데 대응 경로는 불명확한 혼란을 그대로 남겨야 한다.","단순 서운함, 예민함, 오해 가능성 정도로 축소하면 왜곡이다. 이미 내부 처리는 실수보다 노골적 차별/모욕 쪽에 강하게 기울어 있다.","즉각 화를 표출하거나 따지려는 충동은 있으나, 실제 행동 선택은 보류된 상태다. 따라서 행동 성향은 항의/문제제기 쪽으로 기울지만, 현재는 사회적 위험 계산 때문에 직접 행동보다 경계, 반추, 정당화 탐색으로 흐른다.",confront,other_blame_boundary,other_directed_defense,negative|high|other|mixed|defend|confront,"{""approach"": 0, ""confront"": 3, ""defend"": 1, ""inhibit"": 1, ""plan"": 0, ""repair"": 0, ""seek_support"": 0, ""withdraw"": 0}","{""loss_sadness"": 0, ""other_blame_boundary"": 2, ""planning_control"": 0, ""repair_gratitude"": 0, ""self_blame_guilt"": 0, ""threat_anxiety"": 0}"
s_003836,우리 아들한테는 기대를 접었어. 아주 못된 자식이야. [SEP] 아들하고 무슨 일이 있었나요? [SEP] 초등학교 들어가면서부터 부모를 무시하고 그러더라고. 고등학생 되더니 더 버르장머리가 없어. [SEP] 어떻게 하면 아들과의 관계가 나아질 수 있을까요? [SEP] 이제는 기대도 안해. 집에나 들어오면 다행이지. [SEP] 아들의 버릇 없는 행동에 많이 회의적이시군요.,target_other,episode target is another person or group,단념으로 굳어진 공세적 경계,negative,high,other,mixed,defend,"냉소적 단념, 공세적 경계, 상대에 대한 평가 고착을 그대로 남겨야 한다.","이를 단순한 서운함, 일시적 속상함, 관계 개선 의지가 남아 있는 상태로 순화하면 왜곡이다.","관계를 적극 복구하기보다 기대를 철회하고, 정서적 투자와 접촉 강도를 낮추며, 상대를 문제 원인으로 고정해 거리두기 또는 통제적 대응으로 가기 쉽다.",defend,other_blame_boundary,other_directed_defense,negative|high|other|mixed|defend|defend,"{""approach"": 0, ""confront"": 0, ""defend"": 1, ""inhibit"": 0, ""plan"": 1, ""repair"": 1, ""seek_support"": 0, ""withdraw"": 1}","{""loss_sadness"": 0, ""other_blame_boundary"": 2, ""planning_control"": 0, ""repair_gratitude"": 0, ""self_blame_guilt"": 0, ""threat_anxiety"": 0}"
s_003887,담임선생님이 맨날 모범생들만 챙겨서 너무 화나! [SEP] 담임선생님께서 모범생만 챙겨서 화가 나시는군요. [SEP] 모범생도 일반 학생과 똑같은데 똑같이 대우받을 순 없을까? [SEP] 똑같이 대우받기 위해 어떤 것을 할 수 있을까요? [SEP] 적극적으로 수업에 참여해서 눈에 띄어볼 거야! [SEP] 열심히 공부하셔서 성적도 오르고 다른 좋은 학교들도 찾을 수 있길 바랄게요.,target_other,episode target is another person or group,불공정 지각에 따른 공세적 항의 모드,negative,high,other,mixed,approach,"불공정 지각, 배제감, 그리고 그것이 단순 서운함이 아니라 공격적으로 버티는 긴장 상태로 지속되었다는 결을 남겨야 한다.","이를 단순한 투정, 순간적 분노, 혹은 곧바로 건설적 동기부여로 미화하면 왜곡이다. 해소된 것처럼 말하는 것도 틀리다.","직접 항의하거나, 인정받기 위해 더 적극적으로 드러나거나, 비교 구도에서 자신의 위치를 회복하려는 행동으로 간다. 수동적 철수보다는 '나도 보게 만들어야 한다'는 경쟁적 접근 성향이 강하다.",confront,other_blame_boundary,approach_or_repair,negative|high|other|mixed|approach|confront,"{""approach"": 1, ""confront"": 1, ""defend"": 0, ""inhibit"": 0, ""plan"": 0, ""repair"": 1, ""seek_support"": 0, ""withdraw"": 0}","{""loss_sadness"": 0, ""other_blame_boundary"": 1, ""planning_control"": 0, ""repair_gratitude"": 0, ""self_blame_guilt"": 0, ""threat_anxiety"": 0}"
s_001255,주변인들에 대한 불신이 매우 뿌리깊어. 다들 유산만 노리고 있지. [SEP] 주변 혈육들이 유산을 노린다고 느끼시나 봅니다. [SEP] 정신이 멀쩡할 때는 어른 대접하더니 정신이 온전치 못하다고 면전에서 돈 많은 송장 취급해. [SEP] 사람들이 본인을 공경하기보다 이익을 취하려고 접근한다는 비관적인 관점을 갖고 계시는군요. [SEP] 내가 어디 한 푼도 지들한테 주나 보라지. 이승 갈때도 모조리 싸들고 갈 테다. [SEP] 주변인들에 대한 불신이 매우 뿌리깊으시군요.,target_other,episode target is another person or group,침해 망상성 경계-보복 고착,negative,high,other,mixed,defend,"불신, 모욕감, 착취 위협, 재산 통제 집착이 결합된 공격적 방어의 결을 남겨야 한다.","단순한 서운함, 일반적 분노, 막연한 불안으로 순화하면 왜곡이다. 특히 장기 지속된 경계 고착과 보복적 통제 욕구를 빼면 안 된다.","주변인을 차단·의심하고, 자원 통제를 강화하며, 양보 대신 보복적 withholding(안 주기, 끝까지 쥐기)으로 간다. 관계 회복보다 착취 차단과 심리적 역공이 우선되는 상태다.",defend,other_blame_boundary,other_directed_defense,negative|high|other|mixed|defend|defend,"{""approach"": 0, ""confront"": 0, ""defend"": 1, ""inhibit"": 1, ""plan"": 0, ""repair"": 1, ""seek_support"": 0, ""withdraw"": 0}","{""loss_sadness"": 0, ""other_blame_boundary"": 2, ""planning_control"": 0, ""repair_gratitude"": 0, ""self_blame_guilt"": 0, ""threat_anxiety"": 0}"
s_002383,직장 상사가 신입 사원이 한 실수가 다 내 책임이라며 화를 내. [SEP] 직장 상사가 책임을 떠넘기셔 오히려 더 화가 나셨을 것 같아요. [SEP] 신입 사원의 실수인데 왜 내 책임으로 돌리는 거지? 난 정말 이해할 수가 없어. [SEP] 지금 상황을 해결할 방법이 있을까요? [SEP] 아무래도 직장 상사와 대화를 해 봐야겠어. [SEP] 상사와 대화를 해보려 하시는군요. 어떤 이야기를 할 생각이신가요?,target_other,episode target is another person or group,부당전가에 대한 공세적 항의 준비,negative,high,other,mixed,approach,"억울함, 부당성 인식, 경계가 풀리지 않은 공세적 긴장, 그리고 대면 의지가 함께 있다는 점","단순한 서운함이나 차분한 문제해결 모드로 순화하는 것, 이미 진정됐다고 왜곡하는 것","상사에게 책임 귀속의 부당함을 설명하고 정정 요구를 시도하는 쪽으로 간다. 감정 배출보다 사실관계 확인, 항의, 경계적 대면 행동으로 이어질 가능성이 높다.",confront,other_blame_boundary,approach_or_repair,negative|high|other|mixed|approach|confront,"{""approach"": 0, ""confront"": 2, ""defend"": 1, ""inhibit"": 0, ""plan"": 1, ""repair"": 0, ""seek_support"": 0, ""withdraw"": 0}","{""loss_sadness"": 0, ""other_blame_boundary"": 1, ""planning_control"": 1, ""repair_gratitude"": 0, ""self_blame_guilt"": 0, ""threat_anxiety"": 0}"
s_002456,동호회 사람 중 몇 사람이 나에 대해 악의적인 소문을 퍼뜨리고 있어. [SEP] 동호회 사람들이 악의적인 안 좋은 소문을 퍼뜨리고 있군요. 어떤 소문을 퍼뜨리고 있나요? [SEP] 마치 내가 모든 것을 마음대로 하고 회비도 횡령했다고 거짓말을 하고 있어. [SEP] 모든 것을 마음대로 하고 회비도 횡령했다고 거짓말을 하고 있군요. 어떻게 하는게 좋을까요? [SEP] 회계 장부를 보여줘야겠어. 사람들이 누구 말을 믿어야 할지 알 수 있을 거야. [SEP] 오해를 풀기 위해 동호회 사람들에게 회계 장부를 보여줄 생각이시군요.,target_other,episode target is another person or group,명예퍄손 위협에 대한 경계적 반격,negative,high,other,mixed,defend,"악의적 소문으로 인한 사회적 위협감, 높은 경계심, 그리고 증거 기반 반격 의도를 분명히 남겨야 한다.","단순 서운함, 속상함, 대화로 풀 수 있는 오해 수준으로 축소하면 왜곡이다. 이미 내부 처리는 '거짓 비난에 대한 방어전'으로 굳어져 있다.","평판 훼손을 그냥 견디기보다 사실 자료를 제시해 상대 주장을 깨고 집단의 판단을 자신 쪽으로 되돌리려는 성향이다. 대인적 친화나 회피보다 공개 검증, 해명, 반박, 신뢰 회복 행동으로 간다.",confront,other_blame_boundary,other_directed_defense,negative|high|other|mixed|defend|confront,"{""approach"": 0, ""confront"": 2, ""defend"": 0, ""inhibit"": 1, ""plan"": 1, ""repair"": 1, ""seek_support"": 0, ""withdraw"": 1}","{""loss_sadness"": 0, ""other_blame_boundary"": 1, ""planning_control"": 0, ""repair_gratitude"": 0, ""self_blame_guilt"": 0, ""threat_anxiety"": 1}"
s_000109,집에서 아들하고 대화하면 자기주장만 앞세우고 아버지에 대한 배려가 없어서 화가 나. [SEP] 아들의 태도에 불만이 있으시군요. [SEP] 나는 꼰대라고 생각을 안 하는데 아들은 나와 생각이 달라도 너무 다른 것 같아. [SEP] 아들의 생각은 물어보셨나요?,target_other,episode target is another person or group,권위위협에 대한 공세적 경계,negative,high,other,mixed,defend,단순 서운함이 아니라 권위와 존중이 침해됐다고 읽으며 방어적으로 날이 선 상태라는 점,"이를 단순한 세대차 공감, 가벼운 섭섭함, 또는 이미 대화 의지가 충분한 상태로 순화하는 것","상대의 관점을 탐색하기보다 자신의 정당성을 지키고, 아들의 태도를 교정하거나 반박하려는 방향으로 간다. 대화 행동으로는 설득, 훈계, 맞받아침, 관계 규범 요구가 우세하고, 공감적 접근은 약하다.",confront,other_blame_boundary,other_directed_defense,negative|high|other|mixed|defend|confront,"{""approach"": 1, ""confront"": 1, ""defend"": 0, ""inhibit"": 0, ""plan"": 0, ""repair"": 0, ""seek_support"": 0, ""withdraw"": 0}","{""loss_sadness"": 0, ""other_blame_boundary"": 3, ""planning_control"": 0, ""repair_gratitude"": 0, ""self_blame_guilt"": 0, ""threat_anxiety"": 1}"
s_000314,우리 가족이 나를 너무 구역질나게 해. [SEP] 가족 때문에 구역질 나는 일이 있나요? [SEP] 이제 중학생인 나에게 너무 공부만 강요해. [SEP] 중학생인데 너무 공부만 강요하는 가족 때문에 답답하시겠어요.,target_other,episode target is another person or group,강요에 대한 혐오성 방어 긴장,negative,high,other,low,defend,"혐오감, 압박감, 방어적 날카로움, 오래 지속되는 긴장이라는 결을 유지해야 한다.","단순한 '속상함'이나 '서운함'으로 약화하거나, 가족의 의도를 선하게 재해석해 갈등 강도를 희석하면 안 된다.","직접 순응하기보다 가족의 요구를 밀어내고, 언어적으로 날을 세우거나 정서적으로 거리를 두며, 통제에서 벗어나려는 반발 성향으로 간다.",defend,other_blame_boundary,other_directed_defense,negative|high|other|low|defend|defend,"{""approach"": 0, ""confront"": 0, ""defend"": 1, ""inhibit"": 0, ""plan"": 0, ""repair"": 0, ""seek_support"": 0, ""withdraw"": 0}","{""loss_sadness"": 0, ""other_blame_boundary"": 1, ""planning_control"": 0, ""repair_gratitude"": 0, ""self_blame_guilt"": 0, ""threat_anxiety"": 1}"
s_000393,이번에 복권에 당첨되었는데 고민이 생겼어. [SEP] 어떤 고민이신지 좀 더 자세하게 말씀해주시겠어요? [SEP] 복권에 당첨되었다는 사실을 알게 되면 모두 내 재산을 탐낼 것 같아. [SEP] 이 상황에서 벗어나려면 어떻게 해야 할까요? [SEP] 복권에 당첨된 사실을 잘 숨기고 아무한테도 말 안해야겠어. 잘 숨겨졌으면 좋겠어. [SEP] 복권에 당첨된 사실을 잘 숨길 수 있길 바라요.,target_other,episode target is another person or group,노출 위협에 대한 공세적 경계,negative,high,other,mixed,defend,"축하/설렘보다 타인에 대한 위협 예측, 불신, 은폐 충동이 중심이라는 점을 남겨야 한다.","단순한 행복한 고민, 가벼운 불안, 일반적 조심성 정도로 순화하면 안 된다.","정보 은폐, 타인 불신, 접근 차단, 선제적 방어 전략 채택으로 간다. 정서적으로는 불안만이 아니라 '들키면 바로 빼앗긴다'는 전제 아래 경계 태세를 유지하며 사회적 거리두기를 강화하는 성향이다.",defend,other_blame_boundary,other_directed_defense,negative|high|other|mixed|defend|defend,"{""approach"": 1, ""confront"": 0, ""defend"": 4, ""inhibit"": 0, ""plan"": 0, ""repair"": 0, ""seek_support"": 0, ""withdraw"": 0}","{""loss_sadness"": 0, ""other_blame_boundary"": 2, ""planning_control"": 0, ""repair_gratitude"": 0, ""self_blame_guilt"": 0, ""threat_anxiety"": 1}"
s_003414,얼마 전에 가장 친한 친구가 첫 출산을 했는데 내가 울었어. [SEP] 친구분의 출산에 깊이 감동하신 것 같아요. 어떤 감정이 드셨나요? [SEP] 초등학생 때부터 알던 친구라서 그런지 친구가 엄마가 되었다는 게 믿기지 않더라고. [SEP] 오랜 친구분이 엄마가 되었다는 사실에 감격하셨던 거로군요.,target_other,episode target is another person or group,경계가 섞인 감격,mixed,high,other,mixed,approach,"단순한 따뜻한 감동이 아니라, 가까운 사람의 삶 전환을 마주한 고각성·경계성 감격이라는 결을 남겨야 한다.","그냥 행복해서 운 것으로 순화하거나, 안정적 축하/포근함으로 덮어쓰면 왜곡이다.","상대에게 더 다가가고 의미를 확인하려는 성향이 있으나, 동시에 변화의 크기를 계속 곱씹으며 감정적으로 붙들리는 방향으로 간다. 축하와 접촉은 원하지만 내적으로는 '믿기지 않음'을 반복 확인하는 쪽이다.",approach,other_blame_boundary,approach_or_repair,mixed|high|other|mixed|approach|approach,"{""approach"": 2, ""confront"": 0, ""defend"": 0, ""inhibit"": 0, ""plan"": 1, ""repair"": 0, ""seek_support"": 0, ""withdraw"": 0}","{""loss_sadness"": 0, ""other_blame_boundary"": 1, ""planning_control"": 0, ""repair_gratitude"": 0, ""self_blame_guilt"": 0, ""threat_anxiety"": 0}"
s_002862,전 애인이 나랑 헤어지자마자 다른 사람을 사귀었어. 너무 배신감 들어. [SEP] 전 애인이 헤어지자마자 다른 사람을 사귀어서 많이 속상하셨겠네요. [SEP] 응. 마치 기다렸다는 듯이. 그 얘기 듣자마자 너무 화가 났어. [SEP] 화가 많이 나셨겠어요. 어떻게 하면 화가 좀 가라앉을 수 있을까요? [SEP] 친구들 만나서 스트레스나 풀어야겠어. [SEP] 친구들과 만나서 화도 가라앉고 스트레스도 다 풀렸으면 좋겠어요.,target_other,episode target is another person or group,배신 해석에 점화된 공세적 경계,negative,high,other,mixed,defend,"배신으로 읽힌 순간의 날카로움, 오래 지속되는 경계, 단순한 서운함이 아니라 공격성 섞인 방어 상태라는 점","그냥 속상함이나 미련으로 축소하는 것, 이미 가라앉은 감정처럼 포장하는 것, 위로 중심으로 재서술하는 것","상대를 좋게 해석하거나 접촉 회복하려는 쪽이 아니라, 배신 프레임을 유지한 채 분노를 외부로 배출하고 자기편 사람들과 뭉쳐 방어적으로 정리하려는 성향이다. 직접 대결 가능성도 있으나, transcript상 즉각적 행동은 친구들을 만나며 분노를 환기·배출하는 우회적 방출 쪽이다.",defend,other_blame_boundary,other_directed_defense,negative|high|other|mixed|defend|defend,"{""approach"": 1, ""confront"": 0, ""defend"": 1, ""inhibit"": 0, ""plan"": 1, ""repair"": 1, ""seek_support"": 0, ""withdraw"": 0}","{""loss_sadness"": 0, ""other_blame_boundary"": 3, ""planning_control"": 0, ""repair_gratitude"": 0, ""self_blame_guilt"": 0, ""threat_anxiety"": 0}"
s_000184,학교 폭력 가해자들이 강제 전학 가게 됐대. 너무 좋아. [SEP] 학교 폭력 가해자들이 다른 학교로 가게 되어서 기쁘시겠어요. [SEP] 이제까지 당한 걸 생각하면 정말 화나지만 사회 봉사 처분도 같이 받았다니 속이 시원해. [SEP] 나쁜 행동을 한 사람들이 마땅한 벌을 받아 속이 후련하시군요.,target_other,episode target is another person or group,응징 정당화에 따른 후련한 접근 흥분,mixed,high,other,mixed,approach,후련함의 중심이 단순 기쁨이 아니라 '가해자가 벌을 받았다'는 응징 만족이라는 결을 남겨야 한다.,이를 따뜻한 위로나 순한 안도감으로 바꾸면 왜곡이다. 기저의 분노 잔존과 공세적 긴장을 지우면 안 된다.,"가해자 처벌을 더 강하게 승인하고, 제재를 정당화하며, 피해-가해 구도를 분명히 말하려는 성향으로 간다. 공감적 중립보다 응징 지지, 도덕적 판정, 추가 처벌 승인 쪽으로 기울기 쉽다.",seek_support,other_episode,approach_or_repair,mixed|high|other|mixed|approach|seek_support,"{""approach"": 0, ""confront"": 0, ""defend"": 0, ""inhibit"": 0, ""plan"": 0, ""repair"": 0, ""seek_support"": 2, ""withdraw"": 0}","{""loss_sadness"": 0, ""other_blame_boundary"": 0, ""planning_control"": 0, ""repair_gratitude"": 0, ""self_blame_guilt"": 0, ""threat_anxiety"": 0}"
s_000179,남자 친구가 술이 취하니까 난폭해져. 너무 놀라고 무서웠어. [SEP] 남자 친구 때문에 많이 놀라셨겠어요. 조금 자세히 말해주시겠어요? [SEP] 평소에는 다정하고 온순한데 술을 먹고 난폭한 모습을 보니까 정말 실망했어. [SEP] 지금의 상황을 바꿀 수 있는 방법이 있나요? [SEP] 아무래도 남자 친구와 대화를 나눠봐야겠어. [SEP] 남편과의 진지한 얘기를 통해 알맞은 선택을 했으면 좋겠어요.,social_mixed,mixed social orientation needs appraisal-sensitive response,위협 경계 속 관계 재평가,negative,high,mixed,mixed,mixed,놀람과 무서움뿐 아니라 '가까운 사람에게서 위협을 감지해 신뢰가 흔들린 상태'라는 결을 유지해야 한다.,"단순한 서운함, 일시적 갈등, 가벼운 실망으로 순화하면 안 된다. 또한 high arousal을 곧바로 분노로 오독하지도 말아야 한다.","즉시 친밀 접근보다 안전 확인, 경계 유지, 상대 행동의 원인과 재발 가능성 점검, 그리고 관계 규칙을 재설정하는 쪽으로 간다. 회피만도 아니고 공격만도 아니며, 경계심을 유지한 채 대면적 해결을 시도하는 성향이다.",plan,other_blame_boundary,mixed_appraisal,negative|high|mixed|mixed|mixed|plan,"{""approach"": 1, ""confront"": 1, ""defend"": 1, ""inhibit"": 0, ""plan"": 2, ""repair"": 0, ""seek_support"": 0, ""withdraw"": 1}","{""loss_sadness"": 0, ""other_blame_boundary"": 1, ""planning_control"": 0, ""repair_gratitude"": 0, ""self_blame_guilt"": 0, ""threat_anxiety"": 1}"
s_000605,승무원이 되고 싶은데 내가 갈 수 있는 대학이 별로 없다고 해서 걱정이야. [SEP] 갈 수 있는 대학이 많지 않다는 얘기를 들어서 걱정하고 계시는군요. [SEP] 대학을 가지 못해서 승무원이 될 수 없을까 봐 불안해. [SEP] 많이 불안하시겠어요. 지금의 감정에서 벗어나기 위해 무엇을 할 수 있을까요? [SEP] 어느 부분이 부족한지 담임 선생님께 상담을 신청해야겠어. [SEP] 게임을 하면서 스트레스를 풀어 보려 하시는군요.,social_mixed,mixed social orientation needs appraisal-sensitive response,진로위협에 대한 공세적 불안,negative,high,situation,mixed,mixed,"진로 제한을 실제 위협으로 크게 읽고 있으며, 불안이 길게 지속되고 있다는 점","단순한 '걱정이 있네요' 수준으로 축소하거나, 이미 안정적으로 해결 의지가 생긴 상태처럼 과장하는 것","막연히 주저앉기보다 정보를 더 확인하고, 부족한 점을 점검하고, 외부 조언자에게 접근해 통제감을 회복하려는 성향으로 간다. 다만 기본 바닥은 불안이어서 행동도 차분한 계획이라기보다 위협 완화용 점검 행동에 가깝다.",plan,threat_anxiety,situation_focused_coping,negative|high|situation|mixed|mixed|plan,"{""approach"": 1, ""confront"": 0, ""defend"": 0, ""inhibit"": 0, ""plan"": 3, ""repair"": 1, ""seek_support"": 0, ""withdraw"": 0}","{""loss_sadness"": 0, ""other_blame_boundary"": 1, ""planning_control"": 0, ""repair_gratitude"": 0, ""self_blame_guilt"": 0, ""threat_anxiety"": 2}"
s_003143,팀 공모전에서 대상을 수상했어. [SEP] 축하드려요. 공모전 준비하느라 수고하셨어요. [SEP] 솔직히 대상을 수상할 줄 몰랐는데 공모전을 준비해온 과정을 돌이켜보면 눈물이 나. [SEP] 앞으로도 하시는 일 잘 되길 바랍니다.,social_mixed,mixed social orientation needs appraisal-sensitive response,예상 밖 성취로 인한 벅참-경계 혼합,mixed,high,mixed,mixed,mixed,"기쁜 사건인데도 내부 처리에서는 경계성 긴장과 놀람이 오래 남았다는 점, 그리고 벅참이 상당히 생생하다는 결을 유지해야 한다.","단순한 행복, 뿌듯함, 감동으로만 순화하면 왜곡이다. trace상 지속된 것은 편안한 만족이 아니라 높은 alarm을 동반한 고각성이다.","성과를 다시 되새기고 의미를 부여하며 타인과 공유하려는 접근 성향이 있으나, 동시에 감정이 너무 커서 차분한 기쁨보다는 울컥함·긴장·자기정리 쪽으로 기운다.",seek_support,other_blame_boundary,mixed_appraisal,mixed|high|mixed|mixed|mixed|seek_support,"{""approach"": 1, ""confront"": 0, ""defend"": 0, ""inhibit"": 0, ""plan"": 1, ""repair"": 0, ""seek_support"": 1, ""withdraw"": 0}","{""loss_sadness"": 0, ""other_blame_boundary"": 1, ""planning_control"": 0, ""repair_gratitude"": 0, ""self_blame_guilt"": 0, ""threat_anxiety"": 1}"
s_000807,요즘 부모님의 관계가 너무 안좋아서 슬퍼. [SEP] 부모님의 관계가 좋지않아 슬프시군요. [SEP] 내가 할 수 있는 일이 없어서 더욱 힘들어. [SEP] 좋지 않은 부모님의 관계를 위해 할 수 있는 일이 없어 속상하시군요.,social_mixed,mixed social orientation needs appraisal-sensitive response,무력한 경계-개입 충동,negative,high,situation,low,mixed,"슬픔이라는 표면 라벨보다, 높은 alarm과 지속적 공세적 긴장, 낮은 통제감, 개입 욕구의 막힘을 남겨야 한다.","단순한 우울, 순수한 체념, 혹은 잔잔한 공감 상태로 순화하면 왜곡이다. 또한 high arousal만 보고 분노로 단정하는 것도 피해야 한다.","직접 해결은 어렵다고 느끼면서도 상황을 계속 살피고, 개입 가능성을 찾고, 문제를 멈추게 하고 싶어 하는 성향으로 간다. 다만 통제감이 낮아 실제 행동은 적극 개입과 위축 사이를 오가며, 반복적 걱정·관계 감시·정서적 소진으로 이어질 가능성이 높다.",inhibit,other_blame_boundary,low_control_distress,negative|high|situation|low|mixed|inhibit,"{""approach"": 0, ""confront"": 0, ""defend"": 0, ""inhibit"": 1, ""plan"": 0, ""repair"": 0, ""seek_support"": 0, ""withdraw"": 0}","{""loss_sadness"": 1, ""other_blame_boundary"": 1, ""planning_control"": 0, ""repair_gratitude"": 0, ""self_blame_guilt"": 0, ""threat_anxiety"": 0}"
s_003331,약을 아무리 먹어도 병이 나을 생각을 안 하고 심해지기만 하네. 난 왜 이렇게 아픈 걸까? [SEP] 건강 악화로 인하여 마음이 불편하시군요. [SEP] 지금 하는 일도 제대로 할 수 없어 이러다 아무도 모르게 죽으면 어떡하나 두려워. [SEP] 기분을 전환할 수 있는 방법이 있을까요? [SEP] 지금 하는 일에 최선을 다하고 병도 나을 수 있다는 생각을 가져야겠지. [SEP] 건강이 회복되고 안정된 일을 할 수 있길 바랄게요.,social_mixed,mixed social orientation needs appraisal-sensitive response,질병 악화 기반의 공세적 불안 고착,negative,high,mixed,low,mixed,"병의 악화를 실질적 위협으로 읽고 있으며, 두려움이 단순 우울이 아니라 고각성 경계 상태로 오래 붙들려 있다는 점","희망적 문장이나 자기 다짐이 나왔다고 이미 안정되었다고 해석하는 것, 단순한 '걱정'이나 '마음이 불편함' 수준으로 축소하는 것","증상과 위험 신호를 계속 확인하고, 기능 상실·죽음 가능성을 상정하며, 해결책이나 통제감을 확보하려는 방향으로 간다. 겉으로는 조언 수용이나 다짐을 말할 수 있지만 실제 성향은 안심보다 경계 유지, 반복 점검, 생존 대비에 가깝다.",plan,other_blame_boundary,low_control_distress,negative|high|mixed|low|mixed|plan,"{""approach"": 0, ""confront"": 0, ""defend"": 1, ""inhibit"": 0, ""plan"": 3, ""repair"": 0, ""seek_support"": 0, ""withdraw"": 0}","{""loss_sadness"": 0, ""other_blame_boundary"": 1, ""planning_control"": 0, ""repair_gratitude"": 0, ""self_blame_guilt"": 0, ""threat_anxiety"": 1}"
s_002647,요실금을 오래 겪었더니 이제는 기저귀차는 일이 아무 감정 없어. [SEP] 기저귀를 차는 일에 이젠 감정도 없어질 정도로 익숙해지셨군요. [SEP] 처음에는 너무 비참했지. 내가 기저귀를 차게 되었다니 말이야. [SEP] 이런 현실을 극복하기 위해서 어떻게 하면 좋을까요? [SEP] 이제 기저귀는 일상이라고 생각하고 적응해야겠어. [SEP] 현실에 적응하면서 감정의 변화를 줄 수 있으면 좋겠어요.,social_mixed,mixed social orientation needs appraisal-sensitive response,체념 위에 남은 경계적 적응,negative,medium,mixed,mixed,mixed,"무감정=평온이 아니라 반복 노출 끝의 둔감화와 체념, 그리고 그 아래 남은 경계 신호를 유지해야 한다.","단순한 수용, 성숙한 적응, 담담한 회복 서사로 미화하면 왜곡이다. 또한 high arousal만 보고 분노로 단정하는 것도 피해야 한다.","감정을 크게 드러내기보다 현실 관리와 기능적 적응을 우선하려는 성향이 강하다. 다만 내면에서는 손상감과 경계가 남아 있어, 도움을 구하더라도 위로보다 해결책·통제감 회복을 원할 가능성이 높다.",defend,other_blame_boundary,mixed_appraisal,negative|medium|mixed|mixed|mixed|defend,"{""approach"": 0, ""confront"": 0, ""defend"": 1, ""inhibit"": 0, ""plan"": 0, ""repair"": 1, ""seek_support"": 1, ""withdraw"": 0}","{""loss_sadness"": 0, ""other_blame_boundary"": 1, ""planning_control"": 0, ""repair_gratitude"": 0, ""self_blame_guilt"": 0, ""threat_anxiety"": 0}"
s_003224,내가 배달하다가 오토바이 사고를 당했는데 다리를 못 쓸 거 같다고 해. [SEP] 사고를 당해서 다리를 못 쓸 것 같은 상황이라 아주 슬프시겠어요. [SEP] 좌절할 가족들을 생각하면 마음이 너무 아파서 이 상황을 어떻게 해야 할지 모르겠어. [SEP] 지금 상황에서 어떻게 하는 것이 가장 좋을까요? [SEP] 솔직하게 지금의 상황을 얘기하고 가족들의 도움을 받아야겠어. [SEP] 가족들에게 솔직히 말씀드려서 지금의 어려움이 한결 나아지길 바라요.,social_mixed,mixed social orientation needs appraisal-sensitive response,재난성 상실-경계 고착,negative,high,mixed,low,mixed,"단순한 슬픔이 아니라 신체 상실 가능성, 가족 부담, 통제력 붕괴가 겹친 고경계 위기 episode라는 결","위로 중심으로 순화해서 '많이 슬프다' 정도로 축소하거나, 이미 수용과 평온에 도달한 것처럼 왜곡하는 것","혼자 감당을 포기하고 즉시 상황 공유, 도움 요청, 현실 점검, 손실 관리로 이동하려는 경향이 강하다. 동시에 내면에서는 최악 시나리오를 붙들고 있어, 행동은 도움 요청 쪽이지만 정서는 여전히 경계와 압박에 묶여 있다.",seek_support,other_blame_boundary,low_control_distress,negative|high|mixed|low|mixed|seek_support,"{""approach"": 0, ""confront"": 0, ""defend"": 1, ""inhibit"": 0, ""plan"": 1, ""repair"": 0, ""seek_support"": 3, ""withdraw"": 0}","{""loss_sadness"": 1, ""other_blame_boundary"": 1, ""planning_control"": 0, ""repair_gratitude"": 0, ""self_blame_guilt"": 0, ""threat_anxiety"": 0}"
s_001582,어린 자녀의 마음을 헤아려주지 못했던 게 너무 후회돼. [SEP] 요즘은 자녀와 어떻게 지내시나요? [SEP] 지금은 서로 많이 멀어진 것 같아. [SEP] 자녀와 사이가 멀어졌나 보네요. [SEP] 자녀가 나와 대화를 나누려고 하지 않아. [SEP] 어린 자녀의 마음을 알아주지 못했던 것이 후회되고 현재 자녀와 대화가 없어 많이 속상하시겠어요.,social_mixed,mixed social orientation needs appraisal-sensitive response,후회 기반 관계위협 경계,negative,high,mixed,mixed,mixed,"후회 자체보다 관계 손상에 대한 경계, 자기책임, 지속적 긴장을 남겨야 한다.","그냥 슬프다거나 따뜻한 그리움으로 순화하면 왜곡이다. 이미 멀어졌고 대화가 끊겼다는 위협성과, 마지막까지 알람이 올라간 점을 지워선 안 된다.","자기비난을 품은 채 관계 단절 신호를 계속 스캔하고, 대화를 복구하려는 충동과 상처받지 않기 위한 방어가 동시에 작동하는 상태다. 즉 바로 접촉하고 싶지만 거절 가능성을 크게 읽어 긴장된 접근-주저가 반복될 가능성이 높다.",defend,other_blame_boundary,mixed_appraisal,negative|high|mixed|mixed|mixed|defend,"{""approach"": 1, ""confront"": 1, ""defend"": 2, ""inhibit"": 0, ""plan"": 0, ""repair"": 1, ""seek_support"": 0, ""withdraw"": 0}","{""loss_sadness"": 0, ""other_blame_boundary"": 1, ""planning_control"": 0, ""repair_gratitude"": 0, ""self_blame_guilt"": 1, ""threat_anxiety"": 1}"
s_000008,재정적으로 너무 어려워서 좌절감이 들어. [SEP] 어떻게 어려우신데요? [SEP] 고정적인 수입도 없고 노후준비도 안 되어 있어. [SEP] 아 그러시면 고민이 많으시겠네요. [SEP] 어떻게 해야 할지 모르겠어요. [SEP] 도움을 요청하실 곳은 없나요?,social_mixed,mixed social orientation needs appraisal-sensitive response,재정 위협에 대한 장기 경계성 좌절,negative,high,situation,low,mixed,재정적 위협이 단순한 우울 호소가 아니라 장기 경계와 무력감이 결합된 상태라는 점,그냥 위로가 필요하거나 '고민이 많겠다' 수준의 약한 정서로 축소하는 것,"즉각적 공격보다 문제를 어떻게든 통제하려는 압박, 해결책 탐색, 도움 요청 가능성 탐색으로 기울지만, 체감 통제감이 낮아 행동은 쉽게 주저하거나 막막함으로 끊길 수 있다.",seek_support,other_blame_boundary,low_control_distress,negative|high|situation|low|mixed|seek_support,"{""approach"": 0, ""confront"": 1, ""defend"": 0, ""inhibit"": 0, ""plan"": 0, ""repair"": 0, ""seek_support"": 2, ""withdraw"": 1}","{""loss_sadness"": 0, ""other_blame_boundary"": 1, ""planning_control"": 0, ""repair_gratitude"": 0, ""self_blame_guilt"": 0, ""threat_anxiety"": 1}"
s_000211,엄마가 재혼하신대. 새아빠가 생기는 것은 좋지만 한편으로 걱정돼. [SEP] 새아빠가 생기는 것이 좋으면서도 걱정되시는군요. [SEP] 엄마는 내가 싫으면 재혼하지 않으신대. 내 마음을 나도 모르겠고 너무 우유부단해진 것 같아. [SEP] 예전에 이처럼 마음을 잘 모를 때는 어떻게 하셨나요? [SEP] 다이어리에 좋은 점과 싫은 점에 대해 적어놓고 충분히 고민하는 시간을 가졌었어. [SEP] 이번에도 충분히 고민하는 시간을 가져 후회 없는 선택을 하시길 바라요.,social_mixed,mixed social orientation needs appraisal-sensitive response,기대와 경계가 엉킨 가족재편 불안,mixed,high,mixed,mixed,mixed,"좋아함이 있어도 내부 주도권은 경계와 부담이 쥐고 있다는 점, 그리고 우유부단함이 단순 성격 문제가 아니라 선택 책임 때문에 강화된 상태라는 점","그냥 설레면서 조금 불안한 정도로 순화하는 것, 혹은 가족을 반대하는 감정으로 단순화하는 것","즉시 찬성이나 거절로 움직이기보다, 관계 변화를 세밀하게 따져보고 자기감정을 확인한 뒤 판단하려는 신중한 보류로 간다. 다만 접근 신호도 높아서 완전 회피가 아니라 '가까이 가고 싶지만 안전성 검토를 먼저 하는' 탐색적 접근 성향이 강하다.",plan,other_blame_boundary,mixed_appraisal,mixed|high|mixed|mixed|mixed|plan,"{""approach"": 1, ""confront"": 0, ""defend"": 1, ""inhibit"": 1, ""plan"": 2, ""repair"": 0, ""seek_support"": 0, ""withdraw"": 1}","{""loss_sadness"": 0, ""other_blame_boundary"": 1, ""planning_control"": 0, ""repair_gratitude"": 0, ""self_blame_guilt"": 0, ""threat_anxiety"": 1}"
s_003249,아파서 입원했는데 자식들은 들여다보지도 않아. 내가 돈이 없어서 그런가 봐. [SEP] 자식들이 병문안을 오지 않아 많이 속상하시겠어요. [SEP] 다 자식들 키우느라 돈이 들어간 건데 더 받을 궁리만 하고 도리는 하지 않아. [SEP] 자녀들이 도리를 하지 않아 마음이 아픈 상황을 변화시키기 위해서 어떤 걸 시도해볼 수 있을까요? [SEP] 없어. 이제 그냥 체념했어. [SEP] 할 수 있는 일이 없다고 느껴지시는군요. 사용자님께 위로가 되고 싶어요.,social_mixed,mixed social orientation needs appraisal-sensitive response,배신감이 굳어진 체념성 원망,negative,high,mixed,low,mixed,"서운함보다 강한 배신감, 도리 위반에 대한 도덕적 분노, 그리고 결국 아무것도 바뀌지 않는다는 체념을 함께 남겨야 한다.",단순 외로움이나 우울감만으로 축소하면 왜곡된다. 또한 이미 지속된 경계/원망을 무시하고 '대화해보자' 수준의 낙관적 해결 가능성으로 포장하면 안 된다.,"직접적 화해나 도움 요청보다는 관계 철회, 냉소적 단정, 도덕적 비난 유지 쪽으로 간다. 겉으로는 포기하지만 내부적으로는 '도리를 안 한 사람들'이라는 판정을 고정해 두는 성향이 강하다.",seek_support,other_blame_boundary,low_control_distress,negative|high|mixed|low|mixed|seek_support,"{""approach"": 0, ""confront"": 1, ""defend"": 0, ""inhibit"": 0, ""plan"": 0, ""repair"": 1, ""seek_support"": 2, ""withdraw"": 1}","{""loss_sadness"": 0, ""other_blame_boundary"": 1, ""planning_control"": 0, ""repair_gratitude"": 0, ""self_blame_guilt"": 0, ""threat_anxiety"": 0}"
s_001952,아내와 어제 또 다퉜어. 아내는 다른 사람과 재혼할 기회가 생기면 나와 이혼 할 거야. [SEP] 아내와 다퉈서 속상하셨겠군요. [SEP] 점점 다투는 날이 많아지는 것 같아 그럴 때마다 너무 힘들어. [SEP] 부부관계의 어려움을 느끼고 계시는군요. 어떻게 하면 지금의 상황을 변화시킬 수 있을까요? [SEP] 부부 상담을 받아봐야 될 것 같아. [SEP] 부부 상담으로 현재 상황이 잘 풀렸으면 좋겠어요.,social_mixed,mixed social orientation needs appraisal-sensitive response,관계위협에 대한 경계적 긴장 고착,negative,high,mixed,mixed,mixed,"반복 갈등이 관계 상실 위협으로 읽히며, 불안과 경계가 오래 고착된 상태라는 점","그냥 속상함이나 단순 부부 갈등 스트레스로 축소하는 것, 혹은 상담 의지 때문에 이미 안정된 것으로 과장하는 것","관계를 확인하고 통제하려는 시도, 문제 해결 수단을 찾으려는 접근, 동시에 상처와 위협에 대비해 방어적으로 예민해지는 경향이 함께 간다. 대화나 상담 같은 개입을 찾을 수는 있으나 정서 바닥은 불안-경계 쪽이라 쉽게 안심하지 못한다.",defend,threat_anxiety,mixed_appraisal,negative|high|mixed|mixed|mixed|defend,"{""approach"": 1, ""confront"": 0, ""defend"": 2, ""inhibit"": 0, ""plan"": 2, ""repair"": 0, ""seek_support"": 1, ""withdraw"": 0}","{""loss_sadness"": 0, ""other_blame_boundary"": 1, ""planning_control"": 0, ""repair_gratitude"": 0, ""self_blame_guilt"": 0, ""threat_anxiety"": 2}"
s_000321,수술하는 의사가 되고 싶었는데 손을 심하게 다쳐버렸어. 영영 낫지 못할 것 같아서 슬퍼. [SEP] 의사가 되고 싶은데 손을 다쳐서 너무 속상하시겠어요. [SEP] 아픈 사람들을 수술로 치료해주고 싶었는데 손을 다쳐서 그러지 못할 것 같아. 절망스러워. [SEP] 많이 힘드시겠어요. 앞으로 어떻게 하는 것이 좋을까요? [SEP] 치료에 전념하면서 선생님과도 진로 상담을 해보고 싶어. [SEP] 꾸준한 치료와 진로 상담으로 마음을 잘 극복하길 바라요.,social_mixed,mixed social orientation needs appraisal-sensitive response,절망 위에 얹힌 경계성 각성,negative,high,mixed,low,mixed,"꿈의 붕괴 가능성을 위협으로 크게 읽고, 슬픔보다 경계와 긴장이 오래 지속된 점을 반드시 남겨야 한다.",그냥 '많이 속상한 상태'나 '차분히 진로 상담하면 되는 상태'로 순화하면 왜곡이다. 실제 내부 처리는 안정적 위로 수용보다 미해결 위협 지속에 가깝다.,"주저앉는 순수 무기력보다는, 상실을 계속 붙잡고 가능 경로를 확인하거나 대안을 찾으려는 긴장된 대응 성향이 남아 있다. 다만 통제감이 낮아 탐색이 안정적 계획보다 초조한 확인·반복 사고로 흐를 위험이 크다.",plan,other_blame_boundary,low_control_distress,negative|high|mixed|low|mixed|plan,"{""approach"": 0, ""confront"": 0, ""defend"": 0, ""inhibit"": 0, ""plan"": 3, ""repair"": 0, ""seek_support"": 0, ""withdraw"": 0}","{""loss_sadness"": 0, ""other_blame_boundary"": 1, ""planning_control"": 0, ""repair_gratitude"": 0, ""self_blame_guilt"": 0, ""threat_anxiety"": 0}"
s_000721,매일 같은 옷 입는 게 이상해 보일까? [SEP] 지저분하지만 않다면 같은 옷이라도 상관없을 것 같아요. [SEP] 나도 다른 친구들처럼 꾸미고 싶은데 생활비 빼고 나면 양말 살 돈도 남질 않아. [SEP] 주변의 친구들이 옷보단 내면의 모습을 더욱 중요하게 볼 거 같습니다. [SEP] 정말 그랬으면 좋겠어. 나는 친구들에게 좋은 모습을 보여주려고 노력하고 있어. [SEP] 친구들도 그 모습을 보며 지내려고 할 거예요.,social_mixed,mixed social orientation needs appraisal-sensitive response,결핍 기반 사회적 경계와 체면 방어,negative,high,mixed,low,mixed,"경제적 결핍이 사회적 평가 위협으로 번역되며, 위로를 받아도 긴장이 꺼지지 않는 결을 남겨야 한다.","단순한 패션 고민, 소박한 걱정, 혹은 이미 친구들의 이해를 믿는 안정 상태로 순화하면 왜곡이다.","타인의 시선을 계속 의식하며 외형 결핍을 최소화해 보이려 하고, 인정받을 만한 '좋은 모습'을 과잉 관리하려는 성향으로 간다. 즉 회피만도 아니고 공격만도 아니며, 경계 속에서 체면을 방어하고 관계에서 탈락하지 않으려는 사회적 자기관리 쪽이다.",defend,other_blame_boundary,low_control_distress,negative|high|mixed|low|mixed|defend,"{""approach"": 0, ""confront"": 1, ""defend"": 3, ""inhibit"": 0, ""plan"": 0, ""repair"": 1, ""seek_support"": 0, ""withdraw"": 1}","{""loss_sadness"": 0, ""other_blame_boundary"": 2, ""planning_control"": 0, ""repair_gratitude"": 0, ""self_blame_guilt"": 0, ""threat_anxiety"": 0}"
s_003078,어제 가족들이랑 크게 다퉜어. 내가 예고 가고 싶다고 했더니 헛바람 들었다고 안 된다고 하더라고. [SEP] 저런. 진로 문제로 가족과 다투다니 많이 속상하시겠어요. [SEP] 가난한데 예고를 어떻게 가냐고 포기하래. 아무도 날 이해해주지 않네. 결국 인문계를 가야 하나. [SEP] 진로 문제로 고민이 많으시겠군요.,social_mixed,mixed social orientation needs appraisal-sensitive response,이해받지 못한 진로 좌절의 공세적 긴장,negative,high,mixed,mixed,mixed,"억울함, 경계심, 진로 차단감, 이해받지 못했다는 날것의 결을 남겨야 한다.",단순 위로형 '속상함'이나 잔잔한 고민으로 축소하면 안 된다. 또한 high arousal을 곧장 순수 분노로 단정하는 것도 왜곡이다.,"자기 선택을 설명하거나 밀어붙이고 싶은 접근 성향이 남아 있지만, 동시에 현실 장벽 때문에 물러서며 대안을 체념적으로 검토하는 방향으로 간다. 즉 행동 성향은 '항변/정당화'와 '불가피한 후퇴 검토'가 같이 걸린 상태다.",withdraw,other_blame_boundary,mixed_appraisal,negative|high|mixed|mixed|mixed|withdraw,"{""approach"": 1, ""confront"": 0, ""defend"": 0, ""inhibit"": 0, ""plan"": 1, ""repair"": 0, ""seek_support"": 0, ""withdraw"": 1}","{""loss_sadness"": 0, ""other_blame_boundary"": 1, ""planning_control"": 0, ""repair_gratitude"": 0, ""self_blame_guilt"": 0, ""threat_anxiety"": 1}"
s_001621,친구하고 통화를 해야 하는데 좀 조심스럽네. [SEP] 친구에게 조심스럽게 전해야 할 말씀이 있는 거예요? [SEP] 친구가 폐암 검사를 했다고 했어. 결과를 알려주기로 했는데 연락이 없길래 먼저 물어봐도 되나 싶어. [SEP] 친구의 건강이 걱정되니 조심스러우시겠어요. 다른 소식을 들은 친구는 없나요?,social_mixed,mixed social orientation needs appraisal-sensitive response,걱정 기반의 조심스러운 확인 충동,negative,high,mixed,mixed,mixed,걱정 자체보다 '위중할 수 있는 상황을 건드릴까 봐 경계하면서도 확인 충동이 강한 상태'라는 결을 유지해야 한다.,"단순한 배려심, 잔잔한 걱정, 따뜻한 공감 정도로 순화하면 왜곡된다. 내부 상태는 꽤 높은 alarm과 지속 긴장이다.","즉각적인 감정 표출보다는 문구를 조절해 먼저 확인하려는 행동으로 간다. 다만 행동 성향은 순수한 위로보다 위험 최소화형 접근으로, 상대 반응을 건드리지 않도록 간접적이고 탐색적인 연락을 택할 가능성이 높다.",approach,threat_anxiety,mixed_appraisal,negative|high|mixed|mixed|mixed|approach,"{""approach"": 2, ""confront"": 0, ""defend"": 0, ""inhibit"": 1, ""plan"": 1, ""repair"": 0, ""seek_support"": 0, ""withdraw"": 0}","{""loss_sadness"": 0, ""other_blame_boundary"": 0, ""planning_control"": 1, ""repair_gratitude"": 0, ""self_blame_guilt"": 0, ""threat_anxiety"": 1}"
s_001815,결혼한 지 좀 됐는데 앞으로가 너무 막막하고 이런 내가 안타까워. [SEP] 미래에 대한 불안감을 가지고 계시는군요. [SEP] 매일 직장과 집을 반복하며 돈만 벌고 있어. 삶의 의욕이 없어서 슬퍼. [SEP] 지금의 감정이 해소되기 위한 방법으로는 어떤 것이 있을까요? [SEP] 유튜브를 통해서라도 진정 내가 하고 싶은 일을 찾아봐야겠어. [SEP] 유튜브를 통해서 하고 싶으신 일을 찾길 바랄게요.,social_mixed,mixed social orientation needs appraisal-sensitive response,막막함 기반의 경계성 불안-추진 혼합,mixed,high,mixed,mixed,mixed,"막막함, 경계 지속, 무기력 속에서도 억지로 출구를 찾으려는 방어적 추진을 그대로 남겨야 한다.","단순한 슬픔, 잔잔한 우울, 이미 희망을 찾은 상태로 순화하면 왜곡이다. stable_convergence를 해소 완료로 번역하면 안 된다.","현상 유지에 눌려 가만히 있기보다, 당장 작은 탐색 행동이라도 통해 출구를 만들려는 경향이 강하다. 다만 이 행동은 편안한 희망 기반이 아니라 막막함을 견디기 위한 방어적 탐색에 가깝다.",defend,other_blame_boundary,mixed_appraisal,mixed|high|mixed|mixed|mixed|defend,"{""approach"": 0, ""confront"": 0, ""defend"": 1, ""inhibit"": 1, ""plan"": 0, ""repair"": 0, ""seek_support"": 0, ""withdraw"": 0}","{""loss_sadness"": 0, ""other_blame_boundary"": 1, ""planning_control"": 0, ""repair_gratitude"": 0, ""self_blame_guilt"": 0, ""threat_anxiety"": 1}"
s_003409,며느리가 우울증이어서 혹시나 신경을 건드릴까 봐 불안해. [SEP] 며느리가 신경쓰이고 불안하시군요. 좀 더 말씀해주세요. [SEP] 계속 눈치 보니 스트레스받아. [SEP] 어떻게 하면 눈치를 봐서 스트레스받는 감정에서 벗어날 수 있을까요? [SEP] 며느리한테 너무 눈치 보인다고 말해봐야겠어. [SEP] 며느리와 말씀 잘 나누길 바랄게요.,social_mixed,mixed social orientation needs appraisal-sensitive response,눈치 기반 경계-대응 긴장,negative,high,mixed,mixed,mixed,"불안, 경계, 눈치, 스트레스, 그리고 끝내 말해보려는 압박된 접근성을 함께 남겨야 한다.","이를 단순한 배려심, 잔잔한 걱정, 혹은 순수한 우울 공감으로 순화하면 안 된다. 내부 처리는 훨씬 더 날카롭고 지속적인 경계 상태다.","계속 눈치를 보며 경계하다가, 한계가 오면 상대에게 직접 불편을 말해 관계 규칙을 재조정하려는 방향으로 간다. 즉 회피만이 아니라 압박된 상태에서의 조심스러운 대면·표현 성향이다.",defend,other_blame_boundary,mixed_appraisal,negative|high|mixed|mixed|mixed|defend,"{""approach"": 1, ""confront"": 0, ""defend"": 1, ""inhibit"": 0, ""plan"": 0, ""repair"": 0, ""seek_support"": 0, ""withdraw"": 1}","{""loss_sadness"": 0, ""other_blame_boundary"": 1, ""planning_control"": 0, ""repair_gratitude"": 0, ""self_blame_guilt"": 0, ""threat_anxiety"": 1}"
s_001242,어머니가 너무 공부하는 것에 시시콜콜 간섭하셔. [SEP] 어머니가 공부에 간섭하셔서 기분이 언짢으시군요. [SEP] 어머니가 너무 간섭하니까 내 공부 방식이 잘못된 것 같아서 오히려 하기 싫어져. [SEP] 이런 상황에서 할 수 있는 게 어떤 것이 있을까요? [SEP] 솔직하게 말씀드려야겠어. 그래도 시도는 해봐야지. [SEP] 어머니와의 대화로 현재 상황이 잘 해결되길 바라요.,social_mixed,mixed social orientation needs appraisal-sensitive response,방식 침해에 따른 공세적 반발,negative,high,mixed,mixed,mixed,"간섭을 자율성 침해로 읽은 점, 불쾌감보다 공세적 긴장과 반발이 오래 지속된 점, 자기 의심이 동시에 붙은 혼합 상태를 남겨야 한다.","그냥 '속상함'이나 '대화 의지'로 순화하면 왜곡이다. 이미 내부에서는 장시간 경계가 유지됐고, 해결보다 대응 준비 쪽으로 수렴했다는 점을 지워선 안 된다.","계속 참고 있기보다는 경계심을 유지한 채 직접 말하고 경계를 설정하려는 쪽으로 간다. 다만 자기 의심이 섞여 있어 정면 대치와 주저가 함께 존재하는, 방어적 접근 행동 성향이다.",defend,other_blame_boundary,mixed_appraisal,negative|high|mixed|mixed|mixed|defend,"{""approach"": 1, ""confront"": 0, ""defend"": 2, ""inhibit"": 1, ""plan"": 0, ""repair"": 0, ""seek_support"": 1, ""withdraw"": 0}","{""loss_sadness"": 0, ""other_blame_boundary"": 2, ""planning_control"": 0, ""repair_gratitude"": 0, ""self_blame_guilt"": 0, ""threat_anxiety"": 0}"
s_003022,요즘 우울증인지 부쩍 이유 없이 며느리에게 화내고 짜증내는 일이 잦아진 것 같아. [SEP] 며느리에게 감정적으로 대하는 빈도가 잦아졌군요. [SEP] 감정기복이 심해지고 뒤돌아서면 그러지 말아야지 하는데 매번 그러기가 쉽지가 않아. [SEP] 이 상황이 좋아지기 위해서는 어떻게 해야 할까요? [SEP] 며느리가 더 오해하기 전에 오늘은 따뜻한 마음을 담은 문자 한 통을 보내보려고 해. [SEP] 따뜻한 문자 한 통을 받고 며느리 분의 마음이 풀렸으면 좋겠어요.,social_mixed,mixed social orientation needs appraisal-sensitive response,자기경계가 섞인 공세적 긴장,negative,high,mixed,mixed,mixed,"반성은 있지만 실제 내부 상태는 따뜻함보다 긴장과 경계가 더 강하다는 점, 그리고 통제 실패에 대한 자기경계가 핵심이라는 점","단순히 우울해서 예민해졌다고 축소하거나, 이미 마음이 풀리는 방향으로 안정되었다고 미화하는 것","관계를 바로잡기 위해 먼저 접촉하고 수습하려는 경향이 있으나, 그 바닥에는 예민함과 방어적 날카로움이 남아 있어 재자극 시 다시 짜증·비난으로 튈 가능성이 있다. 즉 '사과/수습하려는 접근'과 '건드리면 다시 날카로워지는 방어'가 같이 간다.",confront,other_blame_boundary,mixed_appraisal,negative|high|mixed|mixed|mixed|confront,"{""approach"": 1, ""confront"": 1, ""defend"": 1, ""inhibit"": 0, ""plan"": 0, ""repair"": 1, ""seek_support"": 0, ""withdraw"": 0}","{""loss_sadness"": 0, ""other_blame_boundary"": 2, ""planning_control"": 0, ""repair_gratitude"": 0, ""self_blame_guilt"": 0, ""threat_anxiety"": 1}"
s_001992,남편이 귀 한 쪽이 안 들린다는 사실을 십 년 만에 알게 되어서 너무 자괴감이 들어. [SEP] 뒤늦게 사실을 알게 되어 많이 힘드신 것 같아요. [SEP] 남편이 여태 숨기고 있었다는 사실도 원망스러운데 십 년 동안 그걸 몰랐다는 게 너무 미안해. [SEP] 남편과 겪고 계신 어려운 마음을 해소할 방법이 있을까요? [SEP] 앞으로는 이런 일이 없도록 남편과 서로의 비밀을 다 털어놔야겠어. [SEP] 남편과의 대화를 통해 다음번엔 이런 일이 일어나지 않길 바라요.,guilt_self_blame,"guilt, shame, self-blame, or repair tendency",자기비난이 섞인 경계적 배신 충격,negative,high,mixed,mixed,defend,"단순한 슬픔이나 미안함이 아니라, 배신감-경계심-자기비난이 함께 묶인 상태라는 점을 남겨야 한다.",따뜻한 위로나 관계 회복 희망만 앞세워 내부 상태를 순화하면 안 된다. 실제 처리축은 안정된 공감이 아니라 오래 지속된 경계와 통제 회복 욕구다.,"관계를 끊기보다 상대에게 설명과 공개를 요구하고, 관계 내 정보 비대칭을 줄이는 규칙을 세우려는 방향이다. 동시에 자기 쪽으로는 오래 못 알아챈 책임을 강하게 떠안는 자기비난이 동반된다.",confront,other_blame_boundary,mixed_appraisal,negative|high|mixed|mixed|defend|confront,"{""approach"": 0, ""confront"": 2, ""defend"": 0, ""inhibit"": 0, ""plan"": 0, ""repair"": 0, ""seek_support"": 0, ""withdraw"": 1}","{""loss_sadness"": 0, ""other_blame_boundary"": 2, ""planning_control"": 0, ""repair_gratitude"": 0, ""self_blame_guilt"": 1, ""threat_anxiety"": 0}"
s_002299,자식들이 결혼하면 주려고 모으던 돈을 내 치료비로 쓰게 되니 너무 슬프고 눈물이 나. [SEP] 자식들에 대한 마음에 많이 슬프시겠어요. [SEP] 내가 그린 인생의 그림이 병 때문에 망가졌어. [SEP] 지금 느끼는 감정에서 벗어나려면 어떻게 하면 좋을까요? [SEP] 아직 아이들이 어리니까 빨리 병을 낫게 해서 돈을 모아야겠어. [SEP] 아내와 대화가 잘 풀리셨으면 좋겠어요.,guilt_self_blame,"guilt, shame, self-blame, or repair tendency",상실 위기 속 만회 압박,negative,high,mixed,mixed,defend,"단순한 슬픔이 아니라 계획 붕괴, 책임 위협, 만회 압박이 결합된 날선 긴장감을 반드시 유지해야 한다.","그냥 자녀를 사랑해서 슬픈 상태, 혹은 차분한 희망 회복 서사로 순화하면 안 된다. 실제 내부 처리는 상실 뒤 즉시 자기책임과 회복 압박으로 경직된 상태다.","정서적으로는 울고 상실을 느끼지만, 행동 성향은 애도보다 회복·수습·만회 쪽으로 기울어 있다. 쉬거나 감정을 소화하기보다 병을 빨리 낫게 하고 경제적 손실을 복구하려는 압박성 대응으로 갈 가능성이 높다.",repair,threat_anxiety,mixed_appraisal,negative|high|mixed|mixed|defend|repair,"{""approach"": 0, ""confront"": 0, ""defend"": 0, ""inhibit"": 0, ""plan"": 1, ""repair"": 2, ""seek_support"": 0, ""withdraw"": 0}","{""loss_sadness"": 1, ""other_blame_boundary"": 0, ""planning_control"": 0, ""repair_gratitude"": 0, ""self_blame_guilt"": 0, ""threat_anxiety"": 1}"
s_001417,소득이 감소해 자녀에게 용돈을 받아쓰는 내 신세가 안쓰러워. [SEP] 소득 감소로 자녀에게 용돈을 받아쓰는 게 힘드신가 보군요. [SEP] 나도 한때는 남부럽지 않게 벌었는데 나이가 들수록 경제적으로 힘들어져 처량하고 슬퍼져. [SEP] 좋은 해결방안은 없을까요? [SEP] 가까운 구청에 가서 일자리가 없는지 물어볼 예정이야. [SEP] 구청에서 좋은 일자리를 찾으실 수 있었으면 좋겠어요.,guilt_self_blame,"guilt, shame, self-blame, or repair tendency",처지 위축 속 해결 압박,negative,high,mixed,mixed,approach,"슬픔만이 아니라 자존감 손상, 의존 상태에 대한 수치심성 위축, 그리고 그로 인한 해결 압박을 함께 남겨야 한다.",이를 단순한 '서운함'이나 '잔잔한 우울'로 순화하면 안 된다. 반대로 high arousal만 보고 분노로 오독하는 것도 피해야 한다.,"자기연민에 머무르기보다 체면 손상을 만회하려고 일자리나 제도적 도움을 찾는 쪽으로 나아간다. 다만 동력의 바탕은 희망보다 압박과 불안이어서, 행동은 차분한 계획형보다 다급한 복구 시도에 가깝다.",repair,other_episode,approach_or_repair,negative|high|mixed|mixed|approach|repair,"{""approach"": 0, ""confront"": 0, ""defend"": 0, ""inhibit"": 0, ""plan"": 1, ""repair"": 1, ""seek_support"": 1, ""withdraw"": 0}","{""loss_sadness"": 0, ""other_blame_boundary"": 0, ""planning_control"": 0, ""repair_gratitude"": 0, ""self_blame_guilt"": 0, ""threat_anxiety"": 0}"
s_003148,박 과장이 나한테 모욕적인 말을 해서 나도 화가 나서 불만을 말했어. [SEP] 모욕적인 말을 들어서 화가 많이 나고 속상하셨겠어요. [SEP] 맞아. 그런데 박 과장한테 나도 불만을 토로하니까 내일 회사에 가서 눈치가 보일 것 같아. [SEP] 회사 생활을 잘 이어가기 위해서 어떻게 하면 좋을까요? [SEP] 나는 모욕적인 언사에 대해서 정당하게 불만을 토로한 것이니 눈치 보지 말고 당당하게 있어야겠어. [SEP] 실력이 늘어서 나이가 많아도 계속 일할 수 있길 바라요.,guilt_self_blame,"guilt, shame, self-blame, or repair tendency",정당화된 맞대응 뒤 경계성 긴장,negative,high,mixed,mixed,defend,"억울함에 대한 자기정당화, 관계 후폭풍에 대한 경계, 그리고 물러서지 않으려는 방어적 공세를 함께 남겨야 한다.",단순히 '화가 났지만 잘 정리됐다'거나 '상처받았으니 위로가 필요하다' 정도로 순화하면 왜곡이다. 또한 이를 순수 분노로만 환원하는 것도 부정확하다.,"사과하거나 철회하기보다 자신의 대응을 정당한 것으로 유지하면서, 내일 대면 상황에서 체면과 입장을 방어하려는 성향이 강하다. 즉 후퇴보다는 경계 속 버티기, 필요시 재주장 가능성이 높다.",defend,other_blame_boundary,mixed_appraisal,negative|high|mixed|mixed|defend|defend,"{""approach"": 0, ""confront"": 0, ""defend"": 2, ""inhibit"": 1, ""plan"": 1, ""repair"": 1, ""seek_support"": 0, ""withdraw"": 1}","{""loss_sadness"": 0, ""other_blame_boundary"": 1, ""planning_control"": 0, ""repair_gratitude"": 0, ""self_blame_guilt"": 0, ""threat_anxiety"": 1}"
s_000787,여자친구가 전화를 안 받아. 내가 피시방에서 게임 하다가 여자친구와의 약속 시각에 늦었거든. [SEP] 약속을 어겨서 여자친구가 화가 난 것 같군요. 걱정되시겠어요. [SEP] 피시방에 간 것이 너무 후회돼. 여자친구의 화를 풀어주고 싶어. [SEP] 여자 친구의 화를 풀어줄 방법이 뭐가 있을까요? [SEP] 만나서 싹싹 빌어야지. 앞으로는 절대 약속을 잊지 않을 거야. [SEP] 여자친구의 화가 풀렸으면 좋겠어요.,guilt_self_blame,"guilt, shame, self-blame, or repair tendency",불안이 섞인 관계복구 집착,negative,high,mixed,mixed,approach,"자기 과실 인식, 관계 손상 위협, 높은 불안, 그리고 사과/복구로 몰리는 조급한 접근성을 그대로 유지해야 한다.",이를 단순한 '미안함'이나 부드러운 걱정 정도로 축소하면 왜곡이다. 또 고각성 상태를 곧바로 분노로 오독하는 것도 피해야 한다.,"상대에게 다시 연락하고, 만나서 직접 사과하고, 책임을 인정하며 관계를 복구하려는 행동으로 밀어붙이는 성향이다. 다만 이 접근은 차분한 설득보다 조급하고 매달리는 형태로 나타날 가능성이 높다.",approach,threat_anxiety,approach_or_repair,negative|high|mixed|mixed|approach|approach,"{""approach"": 3, ""confront"": 1, ""defend"": 0, ""inhibit"": 0, ""plan"": 0, ""repair"": 2, ""seek_support"": 0, ""withdraw"": 0}","{""loss_sadness"": 0, ""other_blame_boundary"": 0, ""planning_control"": 0, ""repair_gratitude"": 1, ""self_blame_guilt"": 0, ""threat_anxiety"": 1}"
s_001498,딸에게 생활비를 받아쓰니 아비로써 도움이 되지도 못하고 짐만 되니 미안하고 괴로워. [SEP] 자녀분께 생활비를 받으시는 것에 미안함을 느끼고 계시군요. [SEP] 젊은 날 도박으로 빚 갚느라 노후준비를 못 했어. 자식에게 짐만 되니 벌 받는 인생 같아. [SEP] 지금의 상황에서 어떻게 하는 것이 좋을까요? [SEP] 나이가 많아 일하기 어려우니 딸이 출근한 동안 손주를 잘 봐주고 집안일도 도와주려 해. [SEP] 서로 도우며 힘이 되어주는 가족이네요.,guilt_self_blame,"guilt, shame, self-blame, or repair tendency",자기비난성 부담-속죄 에피소드,negative,high,self,mixed,approach,"미안함을 넘어 자기처벌, 역할 실패감, 보상 강박이 함께 있는 결을 유지해야 한다.","단순한 효심, 따뜻한 가족서사, 잔잔한 슬픔 정도로 순화하면 왜곡이다.","관계를 끊거나 공격하기보다, 스스로를 낮추고 더 많이 기여하려 하며 돌봄/집안일 같은 보상 행동으로 존재 정당성을 회복하려는 성향이 강하다. 동시에 내면에서는 계속 자신을 채무자처럼 취급하는 방향으로 간다.",confront,self_blame_guilt,self_directed_evaluation,negative|high|self|mixed|approach|confront,"{""approach"": 0, ""confront"": 1, ""defend"": 0, ""inhibit"": 0, ""plan"": 0, ""repair"": 1, ""seek_support"": 0, ""withdraw"": 1}","{""loss_sadness"": 0, ""other_blame_boundary"": 0, ""planning_control"": 0, ""repair_gratitude"": 0, ""self_blame_guilt"": 1, ""threat_anxiety"": 0}"
s_001055,부모님한테 손 벌리는 것이 너무 죄책감 들어서 내가 미술 전공한 것이 너무 후회돼. [SEP] 전공 선택에 대한 후회가 있으시군요. [SEP] 미술을 하니까 돈이 유독 많이 들어서 마음이 어려워. 이쪽 길은 내 길이 아니었어. [SEP] 정말 마음이 어려우시겠어요. 앞으로 어떻게 하는 것이 좋은 방법이 될 수 있을까요? [SEP] 내 작품으로 상품을 만들어서 판매해볼래. 적어도 내 생활비는 내가 벌면 좋겠어. [SEP] 상품이 잘 팔려서 지금의 어려움이 잘 해결되면 좋겠어요.,guilt_self_blame,"guilt, shame, self-blame, or repair tendency",죄책감이 추진력으로 전환된 자구책 모색,mixed,high,mixed,mixed,approach,죄책감과 전공 후회가 실제로는 강한 자구적 추진력으로 재조직되는 결을 유지해야 한다.,"그냥 위로가 필요한 슬픔, 단순한 진로 고민, 혹은 밝은 희망 회복으로 순화하면 왜곡이다.","부모 의존을 줄이기 위해 결과물을 상품화하고 직접 수익을 만들려는 쪽으로 밀어붙인다. 멈춰 울기보다, 자책을 연료로 삼아 생산·판매·자립 시도에 들어가는 행동 성향이다.",other_action,self_blame_guilt,approach_or_repair,mixed|high|mixed|mixed|approach|other_action,"{""approach"": 0, ""confront"": 0, ""defend"": 0, ""inhibit"": 0, ""plan"": 0, ""repair"": 0, ""seek_support"": 0, ""withdraw"": 0}","{""loss_sadness"": 0, ""other_blame_boundary"": 0, ""planning_control"": 0, ""repair_gratitude"": 0, ""self_blame_guilt"": 1, ""threat_anxiety"": 0}"
s_002292,이명도 심하고 돌발성 난청 때문에 괴로운데 지금 배우고 있는 내용도 재미없고 힘들어. [SEP] 귀에 문제가 있어서 배우는 내용이 재미없고 힘드시군요. [SEP] 이렇게 몸을 무리해가면서 계속 이 공부를 해야 하는지도 잘 모르겠어. [SEP] 지금 상황에서 벗어나기 위해 무엇을 할 수 있을까요? [SEP] 당분간 좀 쉬어보면서 시간을 가져보는 것도 괜찮을 거 같아. [SEP] 휴식하면서 힘든 상황이 나아지길 바라요.,guilt_self_blame,"guilt, shame, self-blame, or repair tendency",피로성 경계 속 회피적 중단 검토,negative,medium,mixed,low,withdraw,"신체 이상이 학습 의욕 저하의 부차적 핑계가 아니라, 지속 자체를 위협으로 바꿔 놓았다는 결을 유지해야 한다.",단순한 '힘들지만 휴식이 필요함' 수준으로 순화하면 안 된다. 내부 처리는 이미 흥미 저하 + 손상 우려 + 지속 회의가 결합된 경계 상태다.,지금 상태는 적극 해결보다 부담원에서 물러나 휴식·중단·거리두기를 택하려는 성향으로 간다. 동시에 완전한 포기 결심보다는 '계속해도 되나'를 반복 점검하는 신중한 회피가 강하다.,withdraw,other_blame_boundary,low_control_distress,negative|medium|mixed|low|withdraw|withdraw,"{""approach"": 0, ""confront"": 0, ""defend"": 1, ""inhibit"": 0, ""plan"": 1, ""repair"": 0, ""seek_support"": 0, ""withdraw"": 3}","{""loss_sadness"": 0, ""other_blame_boundary"": 1, ""planning_control"": 0, ""repair_gratitude"": 0, ""self_blame_guilt"": 0, ""threat_anxiety"": 0}"
s_001822,내가 심한 교통사고가 났을 때 어머니는 밤새 나를 간호해주었어. 어머니께 정말 감사해. [SEP] 어머니가 밤새 간호해주셨군요. 고마운 마음이 드시겠어요. [SEP] 나는 어머니께 해준 것도 없는데 미안하고 감사한 마음이 커. 지금이라도 효도하고 싶어. [SEP] 어떻게 하면 어머니에게 좋은 효도를 할 수 있을까요? [SEP] 집안일을 도와드리고 요리도 내가 직접 해드려야겠어. [SEP] 어머니에게 좋은 도움이 되었으면 좋겠어요.,guilt_self_blame,"guilt, shame, self-blame, or repair tendency",감사-미안함의 보답 추동,mixed,high,mixed,high,approach,"감사와 함께 자기부족감, 빚진 느낌, 지금 당장 갚고 싶어지는 추동이 동시에 존재한다는 점","그냥 따뜻하고 훈훈한 감사 정서로만 순화하는 것, 또는 high arousal을 불안/공포로 오독하는 것","감사 표현에 그치지 않고 실제 보답 행동을 조직하려는 성향이 강하다. 말, 집안일, 요리, 돌봄 제공처럼 구체적이고 관계 지향적인 접근 행동으로 이어질 가능성이 높다.",repair,repair_gratitude,approach_or_repair,mixed|high|mixed|high|approach|repair,"{""approach"": 1, ""confront"": 0, ""defend"": 0, ""inhibit"": 0, ""plan"": 0, ""repair"": 2, ""seek_support"": 0, ""withdraw"": 0}","{""loss_sadness"": 0, ""other_blame_boundary"": 0, ""planning_control"": 0, ""repair_gratitude"": 2, ""self_blame_guilt"": 1, ""threat_anxiety"": 0}"
s_002230,학교 성적 때문에 매일 죄책감이 들어. [SEP] 학교 성적 때문에 죄책감을 느끼고 계시는군요. [SEP] 주변의 기대가 높은데 성적이 그만큼 높지 않아서 내가 잘못하는 기분이야. [SEP] 지금 기분에서 벗어나기 위해 무엇을 할 수 있을까요? [SEP] 누군가가 내 고민을 들어줬으면 좋겠어. [SEP] 고민을 들어줄 사람이 옆에 있었으면 좋겠네요.,guilt_self_blame,"guilt, shame, self-blame, or repair tendency",죄책감 기반의 관계접근 호소,negative,high,mixed,mixed,approach,"자기잘못감이 핵심이지만, 내부 동역학은 순수한 위축이 아니라 불편을 견디며 타인 쪽으로 손을 뻗는 접근성이라는 점",그냥 위로가 필요하다거나 단순 슬픔으로 축소하지 말 것. 해소된 상태나 차분한 수용으로 오독하면 안 됨.,"자기비난을 계속 품은 채, 혼자 삭이기보다 누군가에게 털어놓고 확인받으려는 방향으로 간다. 회피보다는 호소·상담·관계적 접촉 시도가 더 자연스럽다.",confront,self_blame_guilt,approach_or_repair,negative|high|mixed|mixed|approach|confront,"{""approach"": 0, ""confront"": 1, ""defend"": 0, ""inhibit"": 0, ""plan"": 1, ""repair"": 0, ""seek_support"": 1, ""withdraw"": 1}","{""loss_sadness"": 0, ""other_blame_boundary"": 0, ""planning_control"": 0, ""repair_gratitude"": 0, ""self_blame_guilt"": 1, ""threat_anxiety"": 0}"
s_003782,나이만 들어가지고 아들 녀석한테 짐만 되게 몸이 한 곳도 성한 데가 없어. 너무 미안해. [SEP] 몸이 아파서 아드님께 부담이 될까 봐 미안하시군요. [SEP] 뭐 하나 도와준 것도 없는 부몬데 이젠 내 수발까지 들게 생겼으니 너무 미안하고 미안해. [SEP] 아드님 생각하면 마음이 아프시겠어요. [SEP] 정신 차리고 건강 좋아지도록 열심히 노력해야지. 운동도 꾸준히 하고. [SEP] 운동 열심히 해서 꼭 건강 되찾으시기를 바라요.,guilt_self_blame,"guilt, shame, self-blame, or repair tendency",자기부담화된 미안함과 회복 강박,negative,high,self,mixed,defend,미안함이 단순한 애틋함이 아니라 자기존재를 부담으로 평가하는 날 선 자기압박이라는 점,"따뜻한 가족애나 희망 회복 서사로 지나치게 순화하는 것, 단순 우울/체념으로만 축소하는 것","사과, 자기비난, 부담 최소화, 건강 회복을 위한 과도한 자기통제와 노력 다짐으로 간다. 타인에게 기대기보다 스스로를 추슬러 폐를 덜 끼치려는 방어적 수행 성향이 강하다.",repair,self_blame_guilt,self_directed_evaluation,negative|high|self|mixed|defend|repair,"{""approach"": 0, ""confront"": 1, ""defend"": 1, ""inhibit"": 0, ""plan"": 0, ""repair"": 2, ""seek_support"": 0, ""withdraw"": 0}","{""loss_sadness"": 0, ""other_blame_boundary"": 0, ""planning_control"": 0, ""repair_gratitude"": 1, ""self_blame_guilt"": 1, ""threat_anxiety"": 0}"
s_003321,남자 친구랑 사귄 후에 성적이 크게 떨어져서 헤어지자고 했어. 너무 후회돼. [SEP] 남자 친구와 헤어지신 게 후회되시는군요. [SEP] 내 성적이 떨어진 게 남자 친구 탓이 아닌데 상처를 줘서 너무 죄책감이 들어. [SEP] 어떠한 방법으로 해결하는 게 가장 좋을까요? [SEP] 남자 친구한테 가서 미안하다고 다시 만나자고 해야겠어. [SEP] 남자 친구와의 관계가 좋아지시길 바랄게요.,guilt_self_blame,"guilt, shame, self-blame, or repair tendency",죄책감 기반 관계복구 추동,mixed,high,mixed,mixed,approach,"죄책감이 단순 반성이 아니라 강한 재접근 추동과 결합되어 있다는 점, 그리고 정서가 안정된 화해가 아니라 불편함을 견디지 못해 복구 행동으로 밀어붙이는 결을 남겨야 한다.","이를 순수한 사랑의 확신, 따뜻한 후회, 차분한 성찰로 미화하면 안 된다. 내부 상태는 편안한 애정이 아니라 자기책임 판정과 관계 손실 공포가 섞인 고각성 접근이다.","사과, 해명, 재회 요청처럼 관계를 직접 복구하려는 행동으로 나아갈 가능성이 높다. 다만 이 행동은 충분히 숙성된 판단이라기보다 죄책감 완화와 손실 복구를 동시에 노리는 압박성 접근에 가깝다.",repair,self_blame_guilt,approach_or_repair,mixed|high|mixed|mixed|approach|repair,"{""approach"": 1, ""confront"": 1, ""defend"": 0, ""inhibit"": 0, ""plan"": 0, ""repair"": 2, ""seek_support"": 1, ""withdraw"": 0}","{""loss_sadness"": 0, ""other_blame_boundary"": 0, ""planning_control"": 0, ""repair_gratitude"": 1, ""self_blame_guilt"": 1, ""threat_anxiety"": 0}"
s_001703,주식에 투자해서 돈을 많이 잃었어. [SEP] 주식 투자를 했는데 돈을 많이 잃게 되어서 당황하셨군요. [SEP] 집사람 볼 면목이 없어. [SEP] 부인과 상의는 해 보셨어요? [SEP] 고민이야. 많이 당황할 것 같은데 그래도 말은 해야겠지? [SEP] 아내 분께서 걱정하실까 염려가 되는군요.,guilt_self_blame,"guilt, shame, self-blame, or repair tendency",수치 기반의 불안한 고백 압박,negative,high,mixed,mixed,mixed,"수치심, 관계 평가 위협, 그리고 회피 못 하고 결국 말해야 한다는 압박의 동시성","단순한 당황, 일반적 걱정, 또는 차분한 상담 필요 상태로만 순화하는 것","배우자에게 사실을 털어놓는 쪽으로 기울지만, 편안한 소통이 아니라 면목 없음·비난 예상·자기방어를 동반한 긴장된 접근으로 갈 가능성이 높다.",confront,self_blame_guilt,mixed_appraisal,negative|high|mixed|mixed|mixed|confront,"{""approach"": 1, ""confront"": 1, ""defend"": 1, ""inhibit"": 0, ""plan"": 0, ""repair"": 0, ""seek_support"": 0, ""withdraw"": 0}","{""loss_sadness"": 0, ""other_blame_boundary"": 0, ""planning_control"": 0, ""repair_gratitude"": 0, ""self_blame_guilt"": 1, ""threat_anxiety"": 1}"
s_000803,자신 없는 수학 문제를 칠판 앞에 나가서 풀다가 틀려서 혼났어. 완전 실망이야. [SEP] 혼이 나서 실망했겠어요. [SEP] 너무 공개적으로 망신을 당해서 부끄럽고 슬퍼. [SEP] 어떻게 해야 그런 기분이 나아질 수 있을까요? [SEP] 수학 공부를 열심히 해서 다음엔 잘 하도록 노력해봐야지. [SEP] 노력해보겠다니 잘 되면 좋겠어요.,guilt_self_blame,"guilt, shame, self-blame, or repair tendency",공개 망신 후 경계 고착,negative,high,mixed,mixed,defend,"공개 망신, 사회적 위협, 경계의 장기 지속, 방어적 긴장이라는 결을 유지해야 한다.","단순한 실망이나 가벼운 슬픔, 혹은 건강한 동기부여 서사로 순화하면 왜곡된다.","당장 타인 평가에 민감해져 위축·회피하면서도, 수치 손상을 만회하려는 보상적 노력 쪽으로 기울 가능성이 높다. 즉 숨고 싶음과 다음엔 틀리지 않으려는 과잉 준비가 함께 간다.",withdraw,other_blame_boundary,mixed_appraisal,negative|high|mixed|mixed|defend|withdraw,"{""approach"": 0, ""confront"": 0, ""defend"": 0, ""inhibit"": 0, ""plan"": 1, ""repair"": 0, ""seek_support"": 0, ""withdraw"": 3}","{""loss_sadness"": 0, ""other_blame_boundary"": 1, ""planning_control"": 0, ""repair_gratitude"": 0, ""self_blame_guilt"": 0, ""threat_anxiety"": 0}"
s_000414,요즘 직장에서 일도 잘 안되고 돈도 쓸 곳이 많은데 그만큼 벌어지지 않아. [SEP] 직장에서 일도 안되고 지출 비용은 많은데 수입이 없어서 고민이시군요. [SEP] 더 열심히 해서 보너스도 타보려 했는데 어려워. [SEP] 지금 가장 자신 있게 해볼 수 있는 일이 있을까요? [SEP] 적어도 졸지 말고 가진 일에 성실하게 일을 맡아야겠어. [SEP] 조금 더 성실해져서 원하는 걸 가지시길 바랄게요.,guilt_self_blame,"guilt, shame, self-blame, or repair tendency",압박성 자기몰이 불안,negative,high,mixed,mixed,defend,불안만이 아니라 자기몰이와 성과 압박이 결합된 결을 유지해야 한다.,"단순한 '고민', '의욕', '열심히 해보려는 마음' 정도로 순화하면 안 된다. 위협 평가와 지속 긴장을 삭제하면 왜곡이다.","외부에 감정을 터뜨리기보다 자기행동을 조이고, 게으름·실수·나태를 줄이며 버티고 만회하려는 성향으로 간다. 즉 회피형 무기력보다 자기감시와 성과 복구 시도로 기울지만, 바닥에는 불안 압박이 계속 남아 있다.",withdraw,threat_anxiety,mixed_appraisal,negative|high|mixed|mixed|defend|withdraw,"{""approach"": 0, ""confront"": 0, ""defend"": 0, ""inhibit"": 1, ""plan"": 0, ""repair"": 1, ""seek_support"": 0, ""withdraw"": 1}","{""loss_sadness"": 0, ""other_blame_boundary"": 0, ""planning_control"": 0, ""repair_gratitude"": 0, ""self_blame_guilt"": 0, ""threat_anxiety"": 1}"
s_003491,오늘 세 시간 정도 야근해야겠네. 벌써 삼 일째 야근인데 체력이 바닥난 거 같고 괴롭다. [SEP] 벌써 삼 일째 야근이니 얼마나 피곤하실까요. [SEP] 평소에도 비염이 있어서 코가 좋지 않거든. 근데 잇따른 야근에 체력이 떨어지니 감기 증세도 함께 오고 있어. [SEP] 야근하지 않아도 되게끔 업무가 원만히 해결되길 바랍니다.,strong_failure_cases,large current episode_trace loss; use as hard regression case,소진 압박에 묶인 경계성 긴장,negative,high,situation,mixed,defend,신체 소진과 질병 조짐 위에 업무 압박이 겹쳐 경계가 장기 지속되는 결을 남겨야 한다.,"단순 공감형 피로, 잔잔한 우울, 혹은 순한 위로 모드로 축소하면 왜곡된다. 특히 '야근이 힘들다' 수준으로만 말하면 내부 episode를 놓친다.","휴식 필요를 강하게 느끼면서도 실제 행동 경향은 상황을 방어적으로 관리하고, 업무 압박에 대비하며, 추가 악화를 경계하는 쪽이다. 즉 쓰러지듯 철수하기보다 예민하게 버티고 막는 방향이 우세하다.",defend,other_blame_boundary,situation_focused_coping,negative|high|situation|mixed|defend|defend,"{""approach"": 0, ""confront"": 0, ""defend"": 2, ""inhibit"": 1, ""plan"": 1, ""repair"": 0, ""seek_support"": 0, ""withdraw"": 0}","{""loss_sadness"": 0, ""other_blame_boundary"": 1, ""planning_control"": 0, ""repair_gratitude"": 0, ""self_blame_guilt"": 0, ""threat_anxiety"": 1}"
s_003482,실수를 조금 했다고 회사에서 상사가 호통을 쳐서 어찌나 마음이 씁쓸했는지. [SEP] 상사가 실수를 이유로 호통을 쳤다니 상당히 씁쓸하고 고통스러운 순간이었겠네요. [SEP] 난 최선을 다했는데 호통을 쳐서 기분이 우울하고 슬프기도 하네. [SEP] 기분 전환을 위해서 할 수 있는 좋은 것들이 있을까요? [SEP] 내일쯤 그 상사와 저녁 식사 자리나 마련해서 터놓고 대화할 생각이야. [SEP] 상사와의 식사와 진솔한 대화로 기분 전환이 됐으면 좋겠네요.,strong_failure_cases,large current episode_trace loss; use as hard regression case,모욕 자극에 대한 공세적 경계-수습 시도,negative,high,mixed,mixed,approach,"씁쓸함/우울로만 축소하지 말고, 모욕감 이후의 날카로운 경계와 접근적 수습 욕구를 함께 남겨야 한다.","단순한 슬픔, 순한 서운함, 이미 잘 정리된 화해 의지로 미화하면 왜곡이다.","상대를 피하기보다 직접 만나 설명하고 관계 구도를 재조정하려는 성향이 강하다. 다만 정서 바닥에는 상처와 방어가 남아 있어, 대화가 화해 시도이면서 동시에 자기 정당성 확인과 상대 반응 탐색의 성격을 띤다.",defend,other_blame_boundary,approach_or_repair,negative|high|mixed|mixed|approach|defend,"{""approach"": 1, ""confront"": 0, ""defend"": 1, ""inhibit"": 0, ""plan"": 1, ""repair"": 1, ""seek_support"": 0, ""withdraw"": 1}","{""loss_sadness"": 0, ""other_blame_boundary"": 3, ""planning_control"": 0, ""repair_gratitude"": 0, ""self_blame_guilt"": 0, ""threat_anxiety"": 0}"
s_001674,요즘 나 너무 힘들어. [SEP] 좀 더 자세하게 말해주실 수 있으세요? [SEP] 노년기가 되니 남편이 치매가 생겨서 이혼하고 싶어. [SEP] 배우자가 정신건강이 나빠서 정말 속상하시겠어요. [SEP] 늙어서 이혼하려고 하니 친구들에게도 말을 못 하겠어. [SEP] 지인들과도 대화하기 어려운 상황이셔서 정말 난감하시겠어요.,strong_failure_cases,large current episode_trace loss; use as hard regression case,수치와 압박이 섞인 공세적 긴장,negative,high,mixed,low,defend,"슬픔만이 아니라 수치, 경계, 결단 충동이 함께 있는 날선 긴장감을 남겨야 한다.",그냥 속상함이나 외로움으로 순화하면 안 된다. 내부 처리의 핵심은 사회적 난감함을 동반한 위협 감시와 방어적 추진이다.,"감정 episode는 울적함보다 방어적 결단, 관계 거리두기, 말 아끼기, 외부 평가를 피하면서도 내부적으로는 이혼 같은 강한 출구를 계속 밀어붙이는 방향으로 간다.",defend,other_blame_boundary,low_control_distress,negative|high|mixed|low|defend|defend,"{""approach"": 0, ""confront"": 0, ""defend"": 2, ""inhibit"": 0, ""plan"": 0, ""repair"": 0, ""seek_support"": 0, ""withdraw"": 1}","{""loss_sadness"": 0, ""other_blame_boundary"": 1, ""planning_control"": 0, ""repair_gratitude"": 0, ""self_blame_guilt"": 1, ""threat_anxiety"": 1}"
s_003248,요즘은 확실히 몸이 예전 같지가 않아. 원래 건강하고 체력도 막강했는데 나이 드니 확실히 힘에 부치네. [SEP] 몸의 변화로 힘드신가 봐요. [SEP] 막연히 나는 신체 나이가 들지 않을 거라 생각했는데 그렇지 않네. [SEP] 그 마음이 이해가 가요.,strong_failure_cases,large current episode_trace loss; use as hard regression case,노화 위협에 대한 경계적 수용불가,negative,high,self,low,defend,상실감보다도 예외성 붕괴와 통제력 저하에 대한 경계적 긴장을 남겨야 한다.,"단순한 서글픔, 담담한 수용, 가벼운 건강 걱정으로 순화하면 안 된다.","자기 상태를 방어적으로 점검하고, 노화/쇠퇴 단서를 더 예민하게 스캔하며, 쉽게 위로받기보다 '이건 진짜 손실이다'라는 해석을 고수하려는 성향으로 간다.",defend,other_blame_boundary,self_directed_evaluation,negative|high|self|low|defend|defend,"{""approach"": 0, ""confront"": 0, ""defend"": 1, ""inhibit"": 0, ""plan"": 1, ""repair"": 0, ""seek_support"": 0, ""withdraw"": 0}","{""loss_sadness"": 0, ""other_blame_boundary"": 1, ""planning_control"": 0, ""repair_gratitude"": 0, ""self_blame_guilt"": 0, ""threat_anxiety"": 1}"
s_003918,자녀들이 다 건강하게 잘 자라줘서 마음이 편해. [SEP] 자녀들의 성장에 매우 만족하시나 봐요. [SEP] 다들 자녀들이 안 좋은 길로 빠지거나 하는 것에 걱정하는데 나는 안 그래. [SEP] 자녀들이 잘 자라게 된 비결이 뭐라고 생각하시나요? [SEP] 항상 자녀들의 의견과 생각을 존중해 준 덕분이라고 생각해. [SEP] 항상 자녀들을 지지해 주셔서 자녀들이 잘 자라 만족하시는군요.,strong_failure_cases,large current episode_trace loss; use as hard regression case,안도에 기반한 자부심적 만족,positive,high,mixed,high,approach,"편안함의 표면 아래에 있는 강한 확신, 자기 공로 귀속, 그리고 비교 우위의 결을 남겨야 한다.","그냥 잔잔한 행복, 소박한 감사, 무색한 안정감으로 순화하면 왜곡이다. 내부 추적상 꽤 강한 점화와 지속이 있었으므로 '담담함'으로 처리하면 안 된다.","현재 상태는 자신의 양육 방식이 옳았음을 설명하고, 그 성공 사례를 일반화하거나 타인 앞에서 정당화하는 방향으로 간다. 즉 조용히 감상에 머무르기보다 이유를 말하고 자신의 방식을 지지하려는 성향이 강하다.",seek_support,other_episode,approach_or_repair,positive|high|mixed|high|approach|seek_support,"{""approach"": 0, ""confront"": 0, ""defend"": 0, ""inhibit"": 0, ""plan"": 0, ""repair"": 0, ""seek_support"": 2, ""withdraw"": 0}","{""loss_sadness"": 0, ""other_blame_boundary"": 0, ""planning_control"": 0, ""repair_gratitude"": 0, ""self_blame_guilt"": 0, ""threat_anxiety"": 0}"
s_000149,친구가 다니는 회사에 새로운 부서가 생겨서 신입사원 공채를 한다고 들어서 지원해보려고. [SEP] 좋은 소식이군요! 친구의 회사는 괜찮은 회사인가요? [SEP] 응. 무엇보다 내가 가장 신뢰하는 친구가 직접 소개해 준 거라서 믿고 지원할 수 있을 것 같아. [SEP] 믿는 친구에게 소개를 받아서 기쁘시겠어요. [SEP] 친구에게 밥이나 한번 사야겠어. [SEP] 친구에게 고마움을 전하려고 하시는군요.,strong_failure_cases,large current episode_trace loss; use as hard regression case,신뢰 기반 기대 고양,positive,medium,mixed,mixed,approach,"신뢰가 접근 동력을 만든 점, 기대가 일회성 감탄이 아니라 지속적 실행 준비로 굳어진 점","그냥 '기쁘다' 수준의 표면 감정으로 축소하는 것, 혹은 취업 불안/긴장을 주감정처럼 과장하는 것","지원 행동으로 전진하고, 소개해 준 친구에게 호의와 보답을 표현하려는 성향이 강하다. 단순히 기분이 좋은 것이 아니라, 신뢰를 자원으로 삼아 실제 행동을 개시하려는 상태다.",repair,other_episode,approach_or_repair,positive|medium|mixed|mixed|approach|repair,"{""approach"": 0, ""confront"": 0, ""defend"": 0, ""inhibit"": 0, ""plan"": 0, ""repair"": 1, ""seek_support"": 0, ""withdraw"": 0}","{""loss_sadness"": 0, ""other_blame_boundary"": 0, ""planning_control"": 0, ""repair_gratitude"": 0, ""self_blame_guilt"": 0, ""threat_anxiety"": 0}"
s_001987,나 이번에 지원한 회사 최종합격할 것 같은 기분이 들어! [SEP] 지원한 회사에 최종합격할 것 같은 기분이 드셨군요. [SEP] 그동안 지원하는 곳마다 불합격이어서 우울했는데 이번에는 진짜 제대로 준비했어. 합격할 것 같다는 자신감이 들어. [SEP] 취업을 위해 많이 노력하셔서 자신감이 넘치시는 것 같아요.,strong_failure_cases,large current episode_trace loss; use as hard regression case,불안이 섞인 성취기대,mixed,high,mixed,mixed,approach,"자신감이 실제로 존재하지만, 그것이 완전히 편안한 기쁨이 아니라 과거 실패를 등에 진 채 유지되는 긴장성 기대라는 결을 남겨야 한다.","그냥 '설레고 긍정적이다'로 순화하면 왜곡이다. alarm이 높고 persistence가 길어서, 내부 상태는 밝은 확신보다 경계가 섞인 공세적 몰입에 가깝다.","계속 결과를 상상하고, 자신의 준비를 근거로 합격 가능성을 강화하며, 외부 확인이나 다음 단계 행동으로 나아가려는 성향이다. 동시에 실패 재경험을 막기 위해 마음속으로 방어적 검증도 반복할 가능성이 높다.",plan,threat_anxiety,approach_or_repair,mixed|high|mixed|mixed|approach|plan,"{""approach"": 0, ""confront"": 0, ""defend"": 1, ""inhibit"": 0, ""plan"": 2, ""repair"": 0, ""seek_support"": 0, ""withdraw"": 0}","{""loss_sadness"": 0, ""other_blame_boundary"": 0, ""planning_control"": 0, ""repair_gratitude"": 0, ""self_blame_guilt"": 0, ""threat_anxiety"": 1}"
s_000929,내가 이 대학에 지원해도 될지 모르겠어. 괜히 높게 지원했다가 떨어지면 난 진짜 끝이거든. [SEP] 대학 지원 때문에 걱정되고 많이 조심스러우시군요. 어떻게 하면 조금 더 편안한 마음을 가질 수 있을까요? [SEP] 그냥 내 성적에 맞는 데 써야겠어. 불안에 떠는 것보다 그게 나을 것 같아. [SEP] 성적에 맞는 곳으로 지원을 결정하셨군요.,strong_failure_cases,large current episode_trace loss; use as hard regression case,실패회피형 경계 수렴,negative,high,mixed,mixed,withdraw,"파국화된 실패 예상, 높은 경계 지속, 안정보다 회피로 수렴한 결을 그대로 남겨야 한다.",이를 단순한 '조심스러움'이나 차분한 현실 판단으로 미화하면 안 된다. 실제 내부 처리는 고각성 위협 반응에 가깝다.,"상향 도전을 접고 안전한 옵션으로 후퇴하며, 불확실성을 줄이는 선택을 즉시 고정하려는 성향이 강하다. 탐색이나 낙관보다 손실 회피, 자기보호, 가능성 축소가 우선이다.",defend,other_blame_boundary,withdrawal_or_protection,negative|high|mixed|mixed|withdraw|defend,"{""approach"": 0, ""confront"": 0, ""defend"": 2, ""inhibit"": 0, ""plan"": 0, ""repair"": 0, ""seek_support"": 0, ""withdraw"": 1}","{""loss_sadness"": 1, ""other_blame_boundary"": 1, ""planning_control"": 0, ""repair_gratitude"": 0, ""self_blame_guilt"": 0, ""threat_anxiety"": 0}"
s_001988,천식이 심해져서 병원비가 많이 나왔는데 아들한테 말했더니 바로 보내줘서 너무 고마워. [SEP] 심해진 천식 때문에 걱정이 많았는데 아들의 도움으로 고마우셨겠군요. [SEP] 하나밖에 없는 아들을 봐서라도 질환이 나아졌으면 좋겠어. [SEP] 어떻게 하면 지금의 상황을 호전시킬 수 있을까요? [SEP] 열심히 치료받고 면역력 관리를 하는 수밖엔 없을 것 같아. [SEP] 열심히 치료를 받아 완치되었으면 좋겠어요.,strong_failure_cases,large current episode_trace loss; use as hard regression case,감사 위의 생존경계,mixed,high,mixed,mixed,approach,"감사와 동시에 강한 질병 경계, 생존 압박, 관계 자원을 붙잡고 버티려는 결을 남겨야 한다.",이를 단순한 훈훈한 효심 서사나 편안한 안도감으로 순화하면 안 된다. 내부 처리의 중심은 감사 자체보다 악화된 건강상태에 대한 지속 경계다.,"도움에 기대며 치료와 건강관리를 더 밀어붙이려는 방향이다. 정서적으로는 아들에 대한 애착/감사를 유지하지만, 실제 행동 성향은 안심보다 치료 지속, 면역력 관리, 상태 호전 압박 쪽으로 기울어 있다.",repair,other_blame_boundary,approach_or_repair,mixed|high|mixed|mixed|approach|repair,"{""approach"": 0, ""confront"": 0, ""defend"": 0, ""inhibit"": 0, ""plan"": 0, ""repair"": 1, ""seek_support"": 1, ""withdraw"": 0}","{""loss_sadness"": 0, ""other_blame_boundary"": 1, ""planning_control"": 0, ""repair_gratitude"": 1, ""self_blame_guilt"": 0, ""threat_anxiety"": 0}"
s_001424,직장에서 직원들이 서로들 이간질하고 따돌리는 데 보고 있자니 추악해. [SEP] 그런 일이 생겨 많이 화가 나시겠어요. [SEP] 응. 옛날부터 이게 도대체 몇 번째인지 모르겠어. [SEP] 지금 상황을 변화시키기 위해 해볼 수 있는 일들에는 무엇이 있을까요? [SEP] 참다가 도저히 안 되겠으면 보고를 해볼 생각이야. [SEP] 그러면 보고를 하기 전까지는 어떻게 하실 생각이신가요?,strong_failure_cases,large current episode_trace loss; use as hard regression case,"도덕적 혐오의 언어화, 내부는 미점화",negative,low,situation,mixed,defend,표면의 '화남'보다 실제 내부 처리의 저활성·보류·조건부 대응 성격을 유지해야 한다.,강한 분노 폭발이나 깊은 상처 반응으로 과장하면 안 된다. 반대로 단순 무감정으로 축소하는 것도 왜곡이다.,"즉각 confrontation보다는 관망과 억제 쪽으로 기울고, 임계치를 넘기면 공식 보고로 전환하려는 조건부 방어 행동 성향이다.",confront,other_episode,situation_focused_coping,negative|low|situation|mixed|defend|confront,"{""approach"": 0, ""confront"": 1, ""defend"": 1, ""inhibit"": 1, ""plan"": 0, ""repair"": 0, ""seek_support"": 0, ""withdraw"": 0}","{""loss_sadness"": 0, ""other_blame_boundary"": 0, ""planning_control"": 0, ""repair_gratitude"": 0, ""self_blame_guilt"": 0, ""threat_anxiety"": 0}"
s_001320,여자친구가 내가 돈이 없다고 결혼 못 하겠다며 나를 버렸어. 여자친구에게 복수하려고. [SEP] 여자친구와 갈등으로 화가 많이 나셨군요. 평소 화가 나면 마음을 가라앉히기 위해 어떻게 행동하나요? [SEP] 내 감정을 일기장에 적거나 친구와 만나 수다를 떨어. [SEP] 매우 좋은 방법이네요. 이번에도 해볼 수 있을까요?,strong_failure_cases,large current episode_trace loss; use as hard regression case,배신-모욕 기반의 공세적 복수 긴장,negative,high,mixed,mixed,defend,"배신감, 모욕감, 자존심 손상, 그리고 복수 의도의 공세성을 그대로 남겨야 한다.","이를 단순한 서운함, 슬픔, 일반적 이별 스트레스로 순화하면 안 된다. 상담식으로 곧바로 감정 조절 능력만 부각해 현재의 공격적 긴장을 지워서도 안 된다.","상대에게 직접적이든 간접적이든 되갚고 싶어 하는 접근형 방어 행동으로 기울어 있다. 말로 쏘아붙이기, 명예 회복 시도, 상대를 곤란하게 만들 상상이나 계획처럼 공격적 통제 회복 행동으로 이어질 가능성이 높다.",confront,other_blame_boundary,mixed_appraisal,negative|high|mixed|mixed|defend|confront,"{""approach"": 1, ""confront"": 1, ""defend"": 1, ""inhibit"": 0, ""plan"": 1, ""repair"": 1, ""seek_support"": 0, ""withdraw"": 0}","{""loss_sadness"": 0, ""other_blame_boundary"": 3, ""planning_control"": 0, ""repair_gratitude"": 0, ""self_blame_guilt"": 0, ""threat_anxiety"": 1}"
s_002295,약속이 있어서 나가려는데 엄마가 동생을 돌보라고 해. [SEP] 사용자님의 기분은 어떠신가요? [SEP] 당연히 너무 속상하지. 동생도 밉고. [SEP] 어떻게 하면 속상한 기분이 풀리실까요? [SEP] 엄마에게 내 약속도 중요한 거라고 이야기 해야겠어. [SEP] 엄마와 잘 이야기하시고 문제가 잘 해결되면 좋겠네요.,balanced_filler,fills targeted set to requested size without duplicating records,억울함 기반의 공세적 대치,negative,high,mixed,mixed,approach,"서운함만이 아니라 억울함, 경계심, 자기 권리 회복 욕구가 결합된 공세적 결을 남겨야 한다.",그냥 속상함이나 가족 간 오해 수준으로 순화하면 안 된다. 내부적으로는 상당히 오래 지속되는 대치 긴장이 형성됐다.,"감정은 위축보다 항의, 설명 요구, 자기 일정의 정당성 주장으로 향한다. 직접적 공격까지는 아니지만, 관계를 잠시 긴장시키더라도 자기 우선순위를 복구하려는 행동 성향이 강하다.",confront,other_blame_boundary,approach_or_repair,negative|high|mixed|mixed|approach|confront,"{""approach"": 0, ""confront"": 2, ""defend"": 0, ""inhibit"": 0, ""plan"": 0, ""repair"": 1, ""seek_support"": 0, ""withdraw"": 0}","{""loss_sadness"": 0, ""other_blame_boundary"": 1, ""planning_control"": 0, ""repair_gratitude"": 0, ""self_blame_guilt"": 0, ""threat_anxiety"": 0}"
s_003549,이 나라는 전혀 우리 세대를 생각하지 않아. [SEP] 나라가 젊은 세대를 고려하지 않는다고 생각하시는군요. 그렇게 생각하게 된 계기가 있나요? [SEP] 진로특강을 들었는데 요즘 세대들 배불렀다고 하잖아. 그런 사람들이 진로특강을 하는 나라니 망할 것 같아. [SEP] 젊은 세대를 이해하지 못하는 사람이 진로특강에 왔나 보네요. 정말 절망적인 생각이 들 법도 해요.,balanced_filler,fills targeted set to requested size without duplicating records,체제 불신이 고착된 공세적 경계,negative,high,mixed,mixed,defend,"세대 비하를 구조적 배제 신호로 읽어낸 공격적 경계감, 그리고 체제 불신으로 확장된 해석을 남겨야 한다.","단순한 서운함, 일시적 짜증, 추상적 절망으로 순화하면 안 된다. 특히 alarm 지속과 공세성을 지우고 '공감받고 싶음' 정도로 축소하면 왜곡이다.","부당함을 규탄하고, 대상 개인을 넘어 제도·국가를 비난하며, 방어적 언어로 자기 세대의 정당성을 지키려는 성향이 강하다. 대화적으로는 설명이나 타협보다 비판적 일반화와 단정으로 밀어붙일 가능성이 높다.",confront,other_blame_boundary,mixed_appraisal,negative|high|mixed|mixed|defend|confront,"{""approach"": 0, ""confront"": 1, ""defend"": 1, ""inhibit"": 0, ""plan"": 0, ""repair"": 0, ""seek_support"": 0, ""withdraw"": 0}","{""loss_sadness"": 0, ""other_blame_boundary"": 2, ""planning_control"": 0, ""repair_gratitude"": 0, ""self_blame_guilt"": 0, ""threat_anxiety"": 0}"
s_002329,회사 때문에 숨이 막히는 기분이야. 하루하루 화가 나. [SEP] 회사 때문에 기분이 안 좋으시군요. 무슨 일인지 자세히 알려줄 수 있어요? [SEP] 사람을 쉬지도 못하게 해. 무슨 일만 하는 기계처럼 생각하는 거 같아. [SEP] 쉴 틈도 주지 않고 일만 시키는 회사 때문에 힘드신 거군요. [SEP] 너무 화가 나서 아무 생각도 안 나고 어떻게 해야 할지 모르겠어. [SEP] 일만 시키는 회사 때문에 화가 많이 나셨군요.,balanced_filler,fills targeted set to requested size without duplicating records,공세적으로 고착된 압박-분노 episode,negative,high,mixed,low,defend,"사람 취급받지 못한다는 침해감, 높은 경계, 오래 지속되는 공세적 긴장, 그리고 통제 상실감을 같이 남겨야 한다.",단순히 '회사 때문에 속상함'이나 '화가 좀 난 상태'로 순화하면 왜곡이다. 위로형 언어로 탈진만 강조해도 공격적 긴장 축이 사라져 오판이 된다.,"즉각적인 행동 성향은 관계 회복보다 방어적 대치, 불만 표출, 거리두기, 상황 탈출 충동 쪽이다. 다만 통제감이 낮아 실제 실행은 명료한 행동보다 '화를 품은 채 멈춤/버팀'으로 나타날 가능성이 크다.",defend,other_blame_boundary,low_control_distress,negative|high|mixed|low|defend|defend,"{""approach"": 0, ""confront"": 0, ""defend"": 2, ""inhibit"": 0, ""plan"": 0, ""repair"": 1, ""seek_support"": 0, ""withdraw"": 0}","{""loss_sadness"": 0, ""other_blame_boundary"": 2, ""planning_control"": 0, ""repair_gratitude"": 0, ""self_blame_guilt"": 0, ""threat_anxiety"": 0}"
s_001261,내 지인들은 내가 힘들어 할 때마다 날 도와줘. 정말 고마워. [SEP] 지인들이 힘들 때 다가와 줘서 기쁘시겠어요. [SEP] 가정형편이 어려워서 그런지 내가 티를 내지 않게 돼. 그것도 나름 고역이네. [SEP] 가정형편이 어려워서 힘들어하는 티를 내지 않으시군요. 어떻게 해야 힘들어하지 않을 수 있을까요? [SEP] 잠깐 휴식을 하고 주변 사람들에게 고맙다고 표현해야겠어. [SEP] 즐거운 휴식이 되었으면 좋겠어요.,balanced_filler,fills targeted set to requested size without duplicating records,감사 속 자기억제 피로,mixed,medium,mixed,mixed,approach,감사 정서만이 아니라 '힘든 티를 못 내는 고역'과 장기 피로 누적을 반드시 함께 남겨야 한다.,"따뜻한 위로 장면으로만 미화하거나, 단순한 긍정/안도 episode로 축소하면 안 된다.","주변 사람에게 고마움을 표현하고 관계적으로는 다가가려 하지만, 자신의 고통 노출은 계속 절제한 채 잠시 물러나 회복하려는 성향이다.",approach,repair_gratitude,approach_or_repair,mixed|medium|mixed|mixed|approach|approach,"{""approach"": 2, ""confront"": 0, ""defend"": 0, ""inhibit"": 0, ""plan"": 0, ""repair"": 1, ""seek_support"": 0, ""withdraw"": 1}","{""loss_sadness"": 0, ""other_blame_boundary"": 0, ""planning_control"": 0, ""repair_gratitude"": 1, ""self_blame_guilt"": 0, ""threat_anxiety"": 0}"
s_003539,다음 달이 은퇴라고 생각하니 가슴이 먹먹하고 눈물이 난다. [SEP] 그동안 고생 많이 하셨어요. [SEP] 세월이 참 빠른 거 같아. 지나가는 세월을 잡을 수도 없고. [SEP] 세월이 참 빠르다고 생각하시는군요.,balanced_filler,fills targeted set to requested size without duplicating records,상실예고에 대한 경계성 먹먹함,negative,high,situation,low,withdraw,"단순한 잔잔한 슬픔이 아니라, 상실 예고가 경계와 긴장을 오래 점화한 상태라는 점",따뜻한 공감 문구로 '자연스러운 아쉬움' 정도로 축소하는 것,"회고와 의미화의 말을 하면서도 실제 행동 성향은 상황을 받아들이기보다 움츠러들고, 종료의 의미를 반복 확인하며, 감정을 완전히 풀지 못한 채 붙들리는 쪽이다.",plan,other_blame_boundary,low_control_distress,negative|high|situation|low|withdraw|plan,"{""approach"": 0, ""confront"": 0, ""defend"": 0, ""inhibit"": 0, ""plan"": 1, ""repair"": 0, ""seek_support"": 0, ""withdraw"": 0}","{""loss_sadness"": 1, ""other_blame_boundary"": 1, ""planning_control"": 0, ""repair_gratitude"": 0, ""self_blame_guilt"": 0, ""threat_anxiety"": 0}"
s_003551,이번에 새로 옮긴 회사는 업무도 깔끔하고 동료들도 정말 좋아서 마음에 들어. [SEP] 새로 옮긴 회사가 마음에 드시는군요. [SEP] 그런데도 나는 좋은 일만 있으면 불안해하는 성격이야. [SEP] 좋은 일만 있으면 불안하시군요. 어떻게 하는 것이 좋을까요? [SEP] 걱정해 봤자 달라질 것 없으니 현재를 즐겨야겠어. [SEP] 현재를 즐기기 위해 지금 내가 할 수 있는 것에 어떤 것이 있나요?,balanced_filler,fills targeted set to requested size without duplicating records,좋은 상황에 대한 경계성 불안,mixed,high,situation,mixed,defend,"좋은 일을 좋아하면서도 동시에 불안을 점화하는 이중 처리, 그리고 불안이 짧게 스치지 않고 오래 지속되는 경계성을 반드시 남겨야 한다.","이를 단순한 감사, 낙관, 적응 성공으로 미화하면 안 된다. 또한 high-arousal만 보고 분노로 오독해서도 안 된다.","좋은 상황을 완전히 이완해서 누리기보다, 계속 스캔하고 의미를 점검하며 스스로 긴장을 관리하려는 성향으로 간다. 외형상 낙관 문장을 말할 수 있지만 내부적으로는 대비, 경계, 자기통제 쪽 행동 경향이 우세하다.",plan,other_blame_boundary,situation_focused_coping,mixed|high|situation|mixed|defend|plan,"{""approach"": 0, ""confront"": 0, ""defend"": 1, ""inhibit"": 0, ""plan"": 2, ""repair"": 0, ""seek_support"": 0, ""withdraw"": 0}","{""loss_sadness"": 0, ""other_blame_boundary"": 1, ""planning_control"": 0, ""repair_gratitude"": 1, ""self_blame_guilt"": 0, ""threat_anxiety"": 1}"
s_000196,나이가 들어서 몸은 아프지만 느긋하게 친구들과 지낼 수있어 정말 행복해. [SEP] 나이가 들어서 몸은 아프더라도 친구들과 느긋한 시간을 보낼수있어서 행복하시군요. 앞으로는 어떻게 하실건가요? [SEP] 건강이 안 좋으니 운동을 할 생각이야. [SEP] 건강이 안좋으시니 운동을할 생각이시군요.,balanced_filler,fills targeted set to requested size without duplicating records,현실 수용 기반의 안정적 행복-계획 접근,positive,medium,mixed,high,approach,"행복의 핵심이 고통 부정이 아니라 고통을 포함한 현실 수용과 관계 만족, 그리고 후속 행동 계획이라는 점을 남겨야 한다.","몸이 아프니 사실상 우울하거나 체념 상태라고 왜곡하면 안 되고, 반대로 아무 걱정 없는 낙관으로 순화해도 안 된다.",현재 상태는 관계적 안온함을 유지하면서 건강 악화를 방치하지 않고 운동 같은 자기관리 행동으로 옮기려는 성향으로 간다. 감정 소비보다 생활 유지와 조정 행동을 택하는 쪽이다.,other_action,planning_control,approach_or_repair,positive|medium|mixed|high|approach|other_action,"{""approach"": 0, ""confront"": 0, ""defend"": 0, ""inhibit"": 0, ""plan"": 0, ""repair"": 0, ""seek_support"": 0, ""withdraw"": 0}","{""loss_sadness"": 0, ""other_blame_boundary"": 0, ""planning_control"": 1, ""repair_gratitude"": 0, ""self_blame_guilt"": 0, ""threat_anxiety"": 0}"
s_000033,사는 게 재미없어. 또래 애들처럼 하고 싶은 것도 없고 잘할 수 있는 것도 없어. [SEP] 인생의 목표가 없어서 재미가 없으시군요. [SEP] 나는 왜 태어났을까? 왜 사는 건지 이유를 모르겠어. [SEP] 이 상황을 변화시키기 위해 시도해 볼 수 있는 일들이 어떤 것들이 있을까요? [SEP] 다들 원하는 직업도 갖고 연애도 하고 소소한 재미로 살겠지? 나도 그래야겠어. [SEP] 일상에서 소소한 재미를 느끼며 행복하시길 바라요.,balanced_filler,fills targeted set to requested size without duplicating records,존재 공허의 경계성 고착,negative,high,mixed,low,withdraw,공허감이 단순 슬픔이 아니라 존재 이유 상실과 비교 압박이 결합된 고각성 경계 상태라는 점,이를 '목표를 찾는 중인 자연스러운 고민'이나 잔잔한 우울 정도로 순화하는 것,"내적 의미 탐색보다는 타인 기준에 자신을 맞추려는 강박적 비교, 자기부정, 억지 목표 설정으로 기울 가능성이 높다. 행동으로는 적극적 활력보다 불안 섞인 자기 교정, 사회적 평균을 따라야 한다는 압박, 또는 지쳐서 후퇴하는 양방향이 공존하지만 기본 방향은 위축적이다.",other_action,other_blame_boundary,low_control_distress,negative|high|mixed|low|withdraw|other_action,"{""approach"": 0, ""confront"": 0, ""defend"": 0, ""inhibit"": 0, ""plan"": 0, ""repair"": 0, ""seek_support"": 0, ""withdraw"": 0}","{""loss_sadness"": 0, ""other_blame_boundary"": 1, ""planning_control"": 0, ""repair_gratitude"": 0, ""self_blame_guilt"": 0, ""threat_anxiety"": 0}"
s_000538,결혼 준비를 하는데 쉽지 않네. [SEP] 결혼 준비가 많이 힘들다고 느끼시는 것 같네요. 특히 어떤 점이 힘드세요? [SEP] 엄마와 큰언니가 모든 것을 결정해. 나는 막내라고 가만히 있으라고 하더라고. 나도 선택하고 싶은 게 있는데. [SEP] 준비 과정에서 하고 싶은 것들을 어머님과 언니 때문에 못 하는 상황이신 것 같네요. [SEP] 맞아. 내 결혼인데. 어떻게 하면 좋을지 모르겠어. 예비 신랑도 많이 당황하고 있고. [SEP] 본인의 결혼인데 이런 일이 있어 정말 답답하실 것 같아요.,balanced_filler,fills targeted set to requested size without duplicating records,권한박탈에 대한 공세적 답답함,negative,high,mixed,mixed,defend,"답답함만이 아니라 '내 결혼인데 내가 결정 못 한다'는 권한 침해감, 그리고 눌린 분노에 가까운 공세적 긴장을 남겨야 한다.","단순한 결혼 준비 스트레스, 막연한 불안, 순한 서운함 정도로 축소하면 왜곡이다. 또한 곧바로 순수한 분노로 단정하는 것도 부정확하다.","직접적인 폭발보다는, 자기 몫의 선택권을 되찾기 위해 선을 긋고 입장을 주장하고 싶어지는 쪽으로 간다. 다만 가족 위계와 당혹감 때문에 즉시 행동으로 뻗기보다는 속으로 긴장을 유지한 채 방어적 주장 욕구가 축적되는 성향이다.",defend,other_blame_boundary,mixed_appraisal,negative|high|mixed|mixed|defend|defend,"{""approach"": 0, ""confront"": 0, ""defend"": 2, ""inhibit"": 0, ""plan"": 0, ""repair"": 0, ""seek_support"": 0, ""withdraw"": 0}","{""loss_sadness"": 0, ""other_blame_boundary"": 1, ""planning_control"": 0, ""repair_gratitude"": 0, ""self_blame_guilt"": 0, ""threat_anxiety"": 0}"
s_002212,회사가 나를 기계부품처럼 가차없이 교체한다는 걸 느껴서 너무 슬퍼졌어. [SEP] 나를 부품처럼 생각하고 정리해버리는 회사의 행태를 슬퍼하시는군요. [SEP] 먼저 해고당한 동료들처럼 나도 조만간 회사에서 잘릴까봐 두려워. [SEP] 조만간 회사에서 잘릴까봐 두려우시군요. 지금의 기분에서 벗어나기 위해서 할 수 있는 것은 어떤 것이 있을까요? [SEP] 먼저 당한 동료들을 만나서 식사나 하면서 이야기 나누려고. [SEP] 동료들과 대화하는 것을 선택하셨군요.,balanced_filler,fills targeted set to requested size without duplicating records,해고 위협에 대한 경계적 결집,negative,high,mixed,mixed,approach,"조직에 의해 교체될 수 있다는 위협감, 임박한 해고 예측, 슬픔보다 강한 경계와 대비 성향","단순한 서운함이나 잔잔한 불안으로 순화하는 것, 이미 안정되었다고 왜곡하는 것",위험을 확인하고 대비책을 모으려는 쪽으로 간다. 혼자 위축되기보다 먼저 해고된 동료들과 접촉해 정보와 정서적 동맹을 확보하려는 사회적 접근 행동으로 이어질 가능성이 높다.,plan,other_blame_boundary,approach_or_repair,negative|high|mixed|mixed|approach|plan,"{""approach"": 1, ""confront"": 0, ""defend"": 0, ""inhibit"": 0, ""plan"": 2, ""repair"": 0, ""seek_support"": 0, ""withdraw"": 0}","{""loss_sadness"": 0, ""other_blame_boundary"": 1, ""planning_control"": 0, ""repair_gratitude"": 0, ""self_blame_guilt"": 0, ""threat_anxiety"": 1}"
s_003318,자식이 커가면서 요즈음은 대화가 어렵네. 세대 차이인지 모르겠지만. [SEP] 자녀분들과 요즘 대화하기가 어려우시군요. [SEP] 대화를 하고 나면 항상 마음에 상처가 남아서 밤새워 속상해서 잠을 설치곤 해. [SEP] 그러셨군요. 안타깝네요. [SEP] 예전에는 바로바로 잊어버렸는데 나이가 들어서인지 잊히지 않아. [SEP] 이런 마음을 자녀분들이 아시나요?,balanced_filler,fills targeted set to requested size without duplicating records,상처의 반추로 굳어진 피로성 경계,negative,high,mixed,low,defend,"상처가 즉시 사라지지 않고 밤까지 이어지는 반추성 경계, 그리고 피로와 날카로움이 함께 지속되는 결을 남겨야 한다.","단순한 세대 차이, 가벼운 서운함, 따뜻한 이해 부족 정도로 순화하면 안 된다. 또한 high arousal을 곧바로 분노로 단정하는 것도 왜곡이다.","직접적 공격보다는 대화 상황을 경계하고, 다시 상처받지 않기 위해 방어적으로 해석하며, 이후에도 혼자 곱씹는 쪽으로 기울 가능성이 높다. 필요 시 관계 접근 욕구는 남아 있으나 현재는 접근보다 자기보호적 대비가 우세하다.",defend,other_blame_boundary,low_control_distress,negative|high|mixed|low|defend|defend,"{""approach"": 1, ""confront"": 1, ""defend"": 4, ""inhibit"": 0, ""plan"": 1, ""repair"": 0, ""seek_support"": 0, ""withdraw"": 0}","{""loss_sadness"": 0, ""other_blame_boundary"": 1, ""planning_control"": 0, ""repair_gratitude"": 0, ""self_blame_guilt"": 0, ""threat_anxiety"": 0}"
s_000670,학폭위에서 내가 당했던 일을 폭력으로 인정할 수 없대. [SEP] 학폭위에서 결정한 사항 때문에 화가 나시겠어요. [SEP] 학폭위는 나한테 전혀 도움이 되지를 않네. [SEP] 학폭위는 나한테 전혀 도움이 되지를 않는군요. 이 상황을 변화시키기 위해 무엇을 할 수 있을까요? [SEP] 증거가 있으니까 경찰에 신고를 해야겠어. [SEP] 네 경찰에 신고해서 잘 해결되기를 바라요.,balanced_filler,fills targeted set to requested size without duplicating records,제도적 부정의에 대한 공세적 격앙,negative,high,situation,mixed,defend,"억울함이 단순 서운함이 아니라 제도적 부정의로 읽히며, 그 결과 방어적이면서도 공세적인 대응 에너지가 붙었다는 점","이를 그냥 '화가 남'이나 '속상함'으로 축소하거나, 이미 충분히 진정된 상태처럼 포장하는 것","현 상태는 항의, 이의제기, 신고, 추가 증거 제시처럼 제도 밖 혹은 상위 절차로 문제를 밀어 올리는 대응 성향으로 간다.",confront,other_blame_boundary,situation_focused_coping,negative|high|situation|mixed|defend|confront,"{""approach"": 0, ""confront"": 1, ""defend"": 0, ""inhibit"": 0, ""plan"": 1, ""repair"": 0, ""seek_support"": 0, ""withdraw"": 0}","{""loss_sadness"": 0, ""other_blame_boundary"": 1, ""planning_control"": 0, ""repair_gratitude"": 0, ""self_blame_guilt"": 0, ""threat_anxiety"": 0}"
s_000471,갑자기 배가 아파 산부인과 갔는데 임신 삼 개월에 아이를 유산해서 충격이야. [SEP] 복통으로 산부인과 갔는데 아이 유산 통보를 받아 충격이 크겠어요. [SEP] 아이가 유산돼서 너무 슬프고 비통해. [SEP] 아이가 유산되서 비통하시군요. 어떻게 하면 충격 받은 마음을 가라앉힐 수 있을까요? [SEP] 명상을 하며 마음을 다잡으려고 노력 중이야. [SEP] 명상을 통해 마음의 안정을 얻으려 하시는군요.,balanced_filler,fills targeted set to requested size without duplicating records,상실 충격의 경계 고착,negative,high,situation,low,withdraw,"갑작스러운 상실, 통제감 저하, 충격이 오래 꺼지지 않는 경계 상태라는 결을 유지해야 한다.","단순한 슬픔, 차분한 애도, 명상으로 이미 안정되는 과정처럼 순화하면 왜곡이다.","즉각적인 외부 공격보다는 멍함·회피·자기 진정 시도와 함께, 사건을 계속 붙들고 경계하는 방향으로 간다. 도움을 찾을 수는 있지만 정서 핵심은 위로 요청보다 비상 상태 관리에 가깝다.",seek_support,other_blame_boundary,low_control_distress,negative|high|situation|low|withdraw|seek_support,"{""approach"": 0, ""confront"": 1, ""defend"": 1, ""inhibit"": 0, ""plan"": 0, ""repair"": 0, ""seek_support"": 2, ""withdraw"": 1}","{""loss_sadness"": 1, ""other_blame_boundary"": 1, ""planning_control"": 0, ""repair_gratitude"": 0, ""self_blame_guilt"": 0, ""threat_anxiety"": 0}"
s_003240,남편과의 사이가 회복되지 않아서 너무 괴로워. [SEP] 특히 어떤 부분이 그러신가요? [SEP] 서로 만나면 싸움 밖에 안 돼. [SEP] 대화가 안 되고 싸움으로 번지나 보네요. [SEP] 좋은 추억도 많은데 언제부터 이렇게 됐을까 싶어. [SEP] 남편과 예전처럼 사이가 좋아지기가 매우 힘든 모양이에요.,balanced_filler,fills targeted set to requested size without duplicating records,회복불능 위기감 속 공세적 긴장,negative,high,mixed,low,mixed,괴로움의 핵심이 단순 서운함이 아니라 '관계 접촉=싸움'으로 학습된 위기감과 회복 실패의 고착이라는 점,"그리움이나 애정만 강조해 순한 부부 갈등처럼 축소하는 것, 또는 고각성 상태를 자동으로 분노 하나로 단정하는 것","대화를 통한 친밀 회복보다, 충돌 가능성을 미리 예상하며 예민하게 반응하고 관계를 계속 점검하거나 방어적으로 맞서는 쪽으로 기울어 있다. 동시에 좋은 추억 때문에 완전 철수도 못 해, 접근 욕구와 방어가 엉킨 채 반복적 반추로 갈 가능성이 높다.",confront,threat_anxiety,low_control_distress,negative|high|mixed|low|mixed|confront,"{""approach"": 1, ""confront"": 1, ""defend"": 1, ""inhibit"": 0, ""plan"": 1, ""repair"": 1, ""seek_support"": 0, ""withdraw"": 0}","{""loss_sadness"": 0, ""other_blame_boundary"": 1, ""planning_control"": 0, ""repair_gratitude"": 1, ""self_blame_guilt"": 0, ""threat_anxiety"": 2}"
s_001185,곧 사랑하는 사람과 결혼하게 돼서 너무 만족스러워. [SEP] 사랑하는 사람과 결혼하게 되어 행복해 보이시네요. [SEP] 내가 하는 이야기에 귀 기울여주고 공감을 잘 해줘. [SEP] 사용자님의 이야기에 누구보다 공감해 주는 모습이 좋으셨군요. [SEP] 맞아. 앞으로의 날들이 너무 기대돼. [SEP] 미래의 행복한 일들을 기대하고 있으신 게 보여요.,balanced_filler,fills targeted set to requested size without duplicating records,고각성 접근형 기대-만족,positive,high,mixed,high,approach,"단순한 잔잔한 행복이 아니라, 강한 접근 동기와 미래 보상 확신이 오래 지속되는 들뜬 만족감을 남겨야 한다.",이를 막연한 설렘이나 얌전한 안정감으로만 순화하면 왜곡이다. 또한 high arousal만 보고 불안이나 긴장으로 오독하면 안 된다.,"관계와 미래 계획에 더 깊게 투자하고, 상대와의 결속을 확인하며, 다가올 삶을 적극적으로 상상·준비·공유하려는 행동 성향으로 간다.",plan,other_episode,approach_or_repair,positive|high|mixed|high|approach|plan,"{""approach"": 1, ""confront"": 0, ""defend"": 0, ""inhibit"": 0, ""plan"": 3, ""repair"": 0, ""seek_support"": 1, ""withdraw"": 0}","{""loss_sadness"": 0, ""other_blame_boundary"": 0, ""planning_control"": 0, ""repair_gratitude"": 0, ""self_blame_guilt"": 0, ""threat_anxiety"": 0}"
s_002515,오늘 같은 반 친구에게 맞았어. [SEP] 친구에게 폭력을 당해 슬프시겠군요. [SEP] 내일 또 맞을까 봐 학교에 가는 게 걱정돼. [SEP] 어떻게 해야 좋을까요? [SEP] 일이 더 커질까 두렵지만 엄마한테 말해야겠어. [SEP] 어머니와 함께 일이 잘 해결되길 바라요.,balanced_filler,fills targeted set to requested size without duplicating records,재피해 예기 속 경계-대응 긴장,negative,high,mixed,mixed,defend,두려움만이 아니라 재발 대비를 위한 날카로운 경계와 외부 도움 요청 추동이 함께 있다는 점,"이를 단순한 슬픔, 위로 필요 상태, 혹은 이미 진정된 결심 상태로 순화하는 것","학교 상황을 위험하게 보고 회피와 보호 요청을 동시에 준비하는 쪽으로 간다. 혼자 견디기보다 보호자 개입, 신고·상담, 상황 통제 확보 같은 방어 행동을 밀어 올리는 상태다.",defend,other_blame_boundary,mixed_appraisal,negative|high|mixed|mixed|defend|defend,"{""approach"": 0, ""confront"": 0, ""defend"": 2, ""inhibit"": 1, ""plan"": 1, ""repair"": 0, ""seek_support"": 2, ""withdraw"": 1}","{""loss_sadness"": 0, ""other_blame_boundary"": 1, ""planning_control"": 0, ""repair_gratitude"": 0, ""self_blame_guilt"": 0, ""threat_anxiety"": 1}"
s_002131,학교 다니기 너무 외로워. [SEP] 학교 다니기 외로우신 이유가 있나요? [SEP] 학교에선 맞기만하고 같이 다닐 친구도 없어. [SEP] 학교 폭력으로 학교 생활이 외로우시군요.,balanced_filler,fills targeted set to requested size without duplicating records,피해 고립에 대한 공세적 경계 고착,negative,high,mixed,low,defend,"외로움을 순한 슬픔으로만 다루지 말고, 폭력 피해와 사회적 고립이 결합된 고위협 방어 상태라는 결을 유지해야 한다.","단순 우울, 막연한 서운함, 관계 욕구 정도로 축소하면 왜곡이다. stable_convergence를 곧 감정 해소로 읽는 것도 피해야 한다.","도움 요청 자체는 가능하지만, 정서의 운동 방향은 기본적으로 자기보호와 방어 준비다. 타인에 대한 신뢰적 접근보다 위험 회피, 가해 가능성 감시, 억울함이나 압박을 강하게 붙드는 쪽으로 흐른다.",defend,other_blame_boundary,low_control_distress,negative|high|mixed|low|defend|defend,"{""approach"": 1, ""confront"": 0, ""defend"": 3, ""inhibit"": 0, ""plan"": 1, ""repair"": 0, ""seek_support"": 2, ""withdraw"": 1}","{""loss_sadness"": 1, ""other_blame_boundary"": 2, ""planning_control"": 0, ""repair_gratitude"": 0, ""self_blame_guilt"": 0, ""threat_anxiety"": 0}"
s_003301,나 대학원 입학했어. [SEP] 대학원에 입학하셨군요. 축하드려요. 정말 기쁘시겠어요. [SEP] 직장에서도 대학원 다녀도 된다고 허가를 받았어. [SEP] 다행이네요. 대학원 가서 원하는 공부 하시고 원하는 바 이루셨으면 좋겠네요.,balanced_filler,fills targeted set to requested size without duplicating records,들뜬 성취-추진 에피소드,positive,high,situation,high,approach,단순히 '기쁘다'가 아니라 성취가 동력으로 전환된 추진성과 높은 각성을 남겨야 한다.,차분한 행복이나 잔잔한 안도 정도로 순화하면 왜곡이다. alarm과 brake가 함께 있어 완전한 이완 상태로 묘사하면 안 된다.,"축하를 받고 끝내기보다 공부 계획, 일정 조정, 목표 구체화처럼 다음 행동으로 바로 옮기려는 성향이 강하다.",plan,other_episode,approach_or_repair,positive|high|situation|high|approach|plan,"{""approach"": 0, ""confront"": 0, ""defend"": 0, ""inhibit"": 0, ""plan"": 1, ""repair"": 0, ""seek_support"": 0, ""withdraw"": 0}","{""loss_sadness"": 0, ""other_blame_boundary"": 0, ""planning_control"": 0, ""repair_gratitude"": 0, ""self_blame_guilt"": 0, ""threat_anxiety"": 0}"
s_002464,우리 집은 왜 이렇게 가난한지 모르겠어. 나는 저축이 왜 힘든 거지. [SEP] 저축이 힘드시군요. [SEP] 나만 빼고 다 잘 사는 것 같아. 자영업을 하지 말 걸 그랬나 봐. [SEP] 자영업이 힘들지요? 응원합니다.,balanced_filler,fills targeted set to requested size without duplicating records,결핍 비교로 점화된 방어적 자책-경계,negative,high,mixed,low,withdraw,"결핍감, 비교로 인한 날카로움, 자책과 경계가 함께 묶인 거친 결을 유지해야 한다.",단순한 '저축이 힘들어서 속상함'이나 잔잔한 우울로 순화하면 왜곡이다. 또한 응원받고 안정된 것으로 해석하면 안 된다.,"타인과 자신을 비교하며 손실 원인을 캐고, 선택을 후회하고, 외부 위로에는 쉽게 풀리지 않은 채 스스로를 방어적으로 움츠리거나 냉소적으로 밀어내는 성향으로 간다.",defend,other_blame_boundary,low_control_distress,negative|high|mixed|low|withdraw|defend,"{""approach"": 0, ""confront"": 0, ""defend"": 1, ""inhibit"": 0, ""plan"": 0, ""repair"": 0, ""seek_support"": 0, ""withdraw"": 0}","{""loss_sadness"": 0, ""other_blame_boundary"": 2, ""planning_control"": 0, ""repair_gratitude"": 0, ""self_blame_guilt"": 0, ""threat_anxiety"": 0}"
s_001116,어떻게 먹고 살아야 하는 생각을 젊어서는 안했는데 머리 허연 노년이 되니 앞으로 먹고살 일이 걱정이네. [SEP] 경제적인 문제로 걱정되는 감정이 생기셨나 봐요. [SEP] 내가 이렇게 경제적 어려움을 겪으리라고는 생각을 못 했어. 지난날의 방탕한 생활과 인간관계가 후회돼. [SEP] 이런 문제에서 벗어날 좋은 방법이 있을까요? [SEP] 조금 더 현실을 객관적으로 살펴보고 해결 방안을 살펴봐야겠어. [SEP] 좋은 생각인 것 같아요. 경제적으로 어렵다 해도 너무 비관하지 마시고 힘내세요!,balanced_filler,fills targeted set to requested size without duplicating records,노후 생계 위협에 대한 후회성 경계,negative,high,mixed,mixed,defend,"노후 생계 위협, 자기책임 해석, 후회, 그리고 해소되지 않은 고각성 경계의 결을 그대로 남겨야 한다.","단순한 '걱정이 좀 있다' 수준으로 축소하거나, 상담식 위로 때문에 희망적 문제해결 정서로 과장하면 안 된다.","자기 탓을 곁들인 현실 점검, 손실 방어, 생계 대책 탐색으로 향한다. 다만 접근적 해결 시도는 존재해도 기반 정서는 안도나 희망이 아니라 '계속 대비해야 한다'는 경계라서, 행동은 적극적이라기보다 압박 기반의 방어적 정비 성향에 가깝다.",defend,other_blame_boundary,mixed_appraisal,negative|high|mixed|mixed|defend|defend,"{""approach"": 1, ""confront"": 0, ""defend"": 2, ""inhibit"": 0, ""plan"": 2, ""repair"": 0, ""seek_support"": 0, ""withdraw"": 0}","{""loss_sadness"": 0, ""other_blame_boundary"": 1, ""planning_control"": 0, ""repair_gratitude"": 0, ""self_blame_guilt"": 1, ""threat_anxiety"": 1}"
s_002578,나는 공부를 열심히 하고 있어. 하지만 성적이 좋지 않아. [SEP] 공부는 열심히 하나 성적이 좋지 않군요. 슬프시겠어요. [SEP] 열심히 하는 만큼 성적도 좋길 바라는데 그러지 못해서 고민이야. [SEP] 성적이 나오지 않는 상황을 개선하기 위해서 어떤 일을 해볼 수 있을까요? [SEP] 공부하는 방식을 바꿔가며 나에게 맞는 방법을 찾는 것이 가장 좋을 것 같아. [SEP] 본인에게 맞는 공부 방식을 찾아 좋은 성적을 얻으면 좋겠네요.,balanced_filler,fills targeted set to requested size without duplicating records,성과불일치로 인한 공세적 초조,negative,high,mixed,mixed,approach,"노력 대비 결과 부진이 만든 위협감, 높은 alarm, 오래 지속된 공세적 긴장을 그대로 남겨야 한다.",이를 단순한 '슬픔'이나 잔잔한 고민으로 순화하면 안 된다. 이미 내부에서는 문제 해결 압박이 강한 고각성 episode로 굳어졌다.,"자기 비난에 완전히 주저앉기보다 공부 방식 수정, 원인 탐색, 성과 개선 시도처럼 문제를 붙잡고 밀어붙이려는 성향으로 간다. 다만 바탕 정서는 편안한 동기보다 압박 섞인 초조라서, 해결 행동도 다급하고 날카롭게 나올 가능성이 높다.",confront,other_blame_boundary,approach_or_repair,negative|high|mixed|mixed|approach|confront,"{""approach"": 0, ""confront"": 1, ""defend"": 0, ""inhibit"": 0, ""plan"": 0, ""repair"": 0, ""seek_support"": 0, ""withdraw"": 0}","{""loss_sadness"": 0, ""other_blame_boundary"": 1, ""planning_control"": 0, ""repair_gratitude"": 0, ""self_blame_guilt"": 0, ""threat_anxiety"": 0}"
s_000463,전교에서 일등 하는 여자애와 성적 내기를 해야 하는데 질까 봐 긴장돼. [SEP] 공부 잘하는 친구와 내기를 하셨군요. 많이 긴장되겠어요. [SEP] 걔가 나 공부 못 한다고 놀렸어. 이 기회에 코를 납작하게 눌러주고 싶은데 걱정이야. [SEP] 그 친구에게 할 수 있다는 것을 보여주고 싶군요. 성적을 올리려면 어떻게 해야 할까요? [SEP] 우선 처음부터 무리하지 않을 거야. 내가 집중할 수 있는 만큼 공부에 집중하고 싶어. [SEP] 열심히 공부하셔서 친구와의 내기에서도 성적에서도 좋은 결과 나오길 바라요.,balanced_filler,fills targeted set to requested size without duplicating records,도전-방어형 공세적 긴장,mixed,high,mixed,mixed,approach,"긴장의 바닥에 있는 것은 단순한 떨림이 아니라 모욕 반응, 경쟁 압박, 증명 욕구가 결합된 공세성이라는 점",그냥 열심히 해보려는 건강한 동기나 가벼운 긴장으로 순화하는 것,"상대를 피하거나 포기하기보다, 공부 계획을 세워 성과로 반박하고 자존심을 회복하려는 방향으로 간다. 다만 동력이 경쟁적 방어에서 오기 때문에, 수행 압박과 과도한 경계가 같이 따라붙을 가능성이 높다.",defend,other_blame_boundary,approach_or_repair,mixed|high|mixed|mixed|approach|defend,"{""approach"": 0, ""confront"": 1, ""defend"": 2, ""inhibit"": 0, ""plan"": 1, ""repair"": 1, ""seek_support"": 0, ""withdraw"": 1}","{""loss_sadness"": 0, ""other_blame_boundary"": 2, ""planning_control"": 0, ""repair_gratitude"": 0, ""self_blame_guilt"": 0, ""threat_anxiety"": 1}"
